seq_id,frame_idx,track_id,cx,cy,bbox_x1,bbox_y1,bbox_x2,bbox_y2,conf,is_interpolated,velocity_norm,vel_px_sec,vel_px_sec_smooth,vehicle_count,roi_occupancy,track_length_real,inter_vehicle_dist_norm,dwell_time_sec,proximity_flag,proximity_count_rolling,split,tracker
MVI_20032,11,1,501.5937476426002,334.92470691899257,469.4658638529462,292.9005867464103,533.7216314322542,376.9488270915748,0.9281,False,0.1410845352248407,0.056413494058924506,0.013347292274817964,0.2727272727272727,0.8717948717948718,318,0.29751536933925465,0.0,False,0.0,train,sort
MVI_20032,12,1,499.4888037820192,328.9580000612229,468.1971155349132,287.54309810320035,530.7804920291251,370.37290201924543,0.9204,False,0.143608289614073,0.0574229882879986,0.013467058769530029,0.22727272727272727,0.7435897435897436,318,0.28942070668960107,0.0011185682326621926,False,0.0,train,sort
MVI_20032,13,1,497.3058446346895,323.5935690811156,466.47838842473874,283.07043667680506,528.1333008446403,364.11670148542606,0.8965,False,0.131453172349681,0.05256097763257367,0.013122427985916429,0.22727272727272727,0.7435897435897436,318,0.28041520183442553,0.002237136465324385,False,0.0,train,sort
MVI_20032,14,1,495.2982178420159,318.86548132269684,465.2087556527322,279.1363969689408,525.3876800312996,358.59456567645293,0.8718,False,0.1165884363747815,0.04661512757386956,0.01259740447597226,0.2727272727272727,0.8717948717948718,318,0.27339430852116353,0.0033557046979865775,False,0.0,train,sort
MVI_20032,15,1,493.38985093318456,313.800951534907,463.9664712672432,275.0157273461938,522.813230599126,352.5861757236203,0.9138,False,0.1228409950604934,0.04911613240108396,0.012401078153565712,0.2727272727272727,0.8717948717948718,318,0.2665682425587375,0.00447427293064877,True,0.02,train,sort
MVI_20032,16,1,491.5554465369649,308.7234321259121,462.70476903297777,270.2988676506512,520.406124040952,347.1479966011732,0.8814,False,0.1225363944452608,0.048994293063404463,0.012048992258983555,0.2727272727272727,0.8717948717948718,318,0.25911085316874805,0.005592841163310963,True,0.04,train,sort
MVI_20032,17,1,489.5268872499181,304.7734692667357,461.0912536222134,267.44286275313374,517.9625208776228,342.10407578033767,0.8706,False,0.1007852743954089,0.04029390991205382,0.011236114041099438,0.2727272727272727,0.8717948717948718,318,0.2526757828882204,0.006711409395973155,True,0.06,train,sort
MVI_20032,18,1,487.3249568138318,300.7514622576072,458.936329958756,264.1947015257827,515.7135836689076,337.3082229894317,0.8935,False,0.1040739895016108,0.041609386146565536,0.010716394884309127,0.22727272727272727,0.7435897435897436,318,0.24719239074603694,0.007829977628635349,True,0.08,train,sort
MVI_20032,19,1,485.47003299682194,295.6980182727583,457.7177034128819,259.4992789484442,513.2223625807619,331.8967575970724,0.9053,False,0.1221823011345598,0.0488526567951402,0.010822579159138786,0.22727272727272727,0.7435897435897436,318,0.24009992854582457,0.00894854586129754,True,0.1,train,sort
MVI_20032,20,1,483.82138386217656,291.5283806098154,456.6104310072491,255.76640043248628,511.032336717104,327.2903607871445,0.8921,False,0.1017686949771127,0.040687275211869975,0.010422578980472427,0.22727272727272727,0.7435897435897436,318,0.23380023598715155,0.010067114093959733,True,0.12,train,sort
MVI_20032,21,1,482.2804537939919,288.19485469387075,455.5954221956956,253.6465884970611,508.9654853922882,322.7431208906804,0.8745,False,0.0833545364572078,0.033321666720643295,0.009678818207624383,0.22727272727272727,0.7435897435897436,318,0.2286035347325121,0.011185682326621926,True,0.14,train,sort
MVI_20032,22,1,480.6778898212781,284.1142832414744,454.4167027114742,250.005104649028,506.939076931082,318.2234618339209,0.8793,False,0.099504404407197,0.0397815657367209,0.0096545043822657,0.22727272727272727,0.7435897435897436,318,0.2218653596642599,0.012304250559284118,True,0.16,train,sort
MVI_20032,23,1,479.2642588678688,280.92925124452955,453.2982541603083,247.6717870856853,505.2302635754292,314.1867154033738,0.8391,False,0.0790920613052586,0.03161668937188731,0.009180290570653737,0.22727272727272727,0.7435897435897436,318,0.2176120989927352,0.01342281879194631,True,0.18,train,sort
MVI_20032,24,1,478.0157185570204,277.1813244451197,452.5345844955301,244.84256356093164,503.4968526185106,309.52008532930773,0.8946,False,0.0896637586718412,0.035845336790438054,0.008563014680333837,0.2727272727272727,0.8717948717948718,318,0.21275559237664804,0.014541387024608502,True,0.2,train,sort
MVI_20032,25,1,476.39894650714746,274.16963416225553,451.21698521346417,242.27752113552032,501.5809078008307,306.06174718899075,0.8827,False,0.0775843025966681,0.031013590385055488,0.008103939912281123,0.2727272727272727,0.8717948717948718,318,0.20882624408281403,0.015659955257270698,True,0.22,train,sort
MVI_20032,26,1,474.834371717861,270.3682928127675,449.9948804712456,238.29192672609847,499.6738629644764,302.4446588994365,0.899,False,0.0933023583886294,0.03730076582571977,0.0082927721960928,0.22727272727272727,0.7435897435897436,318,0.20267019307645207,0.016778523489932886,True,0.24,train,sort
MVI_20032,27,1,473.4743112135802,267.8891587659377,449.1416246668051,236.76461056514208,497.8069977603553,299.0137069667333,0.835,False,0.0641810289616562,0.0256523209037722,0.007622254196946672,0.22727272727272727,0.7435897435897436,318,0.1986377615829641,0.01789709172259508,True,0.26,train,sort
MVI_20032,28,1,472.0448498653682,264.6954783962661,447.943531582695,233.94520920556272,496.1461681480414,295.44574758696945,0.8676,False,0.0794176290858918,0.03174691551319643,0.007628434213836428,0.22727272727272727,0.7435897435897436,318,0.1935579133246046,0.019015659955257273,True,0.28,train,sort
MVI_20032,29,1,470.68042856709474,260.7293585968206,446.7701138570322,229.6438477658532,494.5907432771573,291.8148694277879,0.8725,False,0.0951981155594726,0.038059063040320876,0.007733488893918641,0.22727272727272727,0.7435897435897436,318,0.18676203900493266,0.020134228187919465,True,0.3,train,sort
MVI_20032,30,1,469.4627370480535,258.8686574876608,446.00393008680015,229.01923157798728,492.9215440093069,288.7180833973342,0.8594,False,0.0504726529293855,0.020169011373495464,0.007218848125329466,0.22727272727272727,0.7435897435897436,318,0.18414730886253844,0.021252796420581657,True,0.32,train,sort
MVI_20032,31,1,468.3025328122623,255.947978190916,445.18865097296,226.8475381037005,491.4164146515646,285.0484182781314,0.8934,False,0.0713303005625609,0.028512008222787526,0.00680176849845824,0.22727272727272727,0.7435897435897436,318,0.18075522467500094,0.022371364653243853,True,0.34,train,sort
MVI_20032,32,1,467.1174281160291,253.37494434480112,444.2747131020793,224.69595803676805,489.96014312997886,282.0539306528342,0.8553,False,0.0642977369350292,0.025699003745062014,0.006803983881212672,0.22727272727272727,0.7435897435897436,318,0.17771772051808193,0.02348993288590604,True,0.36,train,sort
MVI_20032,33,1,466.07841043894473,250.564344167874,443.5179891243433,222.2414924899228,488.6388317535462,278.88719584582526,0.9132,False,0.068012469703683,0.02718488577403761,0.006587488018276487,0.22727272727272727,0.7435897435897436,318,0.17442895374336959,0.024608501118568236,True,0.38,train,sort
MVI_20032,34,1,464.8351042955642,247.13776200928908,442.61727008026537,219.4079738162516,487.0529385108629,274.8675502023266,0.9085,False,0.0827354773669917,0.03307404493078316,0.006350918802579992,0.22727272727272727,0.7435897435897436,318,0.16975720897090607,0.02572706935123043,True,0.4,train,sort
MVI_20032,35,1,464.01649968185086,244.38820423150776,442.241970460053,217.23227692972512,485.7910289036488,271.54413153329045,0.8815,False,0.065114620523516,0.026025754744256353,0.006628856646598184,0.22727272727272727,0.7435897435897436,318,0.16689095722331132,0.02684563758389262,True,0.42,train,sort
MVI_20032,36,1,463.0447561051676,241.6384479907971,441.5748061961387,214.83439425267736,484.5147060141965,268.4425017289168,0.8639,False,0.0661945641840659,0.026457728987749205,0.006531368690330822,0.22727272727272727,0.7435897435897436,318,0.1637137664180281,0.027964205816554812,True,0.44,train,sort
MVI_20032,37,1,462.01170753134176,238.46889361918497,440.7754073605389,211.8470096258044,483.2480077021446,265.09077761256555,0.8633,False,0.0756649289826904,0.030245846663632156,0.006747143846911158,0.22727272727272727,0.7435897435897436,318,0.16020831595340013,0.029082774049217004,True,0.46,train,sort
MVI_20032,38,1,460.788551673921,235.8072410827778,439.79417585037805,209.56871780920807,481.7829274974639,262.0457643563475,0.867,False,0.0664860020963006,0.026574303283484788,0.0067181680201971634,0.22727272727272727,0.7435897435897436,318,0.15718366883195034,0.0302013422818792,True,0.48,train,sort
MVI_20032,39,1,459.5631874545701,233.3549830354892,438.6389557499041,207.7024283738592,480.487419159236,259.0075376971192,0.8807,False,0.0622215483646969,0.024868534508767737,0.00632876699450949,0.22727272727272727,0.7435897435897436,318,0.15401427045883204,0.031319910514541395,True,0.5,train,sort
MVI_20032,40,1,458.479859275429,230.68429722493616,437.5810307185245,205.09544570222408,479.3786878323335,256.27314874764824,0.9039,False,0.065414499554637,0.026145705462372448,0.00633445938051159,0.2727272727272727,0.8717948717948718,318,0.15107847151299958,0.03243847874720358,True,0.52,train,sort
MVI_20032,41,1,457.5403299049637,227.7974023167008,436.8476033648928,202.17268337922965,478.2330564450344,253.4221212541719,0.9056,False,0.0689073770808393,0.02754284605600862,0.006385954738830523,0.2727272727272727,0.8717948717948718,318,0.1470623123279366,0.03355704697986577,True,0.54,train,sort
MVI_20032,42,1,456.6152632192127,225.7678623961171,436.11945621048426,200.4750811185629,477.1110702279411,251.06064367367128,0.9101,False,0.0506245034652287,0.020229751134967288,0.005910630515028022,0.2727272727272727,0.8717948717948718,318,0.14352177270782573,0.03467561521252797,True,0.56,train,sort
MVI_20032,43,1,455.78303589533925,224.33953924119643,435.54916071922975,199.75723006959072,476.0169110714488,248.9218484128021,0.9012,False,0.0375206652140804,0.014988254914220211,0.005360802547403493,0.2727272727272727,0.8717948717948718,318,0.14170014918347534,0.03579418344519016,True,0.58,train,sort
MVI_20032,44,1,454.8906357741084,222.40217447243992,434.9071836570941,197.9572813889416,474.8740878911228,246.8470675559383,0.8546,False,0.0484136763577963,0.019345426885366886,0.005098697734549271,0.2727272727272727,0.8717948717948718,318,0.13910341453899544,0.03691275167785235,True,0.6,train,sort
MVI_20032,45,1,454.12372597620754,220.1169105695216,434.3479207300628,196.0623138535104,473.89953122235227,244.17150728553287,0.8832,False,0.054712129099566,0.021864789198134036,0.004895542403748041,0.31818181818181823,1.0,318,0.13660201778502062,0.03803131991051455,True,0.62,train,sort
MVI_20032,46,1,453.38420735863343,218.16057101173664,433.7407258299461,194.48850466665584,473.0276888873208,241.8326373568174,0.8735,False,0.0474701665637984,0.018968025781606716,0.004488615395163557,0.31818181818181823,1.0,318,0.13482554427420324,0.039149888143176735,True,0.64,train,sort
MVI_20032,47,1,452.5344936608908,216.0228705038045,433.1666140471917,192.5252863427762,471.9023732745898,239.52045466483287,0.867,False,0.0522125095906785,0.02086494884922015,0.004518759362902711,0.31818181818181823,1.0,318,0.1319195889985496,0.04026845637583893,True,0.66,train,sort
MVI_20032,48,1,451.699141407811,214.33458974826627,432.6042245406864,191.48328774656483,470.7940582749357,237.1858917499677,0.9114,False,0.0427535377896701,0.017081388338406132,0.004618091185100184,0.31818181818181823,1.0,318,0.13007170545295232,0.04138702460850112,True,0.68,train,sort
MVI_20032,49,1,450.9858887863352,212.4238306829309,432.19563989699,190.1031458628322,469.77613767568033,234.74451550302965,0.9054,False,0.046292043582293,0.018496780102532927,0.004577817769957666,0.31818181818181823,1.0,318,0.12827479139338938,0.042505592841163314,True,0.7000000000000001,train,sort
MVI_20032,50,1,450.1572208629264,210.0781956992253,431.66163438750266,187.78836418913016,468.65280733835,232.36802720932045,0.9051,False,0.0564642173493126,0.02256561927276178,0.004611076389575114,0.31818181818181823,1.0,318,0.1249575447547296,0.04362416107382551,True,0.72,train,sort
MVI_20032,51,1,449.33706439919774,208.14700120961848,431.0398600911795,186.15594883917151,467.634268707216,230.13805358006545,0.9124,False,0.0476219475835675,0.01902873773685625,0.004613957538514031,0.31818181818181823,1.0,318,0.12374704549304573,0.044742729306487705,True,0.74,train,sort
MVI_20032,52,1,448.5217113338639,205.49800927769644,430.2405425746348,183.0714652046929,466.80288009309294,227.9245533507,0.9249,False,0.0629085676319215,0.02514334016675291,0.004816993045344976,0.31818181818181823,1.0,318,0.12103316874231261,0.04586129753914989,True,0.76,train,sort
MVI_20032,53,1,447.6538460102759,203.3117204055993,429.4846885217286,181.2710848448663,465.82300349882325,225.35235596633223,0.8989,False,0.0533895273212582,0.021335752431219896,0.0050188883152535585,0.2727272727272727,0.8717948717948718,318,0.11925309985845893,0.04697986577181208,True,0.78,train,sort
MVI_20032,54,1,446.5883152952446,201.070174412518,428.3928325867766,179.3128971988053,464.7837980037127,222.82745162623064,0.8624,False,0.0563326367741089,0.022512987435094434,0.0052094816085699385,0.2727272727272727,0.8717948717948718,318,0.1167355725819942,0.04809843400447428,True,0.8,train,sort
MVI_20032,55,1,445.74740292119895,198.72502438968505,427.5787274911408,177.15682372166137,463.9160783512572,220.29322505770864,0.878,False,0.0565470380549209,0.022598747308008083,0.005211053733915038,0.2727272727272727,0.8717948717948718,318,0.11388906977886831,0.04921700223713647,True,0.8200000000000001,train,sort
MVI_20032,56,1,444.9829749596955,196.51326533168168,426.8314973375884,175.18655844034515,463.1344525818026,217.8399722230181,0.8688,False,0.0531146810685254,0.021225814749803604,0.005315318307153662,0.2727272727272727,0.8717948717948718,318,0.11166691970954559,0.05033557046979866,True,0.84,train,sort
MVI_20032,57,1,444.4014409110898,194.422171697684,426.4426855379749,173.16261409261222,462.3601962842047,215.6817293027557,0.867,False,0.0492633169839424,0.019685280601933298,0.005056300417528808,0.2727272727272727,0.8717948717948718,318,0.11023183684841865,0.05145413870246086,True,0.86,train,sort
MVI_20032,58,1,443.61692662556425,192.66790489965467,425.8367691588154,171.94066770633745,461.3970840923132,213.3951420929719,0.8568,False,0.0436172664017567,0.017426877207334032,0.004870800680988051,0.2727272727272727,0.8717948717948718,318,0.10882591143450027,0.052572706935123045,True,0.88,train,sort
MVI_20032,59,1,442.8660034108533,190.8119497041867,425.167202702726,170.40156334612573,460.5648041189805,211.22233606224768,0.8761,False,0.0454425123260645,0.018156970133607345,0.004664081352405968,0.2727272727272727,0.8717948717948718,318,0.1064582468933433,0.05369127516778524,True,0.9,train,sort
MVI_20032,60,1,442.0526307182057,188.36063437228145,424.5711125711032,167.76050997021895,459.5341488653082,208.960758774344,0.8817,False,0.0586210668676463,0.023428352647700653,0.004703451136072991,0.2727272727272727,0.8717948717948718,318,0.10398873361376139,0.05480984340044743,True,0.92,train,sort
MVI_20032,61,1,441.344040795591,186.476486923558,424.1397714386505,165.8895966027672,458.5483101525315,207.06337724434863,0.8632,False,0.0456892984916926,0.01825568386386567,0.004562500487797926,0.2727272727272727,0.8717948717948718,318,0.1024228664633547,0.055928411633109625,True,0.9400000000000001,train,sort
MVI_20032,62,1,440.7642016165155,184.1903202576896,423.6985666446527,163.6524091754321,457.8298365883783,204.7282313399471,0.898,False,0.0535327332841025,0.021393034389272973,0.004643543718774501,0.2727272727272727,0.8717948717948718,318,0.10086946391935031,0.05704697986577182,True,0.96,train,sort
MVI_20032,63,1,440.24473163594223,181.6117951143096,423.2854804659475,161.04762673660625,457.2039828059369,202.17596349201293,0.8848,False,0.0597013573445768,0.023860465616711412,0.00494885634365915,0.22727272727272727,0.7435897435897436,318,0.09913035390651703,0.05816554809843401,True,0.98,train,sort
MVI_20032,64,1,439.3891427382136,179.4322086134227,422.5362569510114,159.1467071226604,456.2420285254158,199.71771010418504,0.8702,False,0.0531457162085264,0.02123822871324756,0.0050950806721423185,0.22727272727272727,0.7435897435897436,318,0.09727647716885016,0.059284116331096204,True,1.0,train,sort
MVI_20032,65,1,438.66511759797527,177.9341129393439,421.9791049730983,158.18622767366816,455.3511302228522,197.6819982050196,0.8618,False,0.0377655932398766,0.015086225394087317,0.004699196352714904,0.22727272727272727,0.7435897435897436,318,0.09562470493799194,0.0604026845637584,True,1.0,train,sort
MVI_20032,66,1,437.971715069689,176.54690291649882,421.4687997598255,157.1630935823058,454.4746303795526,195.93071225069187,0.8652,False,0.0352002443294195,0.014060093480571044,0.0045000902502795375,0.22727272727272727,0.7435897435897436,318,0.09412990241016826,0.061521252796420595,True,1.0,train,sort
MVI_20032,67,1,437.2143123705887,174.74054732388777,420.9367691695445,155.1858746562902,453.49185557163287,194.2952199914853,0.7742,False,0.0444575885067725,0.01776300354323904,0.004327823363513911,0.22727272727272727,0.7435897435897436,318,0.09199104077897981,0.06263982102908279,True,1.0,train,sort
MVI_20032,68,1,436.5680931360186,173.3027764169035,420.6246821158135,153.74610679462086,452.5115041562237,192.85944603918617,0.7756,False,0.0357781739105372,0.014291263589452763,0.003873706935311039,0.22727272727272727,0.7435897435897436,318,0.09029234491474854,0.06375838926174497,True,1.0,train,sort
MVI_20032,69,1,435.89671918661554,172.61597703332848,420.1147444865493,153.35225572354793,451.6786938866818,191.879698343109,0.7948,False,0.0217992733717241,0.008699745063347088,0.0032786801615055238,0.22727272727272727,0.7435897435897436,318,0.08845137678022363,0.06487695749440715,True,1.0,train,sort
MVI_20032,70,1,435.1105053930501,172.2923574485411,419.4115395200446,153.73806764022245,450.80947126605565,190.8466472568597,0.8436,False,0.0192975171121228,0.007699050020520096,0.0029281140760998017,0.22727272727272727,0.7435897435897436,318,0.08801792191851494,0.06599552572706935,True,1.0,train,sort
MVI_20032,71,1,434.42458122176106,171.10587062204422,418.9026946507517,152.74310114786118,449.9464677927704,189.4686400962273,0.8508,False,0.0311063957143266,0.012422566243660942,0.0028504035190656577,0.22727272727272727,0.7435897435897436,318,0.08886946074776347,0.06711409395973154,True,1.0,train,sort
MVI_20032,72,1,433.9594007368245,170.33302062822634,418.5395367569346,152.39513472676558,449.3792647167143,188.27090652968707,0.8588,False,0.0204740281591746,0.008169650930619757,0.002395140999732956,0.22727272727272727,0.7435897435897436,318,0.08807479613323065,0.06823266219239374,True,1.0,train,sort
MVI_20032,73,1,433.1983199418544,168.5118177526838,417.62397859344367,150.39026666222432,448.7726612902652,186.6333688431433,0.8495,False,0.0448006807825107,0.01790023943032669,0.0025664086993446482,0.22727272727272727,0.7435897435897436,318,0.08733229943761324,0.06935123042505593,True,1.0,train,sort
MVI_20032,74,1,431.8100291105008,165.37762662142828,415.86540358771214,146.35142842087936,447.7546546332893,184.4038248219772,0.8596,False,0.077804028189395,0.031101479966856357,0.0036295063130172027,0.22727272727272727,0.7435897435897436,318,0.08409804523911639,0.07046979865771813,True,1.0,train,sort
MVI_20032,75,1,430.9089781941342,163.68259449522418,415.15358413568026,145.10354390512728,446.6643722525881,182.26164508532105,0.8684,False,0.0435706586470466,0.01740823424444875,0.00409026574185719,0.22727272727272727,0.7435897435897436,318,0.08296123857718896,0.07158836689038033,True,1.0,train,sort
MVI_20032,76,1,430.1307872569322,162.47340646318278,414.5733366339772,144.27899264640408,445.6882378798872,180.6678202799615,0.8608,False,0.0326376844592779,0.013035077174863198,0.00411933308472658,0.22727272727272727,0.7435897435897436,318,0.08123568299028147,0.07270693512304252,True,1.0,train,sort
MVI_20032,77,1,429.44341382651294,161.53972814535845,414.0951240790568,143.80929096713191,444.7917035739692,179.270165323585,0.8453,False,0.0263155105687029,0.010506226473317719,0.004230217705685947,0.22727272727272727,0.7435897435897436,318,0.07983022349589679,0.0738255033557047,True,1.0,train,sort
MVI_20032,78,1,428.9803763319188,160.31727022676748,413.9881776552768,142.66186048091595,443.9725750085609,177.972679972619,0.8476,False,0.0296701898848492,0.01184808819508146,0.003943006578356399,0.22727272727272727,0.7435897435897436,318,0.07812843648281774,0.0749440715883669,True,1.0,train,sort
MVI_20032,79,1,428.4121251104349,160.05705664091906,413.6815355289476,142.9918511372626,443.1427146919223,177.12226214457553,0.855,False,0.01418571915468,0.00565434608251088,0.002735386390733528,0.22727272727272727,0.7435897435897436,318,0.07719565868401031,0.0760626398210291,True,1.0,train,sort
MVI_20032,80,1,427.8525917981327,159.06946283317464,413.29773807209006,142.07116287312545,442.4074455241754,176.06776279322384,0.9143,False,0.0257633526214053,0.010285364941105062,0.0023973632246036603,0.22727272727272727,0.7435897435897436,318,0.07621388662019876,0.07718120805369127,True,1.0,train,sort
MVI_20032,81,1,427.3120466986077,157.78378230099412,412.8642657167752,140.77679287228773,441.7598276804402,174.7907717297005,0.8136,False,0.0316556952616006,0.01264228442438883,0.0023787228363705256,0.22727272727272727,0.7435897435897436,318,0.07567875462809,0.07829977628635347,True,1.0,train,sort
MVI_20032,82,1,426.59837813987417,156.94132852290926,412.28080810874735,140.1236136683885,440.915948171001,173.75904337743003,0.7695,False,0.0250602141231512,0.010004111638780596,0.002354894455011438,0.22727272727272727,0.7435897435897436,318,0.07495373207136269,0.07941834451901567,True,1.0,train,sort
MVI_20032,83,1,425.9909913817058,155.71674284841487,411.7903880583986,138.831643468681,440.191594705013,172.60184222814877,0.8164,False,0.0310258508140408,0.012390348523756518,0.0023806279825211063,0.22727272727272727,0.7435897435897436,318,0.07339562287160999,0.08053691275167786,True,1.0,train,sort
MVI_20032,84,1,425.3883095312308,154.7263964101052,411.4854088202935,137.75992904915432,439.2912102421681,171.69286377105607,0.5509,False,0.0263132987848838,0.01050534176638633,0.002610837024708102,0.22727272727272727,0.7435897435897436,318,0.07132568352019089,0.08165548098434006,True,1.0,train,sort
MVI_20032,85,1,424.8994976744305,154.80748199166976,411.0348954774602,138.8417500804638,438.76409987140073,170.77321390287574,0.6642,False,0.0112463108690566,0.004478591534489218,0.002335270557275996,0.22727272727272727,0.7435897435897436,318,0.07197003902407842,0.08277404921700224,True,1.0,train,sort
MVI_20032,86,1,424.4910728100804,154.56097737353792,410.7049099124185,138.9226793899961,438.2772357077423,170.19927535707976,0.7765,False,0.0108277061723506,0.004311150904215937,0.0019399079568956212,0.22727272727272727,0.7435897435897436,318,0.07136832437151466,0.08389261744966443,True,1.0,train,sort
MVI_20032,87,1,424.14100424577344,153.35733389840271,410.5900576962646,137.33215698437797,437.6919507952823,169.38251081242748,0.7243,False,0.0284514325989796,0.011360588915446066,0.0020042809959497612,0.22727272727272727,0.7435897435897436,318,0.06914748987402704,0.08501118568232663,True,1.0,train,sort
MVI_20032,88,1,423.4960313716703,152.09991407004077,409.7985876735553,136.0530696833398,437.1934750697853,168.14675845674176,0.7918,False,0.0320754774854176,0.012810196061994744,0.0020242052972563288,0.22727272727272727,0.7435897435897436,318,0.06774683123498769,0.08612975391498882,True,1.0,train,sort
MVI_20032,89,1,423.2054166596608,151.0714705907776,409.6641808691198,135.10273814851513,436.7466524502019,167.0402030330401,0.7766,False,0.0242569353892844,0.009682802540860362,0.0019851708433814303,0.22727272727272727,0.7435897435897436,318,0.06677218753738645,0.08724832214765102,True,1.0,train,sort
MVI_20032,90,1,422.8087780540749,149.78626599899826,409.1524019954003,133.6769681295598,436.4651541127495,165.8955638684367,0.8253,False,0.0305282463043315,0.012191308203883847,0.002351185829340465,0.22727272727272727,0.7435897435897436,318,0.06582456318804655,0.08836689038031321,True,1.0,train,sort
MVI_20032,91,1,422.3784198180086,147.91638159465268,408.81023854007833,131.67944766703104,435.9466010959388,164.1533155222743,0.8471,False,0.0435508449131596,0.01740030880998468,0.0029723454223158363,0.22727272727272727,0.7435897435897436,318,0.06499041311863628,0.08948545861297541,True,1.0,train,sort
MVI_20032,92,1,421.809005217852,146.9873516399443,408.1471097687453,131.06013435505483,435.4709006669587,162.9145689248338,0.8518,False,0.0247320128376452,0.0098728321033763,0.0029017423764602815,0.22727272727272727,0.7435897435897436,318,0.06434002772050124,0.09060402684563759,True,1.0,train,sort
MVI_20032,93,1,421.2370461213944,146.5292664064723,407.3360597693704,131.22619168108463,435.1380324734184,161.83234113185998,0.8502,False,0.0166323101803516,0.006632975196285786,0.0026085959398226993,0.22727272727272727,0.7435897435897436,318,0.06382325457383833,0.09172259507829977,True,1.0,train,sort
MVI_20032,94,1,420.7704052469737,145.3654603544288,407.0050552658393,130.50611387006202,434.53575522810814,160.22480683879556,0.8502,False,0.028459512707882,0.011363820934909634,0.0026883704149225493,0.22727272727272727,0.7435897435897436,318,0.06268109811163906,0.09284116331096197,True,1.0,train,sort
MVI_20032,95,1,420.2986654246649,144.34384375928772,406.68029976018863,129.84562286333144,433.9170310891412,158.842064655244,0.8289,False,0.0255406319165886,0.010196277323400641,0.002593694150901922,0.22727272727272727,0.7435897435897436,318,0.0615483786164798,0.09395973154362416,True,1.0,train,sort
MVI_20032,96,1,419.9387804105799,143.642691156773,406.455350134283,129.49432611656263,433.4222106868768,157.79105619698336,0.8102,False,0.0178881664866916,0.007135313973468576,0.0021065581517453625,0.22727272727272727,0.7435897435897436,318,0.060715044678331526,0.09507829977628636,True,1.0,train,sort
MVI_20032,97,1,419.597186628064,142.97616792544733,406.2872728142423,129.29841868868692,432.9071004418857,156.6539171622077,0.784,False,0.0169993310302611,0.006779782441679551,0.0019597742652078336,0.22727272727272727,0.7435897435897436,318,0.06041890647934775,0.09619686800894856,True,1.0,train,sort
MVI_20032,98,1,419.1671626038076,141.68131924070224,405.9310444719368,127.65135611734138,432.4032807356783,155.71128236406307,0.7737,False,0.0309678889764697,0.012367163961588261,0.002231896153043676,0.1818181818181818,0.6153846153846154,318,0.059042838652000385,0.09731543624161075,True,1.0,train,sort
MVI_20032,99,1,418.7274584829268,141.37395885409407,405.5942374088624,127.68658145471731,431.8606795569912,155.0613362534708,0.6587,False,0.0121766224098669,0.004850713376335601,0.0019228098642836001,0.1818181818181818,0.6153846153846154,318,0.05833802985576085,0.09843400447427295,True,1.0,train,sort
MVI_20032,100,1,418.2789685936202,141.30087812927042,405.2384520037247,127.9101161732272,431.3194851835157,154.69164008531362,0.7227,False,0.0103137590687729,0.004105573595534595,0.0016337691883461928,0.1818181818181818,0.6153846153846154,318,0.05752375051609075,0.09955257270693513,True,1.0,train,sort
MVI_20032,101,1,417.9051563597572,140.55396851622794,404.86218377432925,126.96820224469744,430.9481289451852,154.13973478775844,0.8011,False,0.0189574543312182,0.007563025922331007,0.0016540667034330113,0.1818181818181818,0.6153846153846154,318,0.056857846761557584,0.10067114093959732,True,1.0,train,sort
MVI_20032,102,1,417.5897584671509,139.40239251776353,404.9416109128761,125.30824293340518,430.2379060214258,153.49654210212185,0.7662,False,0.0271002392538611,0.01082011560707653,0.0018458049132224126,0.1818181818181818,0.6153846153846154,318,0.055705390672406485,0.10178970917225952,True,1.0,train,sort
MVI_20032,103,1,417.185762157972,138.28896108768376,404.8733897296133,123.8278581919313,429.49813458633065,152.7500639834362,0.8054,False,0.0268839917916069,0.010733617267091922,0.0017682832569657935,0.1818181818181818,0.6153846153846154,318,0.05441874184679682,0.10290827740492171,True,1.0,train,sort
MVI_20032,104,1,417.0240819138758,136.88952982919534,405.02871454079246,122.18951889768049,429.0194492869592,151.58954076071018,0.8266,False,0.0319745653670226,0.012769831515588017,0.002144093239205672,0.1818181818181818,0.6153846153846154,318,0.05350034019541777,0.10402684563758391,True,1.0,train,sort
MVI_20032,105,1,416.4922192309626,136.00303728608554,404.51033051734186,121.61643939110454,428.47410794458347,150.38963518106658,0.7459,False,0.023464497089718,0.009365829584330741,0.002393724154538034,0.1818181818181818,0.6153846153846154,318,0.05297813374904406,0.10514541387024609,True,1.0,train,sort
MVI_20032,106,1,416.04865674913214,135.26738559456857,404.1209275494922,121.435498725572,427.9763859487721,149.09927246356517,0.7106,False,0.0194976248918057,0.007779092535609751,0.0024039778202456378,0.1818181818181818,0.6153846153846154,318,0.052241849080050015,0.10626398210290829,True,1.0,train,sort
MVI_20032,107,1,415.6923989126758,134.37435795073648,403.6830154821191,120.69014519277142,427.7017823432325,148.05857070870152,0.8217,False,0.0218226762084563,0.008709106128245447,0.0023037976712950354,0.1818181818181818,0.6153846153846154,318,0.051720048269499296,0.10738255033557048,True,1.0,train,sort
MVI_20032,108,1,415.4352540538882,133.03363802760373,403.46203942212935,119.06317809956931,427.4084686856471,147.00409795563812,0.8246,False,0.0309853481160426,0.012374147565348836,0.002381650741726703,0.1818181818181818,0.6153846153846154,318,0.0507910548522003,0.10850111856823266,True,1.0,train,sort
MVI_20032,109,1,415.06315754988657,133.15692508912926,403.0557523074711,119.62288735078198,427.0705627923021,146.69096282747654,0.8364,False,0.0088970877512289,0.0035389092934704994,0.001943587733276728,0.1818181818181818,0.6153846153846154,318,0.05032424738043762,0.10961968680089486,True,1.0,train,sort
MVI_20032,110,1,414.7715470718158,133.1368211789608,402.8337083433689,119.88901817498714,426.7093858002627,146.38462418293443,0.8355,False,0.0066344749369273,0.0026338709155634553,0.0016241156376138309,0.1818181818181818,0.6153846153846154,318,0.04971090832725488,0.11073825503355705,True,1.0,train,sort
MVI_20032,111,1,414.53440502925366,132.89367289282112,402.6685531220026,119.86364559915698,426.4002569365047,145.92370018648526,0.7915,False,0.0077089744768785,0.0030636675270528635,0.0014003402427329894,0.1818181818181818,0.6153846153846154,318,0.04983392970014739,0.11185682326621925,True,1.0,train,sort
MVI_20032,112,1,414.4406136426723,132.03375529145217,402.74663311669394,118.80436480507666,426.13459416865066,145.26314577782767,0.8277,False,0.0196335418374403,0.007833458908517086,0.0013587854937940408,0.1818181818181818,0.6153846153846154,318,0.04953431849895493,0.11297539149888144,True,1.0,train,sort
MVI_20032,113,1,414.25089257974696,131.4503612704179,402.6355246404685,118.25971808631884,425.8662605190255,144.64100445451697,0.8269,False,0.0139240487813974,0.005549678713580072,0.0010349232312439408,0.1818181818181818,0.6153846153846154,318,0.0491637198475286,0.11409395973154364,True,1.0,train,sort
MVI_20032,114,1,413.9537206746878,130.9122415074559,402.45828905125614,117.878370725885,425.4491522981194,143.9461122890268,0.8157,False,0.0139525334224553,0.005561072485053216,0.0011308870872884698,0.1818181818181818,0.6153846153846154,318,0.04844839180782442,0.11521252796420584,True,1.0,train,sort
MVI_20032,115,1,413.67078309216447,129.23301744365483,402.2882352644768,115.52773173846538,425.05333091985216,142.93830314884426,0.8224,False,0.0386510556494019,0.015440407717173754,0.0017386346020163985,0.1818181818181818,0.6153846153846154,318,0.04682588324781222,0.11633109619686802,True,1.0,train,sort
MVI_20032,116,1,413.4663100506042,128.65811562997902,402.1206769102947,115.3043844247733,424.81194319091367,142.0118468351847,0.7945,False,0.0138494574631163,0.005519842408722113,0.0018551949339153356,0.1818181818181818,0.6153846153846154,318,0.04677777604307759,0.11744966442953021,True,1.0,train,sort
MVI_20032,117,1,413.1981514751627,127.64247391715791,401.7644779121862,114.34971579222815,424.6318250381393,140.93523204208768,0.8211,False,0.0238422699451711,0.009516937599876091,0.001935086164981194,0.1818181818181818,0.6153846153846154,318,0.04619986595748078,0.11856823266219241,True,1.0,train,sort
MVI_20032,118,1,412.9016563028825,126.54572480717827,401.4542366469562,113.34533508605088,424.3490759588088,139.74611452830567,0.8125,False,0.0257868267510165,0.010294754522942368,0.002160268669432588,0.1818181818181818,0.6153846153846154,318,0.046114505409566,0.1196868008948546,True,1.0,train,sort
MVI_20032,119,1,412.7404586807962,124.96840887983666,401.6122781725144,111.54574253932664,423.86863918907807,138.3910752203467,0.8029,False,0.0359872522948669,0.014374894319648014,0.0025785377454685225,0.1818181818181818,0.6153846153846154,318,0.04562223564329629,0.1208053691275168,True,1.0,train,sort
MVI_20032,120,1,412.4656812445545,123.86749551935232,401.49711521290016,110.54954305001402,423.4342472762088,137.1854479886906,0.8262,False,0.0257542908970278,0.010281740278378908,0.002333727820365177,0.1818181818181818,0.6153846153846154,318,0.04500086451682766,0.121923937360179,True,1.0,train,sort
MVI_20032,121,1,412.2406273843637,123.09430979953667,401.4014984202721,110.10832383159492,423.0797563484554,136.08029576747845,0.8559,False,0.0182775176181303,0.007291053264878125,0.002417782472498187,0.1818181818181818,0.6153846153846154,318,0.044533107614278665,0.12304250559284119,True,1.0,train,sort
MVI_20032,122,1,411.98893461405225,122.34311333679577,401.2281087459579,109.70766750657144,422.74976048214654,134.9785591670201,0.8203,False,0.0179817093978298,0.007172730858949868,0.0023065357050952133,0.1818181818181818,0.6153846153846154,318,0.044236569313080336,0.12416107382550337,True,1.0,train,sort
MVI_20032,123,1,411.6527717268148,121.69080120027496,400.8617404064641,109.34071543162464,422.4438030471655,134.0408869689253,0.7803,False,0.0166561015321519,0.00664249166605272,0.002133213775147008,0.1818181818181818,0.6153846153846154,318,0.044027151332781365,0.12527964205816558,True,1.0,train,sort
MVI_20032,124,1,411.3479700963817,120.38249628084738,400.67042939953984,107.80992479272456,422.02551079322353,132.9550677689702,0.8181,False,0.0304901926605205,0.01217608685984724,0.0020288670817543712,0.1818181818181818,0.6153846153846154,318,0.04374959010583238,0.12639821029082773,True,1.0,train,sort
MVI_20032,125,1,411.1372616906185,118.57419337458144,400.51318699659714,105.71353288183973,421.76133638463983,131.4348538673232,0.7067,False,0.0413212526982589,0.016508478573360286,0.0023243634194653057,0.1818181818181818,0.6153846153846154,318,0.04333117837463094,0.12751677852348994,True,1.0,train,sort
MVI_20032,126,1,410.91050540946594,117.73884817234128,400.3818424787357,105.15530775888492,421.4391683401962,130.32238858579765,0.7115,False,0.0196461969789255,0.007838520927369632,0.0023503440664136115,0.1818181818181818,0.6153846153846154,318,0.04309495871871556,0.12863534675615212,True,1.0,train,sort
MVI_20032,127,1,410.7074137365453,117.83047067662056,400.23403445824704,106.16206266386432,421.18079301484346,129.4988786893768,0.7081,False,0.0050570084452416,0.002002889023383811,0.0021050038486970877,0.1818181818181818,0.6153846153846154,318,0.04349847372478484,0.1297539149888143,True,1.0,train,sort
MVI_20032,128,1,410.5728772725436,116.5156061772901,400.1842709979624,104.39046021997858,420.9614835471247,128.64075213460163,0.7592,False,0.0299996626648941,0.011979876324509335,0.0023582949852138787,0.1818181818181818,0.6153846153846154,318,0.042400720506099644,0.13087248322147652,True,1.0,train,sort
MVI_20032,129,1,410.3585573268706,115.74997392046902,400.086576178953,103.62570762253492,420.6305384747882,127.8742402184031,0.7379,False,0.0180457760394696,0.007198357324539162,0.0021220716563830192,0.1818181818181818,0.6153846153846154,318,0.041866885936180716,0.1319910514541387,True,1.0,train,sort
MVI_20032,130,1,410.0959814903183,114.63474875269388,399.7744523883357,102.41552563922475,420.417510592301,126.853971866163,0.8213,False,0.0260047165632977,0.01038190979803981,0.0018313289673413916,0.1818181818181818,0.6153846153846154,318,0.0409797895440341,0.1331096196868009,True,1.0,train,sort
MVI_20032,131,1,409.89589652415566,113.01883816546346,399.6682815184644,100.38366605752702,420.1235115298469,125.6540102733999,0.8303,False,0.0369568661398035,0.014762736965933287,0.0021599248363156787,0.1818181818181818,0.6153846153846154,318,0.04027083261029573,0.1342281879194631,True,1.0,train,sort
MVI_20032,132,1,409.5872858219344,111.93012359513293,399.2812886039366,99.3479820063054,419.89328303993216,124.51226518396044,0.779,False,0.025684456438367,0.010253806703182645,0.0025514807106166797,0.1818181818181818,0.6153846153846154,318,0.039996326039223526,0.1353467561521253,True,1.0,train,sort
MVI_20032,133,1,409.38097154264096,111.0685065152788,398.996782028852,98.50966456198692,419.76516105643,123.62734846857067,0.7639,False,0.0201091950661358,0.008023718781449748,0.0023637371424754246,0.1818181818181818,0.6153846153846154,318,0.04007994355040314,0.13646532438478748,True,1.0,train,sort
MVI_20032,134,1,409.18650153799774,109.93348377699564,398.9148845503856,97.49155879274024,419.45811852561,122.37540876125104,0.7954,False,0.0261373262749873,0.010434953287232342,0.0025173331679253256,0.1818181818181818,0.6153846153846154,318,0.0395667808869311,0.1375838926174497,True,1.0,train,sort
MVI_20032,135,1,408.8533560681737,108.70850252184675,398.6356396631087,96.29405376266516,419.0710724732387,121.12295128102832,0.7207,False,0.0288136129797992,0.011505459987639613,0.0025706524099639314,0.1818181818181818,0.6153846153846154,318,0.03887706891352469,0.13870246085011187,True,1.0,train,sort
MVI_20032,136,1,408.35830960476153,107.94016272249166,398.2030288483791,95.6622298300488,418.513590361144,120.21809561493453,0.743,False,0.0207455749084368,0.008278268820487988,0.002262925234321,0.1818181818181818,0.6153846153846154,318,0.03867407801620615,0.13982102908277405,True,1.0,train,sort
MVI_20032,137,1,408.0238637413236,107.3197224889314,397.8758811182737,95.30384824920536,418.17184636437344,119.33559672865744,0.7797,False,0.0159979617264545,0.006379237706550928,0.00207905353545166,0.1818181818181818,0.6153846153846154,318,0.03888970415613482,0.14093959731543626,True,1.0,train,sort
MVI_20032,138,1,407.6786102968597,106.82488506056332,397.5696980413493,95.0218017679549,417.7875225523701,118.62796835317178,0.7637,False,0.0136950205679008,0.005458068111214658,0.0019572979162198194,0.1818181818181818,0.6153846153846154,318,0.038849435892243406,0.14205816554809844,True,1.0,train,sort
MVI_20032,139,1,407.5284880740608,106.4956149033562,397.5982311096365,94.98243690065024,417.45874503848506,118.00879290606215,0.7902,False,0.0082136408618215,0.0032655325759582705,0.0016170656046421972,0.1818181818181818,0.6153846153846154,318,0.038915109735820234,0.14317673378076065,True,1.0,train,sort
MVI_20032,140,1,407.3184374186434,105.9480614194893,397.44018094758,94.51729170675236,417.1966938897068,117.37883113222624,0.8081,False,0.0133110613846025,0.005304485582980763,0.0013227919191248882,0.1818181818181818,0.6153846153846154,318,0.03869406356338737,0.14429530201342283,True,1.0,train,sort
MVI_20032,141,1,407.224153900495,105.9187831233968,397.452387727801,94.73765552971572,416.995920073189,117.0999107170779,0.8116,False,0.0022407860319868,0.0008764084569310879,0.0009715289422559796,0.1818181818181818,0.6153846153846154,318,0.038803618240736554,0.14541387024608504,True,1.0,train,sort
MVI_20032,142,1,407.0859106321324,105.89531263230124,397.33948690999625,94.88348737183054,416.8323343542686,116.9071378927719,0.8147,False,0.0031826462806019,0.0012531497474575584,0.000728265110224198,0.1818181818181818,0.6153846153846154,318,0.038498055246042655,0.14653243847874722,True,1.0,train,sort
MVI_20032,143,1,406.9987906484285,105.49352451236432,397.30922384743576,94.52172666818672,416.68835744942106,116.4653223565419,0.8369,False,0.0093314140915588,0.003712638534306545,0.0006454339354943409,0.1818181818181818,0.6153846153846154,318,0.038618553880722564,0.1476510067114094,True,1.0,train,sort
MVI_20032,144,1,406.9141858375875,105.02861407815809,397.2904207370479,94.03748797703491,416.5379509381271,116.01974017928124,0.8442,False,0.0107255078208921,0.004270271868419725,0.0006931148829200467,0.1818181818181818,0.6153846153846154,318,0.03830321778115502,0.14876957494407161,True,1.0,train,sort
MVI_20032,145,1,406.84001855169447,104.02619678160151,397.3342917691343,92.6508859531456,416.34574533425473,115.40150761005742,0.8073,False,0.0228143365749034,0.009105767317385313,0.0008735086585873723,0.1818181818181818,0.6153846153846154,318,0.03833526440328653,0.1498881431767338,True,1.0,train,sort
MVI_20032,146,1,406.7787655895036,104.06519007123036,397.39492176292384,93.02524491155972,416.16260941608334,115.10513523090098,0.8578,False,0.0016480791550511,0.0006393274737926461,0.000862257734116244,0.13636363636363638,0.48717948717948717,318,0.038059766914692456,0.151006711409396,True,1.0,train,sort
MVI_20032,147,1,406.6926880803483,104.54742290214328,397.3699139034043,93.89840145923716,416.0154622572923,115.1964443450494,0.845,False,0.0111183740458687,0.004427417186761377,0.0010128958947059287,0.13636363636363638,0.48717948717948717,318,0.03798854964378389,0.1521252796420582,True,1.0,train,sort
MVI_20032,148,1,406.5230875350683,103.47485742829062,397.12911502133664,92.3585861657504,415.9170600488,114.59112869083084,0.7813,False,0.0246467902249249,0.009838743312448476,0.0013036165642791814,0.13636363636363638,0.48717948717948717,318,0.03781920301866397,0.1532438478747204,True,1.0,train,sort
MVI_20032,149,1,406.48308105405016,101.04321900858574,397.13942660450783,88.92893890171509,415.8267355035925,113.15749911545636,0.7834,False,0.0551990463640099,0.02205955465177323,0.0021478254685175233,0.13636363636363638,0.48717948717948717,318,0.03754536364201597,0.15436241610738255,True,1.0,train,sort
MVI_20032,150,1,406.4640016412069,99.3377178331402,397.179811131922,86.91618769319898,415.74819215049183,111.7592479730814,0.7778,False,0.0387126592487704,0.015465048973200118,0.002449611789179202,0.13636363636363638,0.48717948717948717,318,0.03790044131367286,0.15548098434004476,True,1.0,train,sort
MVI_20032,151,1,406.3696089772823,97.59642849564987,397.0418353684897,84.98411323732597,415.6973825860748,110.20874375397378,0.8131,False,0.0395805580516253,0.0158122059059985,0.0031696565055058363,0.1818181818181818,0.6153846153846154,318,0.03769594105552174,0.15659955257270694,True,1.0,train,sort
MVI_20032,152,1,406.2632713079206,95.83314720847454,396.9534895433067,83.19705447827965,415.57305307253455,108.46923993866945,0.8406,False,0.0400943997518172,0.01601774105363983,0.003719687371313482,0.1818181818181818,0.6153846153846154,318,0.037227813138065065,0.15771812080536912,True,1.0,train,sort
MVI_20032,153,1,406.18441060434486,95.67257759306818,396.8709768576799,83.7270985914476,415.49784435100986,107.61805659468877,0.8217,False,0.0040603150722486,0.0016042146466355384,0.003328909254705529,0.1818181818181818,0.6153846153846154,318,0.037237920717440795,0.15883668903803133,True,1.0,train,sort
MVI_20032,154,1,406.1177260674989,95.63812053084276,396.7645174308549,84.22841120959482,415.4709347041429,107.04782985209069,0.8016,False,0.001703674891312,0.0006615656024932657,0.002313445443814818,0.1818181818181818,0.6153846153846154,318,0.03736841984117602,0.1599552572706935,True,1.0,train,sort
MVI_20032,155,1,406.1717743014565,95.0192981428143,396.8121940116275,83.7871494865825,415.5313545912854,106.25144679904612,0.85,False,0.0140990553561204,0.005619680821545354,0.0018462232651382758,0.1818181818181818,0.6153846153846154,318,0.03756831829201589,0.16107382550335572,True,1.0,train,sort
MVI_20032,156,1,406.2013421110104,94.4641373195846,396.94432820126593,83.35748314477205,415.4583560207549,105.57079149439716,0.8575,False,0.0126184993736955,0.005027462844052833,0.0013344220737301037,0.1818181818181818,0.6153846153846154,318,0.03753202424950879,0.1621923937360179,True,1.0,train,sort
MVI_20032,157,1,406.1021950101921,94.23506023772184,396.8664011153025,83.362195528463,415.3379889050816,105.10792494698065,0.8497,False,0.0056655272933183,0.002246294747822422,0.0006808837755762066,0.1818181818181818,0.6153846153846154,318,0.03755797720679087,0.1633109619686801,True,1.0,train,sort
MVI_20032,158,1,406.02125940572,93.33560140151032,396.8063326396936,82.47904051990214,415.2361861717465,104.19216228311852,0.7767,False,0.0204977518674104,0.008179140343162642,0.0009929037083251367,0.1818181818181818,0.6153846153846154,318,0.03726638002503525,0.1644295302013423,True,1.0,train,sort
MVI_20032,159,1,405.9244365833357,92.78772146762851,396.8836496933434,82.12637272083613,414.965223473328,103.44907021442094,0.7994,False,0.0126280753405244,0.005031293202225877,0.0012002736733606179,0.1818181818181818,0.6153846153846154,318,0.03705148588156277,0.16554809843400448,True,1.0,train,sort
MVI_20032,160,1,405.744756177413,93.2701989173704,396.76479406131256,83.0524468509435,414.7247182935136,103.48795098379728,0.8227,False,0.0116856727027766,0.004654334957663889,0.0011544621820327615,0.1818181818181818,0.6153846153846154,318,0.03689386694813838,0.16666666666666669,True,1.0,train,sort
MVI_20032,161,1,405.5156670250444,92.8939505503172,396.5843737470964,82.63305697136994,414.4469603029924,103.15484412926446,0.7586,False,0.0099982656302604,0.003979377161028931,0.0011047241865897149,0.1818181818181818,0.6153846153846154,318,0.036270140620903606,0.16778523489932887,True,1.0,train,sort
MVI_20032,162,1,405.383032461775,92.50845708213052,396.5636794878978,82.29439107178429,414.2023854356521,102.72252309247676,0.7236,False,0.0092530643540598,0.0036812988729701865,0.0011728237988575076,0.1818181818181818,0.6153846153846154,318,0.03585648189370317,0.16890380313199108,True,1.0,train,sort
MVI_20032,163,1,405.2791211388562,93.03636147370666,396.4666320577606,83.11566313213436,414.0916102199519,102.95705981527895,0.7718,False,0.012211908656293,0.004864827769671496,0.0010155396508654063,0.1818181818181818,0.6153846153846154,318,0.03615532007147935,0.17002237136465326,True,1.0,train,sort
MVI_20032,164,1,404.9547203603945,92.41282928857366,396.20996286777296,82.08990901717047,413.699477853016,102.73574955997684,0.6394,False,0.0159532694406435,0.0063613609255127835,0.0010786593971145097,0.1818181818181818,0.6153846153846154,318,0.03533999860614856,0.17114093959731547,True,1.0,train,sort
MVI_20032,165,1,404.9211588831113,91.81217673640104,396.3566043769937,81.55662006839121,413.485713389229,102.06773340441086,0.7357,False,0.013654443861266,0.005441837549573057,0.0011160311511248851,0.1818181818181818,0.6153846153846154,318,0.03525878803233797,0.17225950782997765,True,1.0,train,sort
MVI_20032,166,1,404.82369671403296,91.50983713482566,396.3886427133417,81.45963663475032,413.25875071472416,101.56003763490098,0.7341,False,0.0072100261830653,0.0028640896975462176,0.001063104025342245,0.1818181818181818,0.6153846153846154,318,0.03522334895373334,0.17337807606263983,True,1.0,train,sort
MVI_20032,167,1,404.598513209104,90.82052146988342,396.1481259107003,80.70527382194336,413.0489005075077,100.93576911782348,0.716,False,0.016459263687205,0.006563757115105522,0.0011998940771808116,0.1818181818181818,0.6153846153846154,318,0.03481770887490305,0.17449664429530204,True,1.0,train,sort
MVI_20032,168,1,404.5674363898714,88.99777654934965,396.1241776289552,78.27775898351177,413.0106951507877,99.71779411518754,0.7146,False,0.0413773636846414,0.016530922800572924,0.001753520742331899,0.13636363636363638,0.48717948717948717,318,0.034475056336552796,0.17561521252796422,True,1.0,train,sort
MVI_20032,169,1,404.3891491758468,87.17609597450962,395.7517220740909,76.32174966945557,413.0265762776028,98.03044227956369,0.7548,False,0.041544742778449,0.016597873938919563,0.002239305106969481,0.13636363636363638,0.48717948717948717,318,0.03460252078315333,0.17673378076062643,True,1.0,train,sort
MVI_20032,170,1,404.2010536257128,84.35121130099803,395.59988437360414,72.8324229175562,412.8022228778215,95.86999968443986,0.4897,False,0.064259174819618,0.02568357901390174,0.0031998979869402922,0.13636363636363638,0.48717948717948717,318,0.035090172653869135,0.1778523489932886,True,1.0,train,sort
MVI_20032,171,1,404.4333070665882,81.09691572046009,396.0547530602227,68.98225739410121,412.8118610729537,93.21157404681898,0.7487,False,0.0740515274842553,0.029600490875922106,0.004468701694034911,0.13636363636363638,0.48717948717948717,318,0.034523353314155694,0.17897091722595082,True,1.0,train,sort
MVI_20032,172,1,404.3356651298448,79.44651875396158,395.92309814733295,67.70013433508973,412.74823211235656,91.19290317283344,0.7252,False,0.0375250225261786,0.014989997826064663,0.004868577705006183,0.13636363636363638,0.48717948717948717,318,0.034549617186687566,0.180089485458613,True,1.0,train,sort
MVI_20032,173,1,404.2730747482426,79.36870037419901,395.848752751887,68.448964133863,412.69739674459817,90.28843661453502,0.7117,False,0.002266690860193,0.0008867703109573438,0.004126168188454206,0.13636363636363638,0.48717948717948717,318,0.034501915929245335,0.18120805369127518,True,1.0,train,sort
MVI_20032,174,1,404.1877706346887,78.91371890587021,395.7897886798479,68.40566499723758,412.5857525895295,89.42177281450286,0.6957,False,0.010506779568914,0.004182781219944001,0.0035369970595253097,0.13636363636363638,0.48717948717948717,318,0.0343889443016779,0.18232662192393737,True,1.0,train,sort
MVI_20032,175,1,404.143920309103,78.80058714346883,395.828106890189,68.860198585609,412.45973372801694,88.74097570132867,0.6899,False,0.0027539243345905,0.0010816622476348856,0.002369487528739281,0.13636363636363638,0.48717948717948717,318,0.03488045746632064,0.18344519015659955,True,1.0,train,sort
MVI_20032,176,1,404.06290541137815,79.5053708194684,395.766104208847,70.12051175394198,412.3597066139093,88.89022988499482,0.6415,False,0.0161020113981003,0.006420857264900838,0.0012694739233724667,0.13636363636363638,0.48717948717948717,318,0.03499128124308667,0.18456375838926176,True,1.0,train,sort
MVI_20032,177,1,403.97200557014514,79.73598836610694,395.67893063183095,70.68258726169849,412.2650805084593,88.78938947051537,0.6684,False,0.0056263270934127,0.002230614784767356,0.0006639641393506796,0.13636363636363638,0.48717948717948717,318,0.03526613336836259,0.18568232662192394,True,1.0,train,sort
MVI_20032,178,1,403.8424142265839,78.93940293366342,395.4973797720932,69.62288901222104,412.1874486810744,88.2559168551058,0.7182,False,0.0183180161981288,0.007307252576098192,0.0009686547985383726,0.13636363636363638,0.48717948717948717,318,0.03497033219919435,0.18680089485458615,True,1.0,train,sort
MVI_20032,179,1,403.8416516182638,78.76812636082676,395.5348838654717,69.58514860912135,412.1484193710559,87.95110411253218,0.7134,False,0.0038875507990025,0.0015351094525737792,0.0008430067828912212,0.13636363636363638,0.48717948717948717,318,0.035186660302911205,0.18791946308724833,True,1.0,train,sort
MVI_20032,180,1,403.6623726648713,78.41110997225533,395.2507769869112,69.25640378273775,412.0739683428314,87.5658161617729,0.771,False,0.0090676028284713,0.0036071148158386057,0.0009628547594102189,0.13636363636363638,0.48717948717948717,318,0.03460885852887801,0.18903803131991054,True,1.0,train,sort
MVI_20032,181,1,403.5331798833977,77.30612774746669,395.09936174499296,67.7516461993153,411.96699802180245,86.86060929561806,0.6951,False,0.0252509300561468,0.010080397443204742,0.0011365220422100111,0.13636363636363638,0.48717948717948717,318,0.03463360039316328,0.19015659955257272,True,1.0,train,sort
MVI_20032,182,1,403.4240242533088,76.94462667268319,395.02490888216806,67.47297788153901,411.8231396244496,86.41627546382736,0.7175,False,0.0085709802138752,0.003408467251082911,0.001192418255230648,0.13636363636363638,0.48717948717948717,318,0.03437059397022322,0.1912751677852349,True,1.0,train,sort
MVI_20032,183,1,403.2904088468024,76.79250452926746,394.8883660271041,67.38670120737588,411.6924516665008,86.19830785115904,0.7316,False,0.004595525067907,0.001818297048736618,0.0009319341655908429,0.13636363636363638,0.48717948717948717,318,0.03388949599145685,0.1923937360178971,True,1.0,train,sort
MVI_20032,184,1,403.2554024163698,75.60655252098485,395.0090847838218,65.98143465674438,411.5017200489178,85.23167038522531,0.7004,False,0.0269296083924964,0.010751863771404854,0.0013693248214645805,0.13636363636363638,0.48717948717948717,318,0.033657215374835195,0.1935123042505593,True,1.0,train,sort
MVI_20032,185,1,403.1501982231199,73.93430419150438,394.9530350590929,63.84721132641268,411.3473613871469,84.02139705659607,0.7056,False,0.0380305257094872,0.015192197591820738,0.0019191069658562763,0.13636363636363638,0.48717948717948717,318,0.03358889450629078,0.1946308724832215,True,1.0,train,sort
MVI_20032,186,1,402.7517261207635,73.20974783542228,394.5160906260219,63.24186391580198,410.9873616155052,83.17763175504258,0.7433,False,0.0187683574478764,0.007487387732939886,0.0017960529949434918,0.13636363636363638,0.48717948717948717,318,0.03302066562146378,0.19574944071588368,True,1.0,train,sort
MVI_20032,187,1,402.4965727383818,72.7968302561202,394.2419028010309,63.09516397278202,410.7512426757327,82.49849653945839,0.7591,False,0.0110170494724693,0.004386887659582913,0.0018424849523755893,0.13636363636363638,0.48717948717948717,318,0.03289441861907575,0.1968680089485459,True,1.0,train,sort
MVI_20032,188,1,402.33881758216216,72.48005783069948,394.10216041282376,63.00403430017488,410.5754747515005,81.95608136122408,0.7555,False,0.0080321262787449,0.0031929272840604717,0.001907719458950614,0.13636363636363638,0.48717948717948717,318,0.033233779022514766,0.19798657718120807,True,1.0,train,sort
MVI_20032,189,1,402.2333806280268,72.31162747757097,394.0464202214128,63.043261212792025,410.4203410346409,81.57999374234991,0.7646,False,0.0045101804897321,0.00178415947199068,0.0014821477306049282,0.13636363636363638,0.48717948717948717,318,0.033023640923651926,0.19910514541387025,True,1.0,train,sort
MVI_20032,190,1,402.1436707954715,71.83816640754145,393.94416836714254,62.58162789114898,410.3431732238004,81.0947049239339,0.7281,False,0.0109374806035952,0.004355060349332338,0.000967860118901845,0.13636363636363638,0.48717948717948717,318,0.032590353985411165,0.20022371364653246,True,1.0,train,sort
MVI_20032,191,1,402.05259626247937,71.47207180675744,393.90902796492674,62.28121375012041,410.19616456003206,80.66292986339448,0.7392,False,0.0085626168640221,0.003405121936083798,0.0007741319525027796,0.13636363636363638,0.48717948717948717,318,0.032283619388418956,0.20134228187919465,True,1.0,train,sort
MVI_20032,192,1,401.9656184946601,71.28117710176693,393.8796577316192,62.270025071024605,410.05157925770106,80.29232913250925,0.7274,False,0.0047613418399648,0.0018846232630426664,0.0006553843947713015,0.13636363636363638,0.48717948717948717,318,0.03259544710873294,0.20246085011185685,True,1.0,train,sort
MVI_20032,193,1,401.9427303903653,70.47763556001698,393.9501990605882,61.48600565883238,409.9352617201425,79.46926546120159,0.7222,False,0.0182456042483671,0.00727828801214842,0.0008492594343487724,0.13636363636363638,0.48717948717948717,318,0.03300225042349749,0.20357941834451904,True,1.0,train,sort
MVI_20032,194,1,401.847034212115,70.45160517857373,393.9277307133727,61.648764398454354,409.7663377108572,79.2544459586931,0.6722,False,0.002250963646103,0.0008804794722247481,0.0008063743606965402,0.13636363636363638,0.48717948717948717,318,0.03294159970922248,0.20469798657718125,True,1.0,train,sort
MVI_20032,195,1,401.81055550042896,70.69132238555349,393.8826560759435,62.15748927488909,409.7384549249144,79.22515549621788,0.7727,False,0.0055035654697857,0.002181510501429821,0.0007032262935286919,0.13636363636363638,0.48717948717948717,318,0.03281968088707611,0.20581655480984343,True,1.0,train,sort
MVI_20032,196,1,401.7786565619342,70.76235335562072,393.8876250194254,62.31851260260356,409.6696881044431,79.20619410863786,0.7374,False,0.0017673211644596,0.0006870239219393579,0.0005742361271415158,0.13636363636363638,0.48717948717948717,318,0.032737622957068654,0.2069351230425056,True,1.0,train,sort
MVI_20032,197,1,401.6552421323245,70.51951822309545,393.8787861238645,61.96653996005751,409.4316981407844,79.07249648613337,0.7005,False,0.0061826666007464,0.0024531489285237657,0.0006012161035088766,0.13636363636363638,0.48717948717948717,318,0.032481791712445,0.20805369127516782,True,1.0,train,sort
MVI_20032,198,1,401.5857246754754,70.22438663621547,393.86449807724375,61.64100005959836,409.3069512737071,78.80777321283259,0.6939,False,0.0068820057065849,0.002732882485212929,0.0003855091598425542,0.13636363636363638,0.48717948717948717,318,0.032428786967050593,0.20917225950783,True,1.0,train,sort
MVI_20032,199,1,401.4617959290822,70.34091493133354,393.82186355019417,61.81527976003308,409.10172830797023,78.86655010263402,0.7138,False,0.0038610186002671,0.0015244966522068777,0.0004160716644946325,0.13636363636363638,0.48717948717948717,318,0.03228255677762133,0.21029082774049218,True,1.0,train,sort
MVI_20032,200,1,401.3628476685409,70.1192589160265,393.8010178662017,61.571395695359165,408.92467747088006,78.66712213669382,0.6674,False,0.0055095114618404,0.002183888880518911,0.0004161845329463357,0.13636363636363638,0.48717948717948717,318,0.03216708521645134,0.21140939597315436,True,1.0,train,sort
MVI_20032,201,1,401.1763002886753,69.22446720452288,393.6838963389186,60.39738935521794,408.6687042384319,78.05154505382784,0.6775,False,0.0207460105135604,0.008278443061238294,0.0007764432185409326,0.13636363636363638,0.48717948717948717,318,0.0315311520949371,0.21252796420581657,True,1.0,train,sort
MVI_20032,202,1,401.0843348108744,68.68799373990696,393.70655297511365,59.80514348080422,408.4621166466352,77.5708439990097,0.5648,False,0.0123541071367837,0.004921706737787804,0.000893591195139399,0.13636363636363638,0.48717948717948717,318,0.03110089471744048,0.21364653243847875,True,1.0,train,sort
MVI_20032,203,1,401.0033234814023,68.31461558107986,393.6255582865832,59.50736061021,408.3810886762213,77.12187055194974,0.4358,False,0.0086718486334064,0.003448814318074469,0.0009275664843902371,0.13636363636363638,0.48717948717948717,318,0.03145960584599155,0.21476510067114096,True,1.0,train,sort
MVI_20032,204,1,400.8895833083674,67.8142284630512,393.5442965846622,58.910273287160784,408.2348700320726,76.71818363894161,0.5208,False,0.011647134960478,0.00463891997567594,0.0010753646802624435,0.13636363636363638,0.48717948717948717,318,0.03126148019040939,0.21588366890380314,True,1.0,train,sort
MVI_20032,205,1,400.7770093443586,67.33089595938173,393.4695462990844,58.297669150168296,408.0844723896329,76.36412276859517,0.6053,False,0.0112639627989285,0.0044856522537944235,0.0011845972535389335,0.13636363636363638,0.48717948717948717,318,0.031089948438696953,0.21700223713646533,True,1.0,train,sort
MVI_20032,206,1,400.6317408880652,66.97377010359868,393.305918952957,57.954083252470944,407.9575628231735,75.99345695472643,0.5658,False,0.0087507300712404,0.0034803666579591545,0.0009568995508156685,0.13636363636363638,0.48717948717948717,318,0.0315455961652552,0.21812080536912754,True,1.0,train,sort
MVI_20032,207,1,400.5456098649041,66.10437633449325,393.17401481056817,57.164401832712215,407.9172049192401,75.04435083627429,0.627,False,0.0198294751693519,0.007911831656947718,0.001098799036718601,0.13636363636363638,0.48717948717948717,318,0.03173444942779327,0.21923937360178972,True,1.0,train,sort
MVI_20032,208,1,400.3710993753358,65.11586034583945,393.00870149722346,56.13393002357473,407.7334972534481,74.09779066810417,0.6391,False,0.0227835669319957,0.00909345955198686,0.001366671543202926,0.13636363636363638,0.48717948717948717,318,0.03184542177496589,0.22035794183445193,True,1.0,train,sort
MVI_20032,209,1,400.1605622567527,64.16855760430992,392.765631682576,55.05915404266188,407.5554928309293,73.27796116595798,0.6876,False,0.0220258167338127,0.008790361732559926,0.0015636825266849505,0.13636363636363638,0.48717948717948717,318,0.031271277056190996,0.2214765100671141,True,1.0,train,sort
MVI_20032,210,1,399.9063371501119,62.88770668041566,392.4607541580351,53.557910429927176,407.3519201421887,72.21750293090415,0.6936,False,0.0296389407693312,0.011835588642068837,0.0019124813973382935,0.13636363636363638,0.48717948717948717,318,0.031298988041610194,0.22259507829977632,True,1.0,train,sort
MVI_20032,211,1,399.68374085893214,62.66520653589715,392.2374239056789,53.62734752227304,407.1300578121854,71.70306554952126,0.7406,False,0.0071435310480052,0.0028374918418313205,0.001881973104750266,0.13636363636363638,0.48717948717948717,318,0.03180097447753428,0.2237136465324385,True,1.0,train,sort
MVI_20032,212,1,399.72375027571,63.00606731918883,392.5091465469365,54.522264101382085,406.9383540044835,71.48987053699557,0.7414,False,0.0077897257739992,0.003095967805075706,0.0016534312801661784,0.13636363636363638,0.48717948717948717,318,0.03209380618609186,0.22483221476510068,True,1.0,train,sort
MVI_20032,213,1,399.6599208803683,63.382935388564846,392.51138616948367,55.15288746907891,406.80845559125294,71.61298330805077,0.7188,False,0.0086756987759127,0.003450354363594682,0.0013856318581427014,0.13636363636363638,0.48717948717948717,318,0.03218056474375295,0.2259507829977629,True,1.0,train,sort
MVI_20032,214,1,399.39680668376695,63.286367013758365,392.1101825791356,54.99376306236531,406.6834307883983,71.57897096515141,0.7296,False,0.0063614985008956,0.002524681155251215,0.001088287473948248,0.13636363636363638,0.48717948717948717,318,0.03182741630899765,0.22706935123042504,True,1.0,train,sort
MVI_20032,215,1,399.32530879487047,62.88952652283449,392.05234621713726,54.5458973123222,406.5982713726037,71.23315573334678,0.7536,False,0.0091522209750783,0.003640961822123841,0.0006994029409089813,0.13636363636363638,0.48717948717948717,318,0.031933548159395184,0.22818791946308728,True,1.0,train,sort
MVI_20032,216,1,399.1178237006393,63.01315746967445,391.7204765519158,54.75879064629084,406.5151708493628,71.26752429305807,0.7611,False,0.0054819768908424,0.0021728751342363494,0.0006678628642633801,0.13636363636363638,0.48717948717948717,318,0.03180405389924963,0.22930648769574943,True,1.0,train,sort
MVI_20032,217,1,399.0711404997346,62.57378158179279,391.72227766611,54.26214711347304,406.42000333335926,70.88541605011254,0.7362,False,0.0100287691000289,0.0039915784579655335,0.0007103649986725211,0.13636363636363638,0.48717948717948717,318,0.03213400531654084,0.23042505592841167,True,1.0,train,sort
MVI_20032,218,1,398.9497238565745,61.90684277721114,391.7726003989628,53.43674762536535,406.1268473141861,70.37693792905692,0.693,False,0.0153865019255329,0.006134655609745167,0.0008377513043069928,0.13636363636363638,0.48717948717948717,318,0.03209217135897654,0.23154362416107382,True,1.0,train,sort
MVI_20032,219,1,398.7755406103293,61.8018293966594,391.455665180391,53.53885517536293,406.0954160402676,70.06480361795586,0.7046,False,0.0046164064668152,0.00182664954602507,0.0008046254887738361,0.13636363636363638,0.48717948717948717,318,0.0319597282228236,0.23266219239373603,True,1.0,train,sort
MVI_20032,220,1,398.63113426372695,61.83254205877512,391.22133155450587,53.84968464191535,406.040936972948,69.81539947563488,0.7377,False,0.0033509411118584,0.0013204671780527564,0.0006945040035729079,0.13636363636363638,0.48717948717948717,318,0.032037634250014685,0.23378076062639822,True,1.0,train,sort
MVI_20032,221,1,398.560980502822,61.369838930645074,391.371470033743,53.219557538745946,405.750490971901,69.5201203225442,0.7472,False,0.010622126435724,0.004228919622667852,0.0007920757317748038,0.13636363636363638,0.48717948717948717,318,0.032520991938756204,0.23489932885906042,True,1.0,train,sort
MVI_20032,222,1,398.39108315181466,60.685122872718566,391.1907207484068,52.12067514378703,405.5914455552224,69.2495706016501,0.8065,False,0.0160124632998617,0.006385038292665619,0.0009056598559353024,0.13636363636363638,0.48717948717948717,318,0.03173465420605593,0.2360178970917226,True,1.0,train,sort
MVI_20032,223,1,398.354954350917,60.101562778456,391.32148997728007,51.49195351326368,405.388418724554,68.71117204364832,0.7519,False,0.0132705866600036,0.005288295813849419,0.0008654949721349764,0.13636363636363638,0.48717948717948717,318,0.032214534138155934,0.23713646532438482,True,1.0,train,sort
MVI_20032,224,1,398.2143861350413,59.82219586521498,391.1589587341443,51.298057911627176,405.2698135359383,68.34633381880279,0.7952,False,0.0070983105001221,0.0028194037575397703,0.0009126071550873477,0.13636363636363638,0.48717948717948717,318,0.03180955614976825,0.238255033557047,True,1.0,train,sort
MVI_20032,225,1,398.1525298424067,59.49711739628899,391.1524993471912,51.11924108006747,405.1525603376222,67.87499371251052,0.7906,False,0.0075107836771004,0.0029843917982080937,0.0009915704273802026,0.13636363636363638,0.48717948717948717,318,0.03214437159275236,0.2393736017897092,True,1.0,train,sort
MVI_20032,226,1,398.0390436823586,59.408828401045575,391.0485799663056,51.21983681079878,405.0295073984116,67.59781999129237,0.7612,False,0.0032635227435255,0.001285500091428311,0.0008518873942054926,0.13636363636363638,0.48717948717948717,318,0.03220541617751743,0.2404921700223714,True,1.0,train,sort
MVI_20032,227,1,397.932717613372,59.41602475298491,390.9467144079827,51.38642928368379,404.9187208187613,67.44562022228602,0.7635,False,0.002418833703378,0.0009476269944941509,0.0005938493895357404,0.13636363636363638,0.48717948717948717,318,0.03228608335206253,0.2416107382550336,True,1.0,train,sort
MVI_20032,228,1,397.781941170403,59.460797476417376,390.7803739623752,51.58977359176646,404.7835083784309,67.3318213610683,0.7524,False,0.0035699099695462,0.0014080540680948051,0.0004097084844606538,0.13636363636363638,0.48717948717948717,318,0.032136907667971136,0.24272930648769575,True,1.0,train,sort
MVI_20032,229,1,397.7232919740573,59.22628159244341,390.74639031294095,51.40083011325021,404.7001936351736,67.0517330716366,0.7658,False,0.0054868028388864,0.002174805499061443,0.00037911840412457924,0.13636363636363638,0.48717948717948717,318,0.03186335173089153,0.243847874720358,True,1.0,train,sort
MVI_20032,230,1,397.63975038060806,58.67997490295691,390.6451605305108,50.84013020582299,404.6343402307053,66.51981960009083,0.7158,False,0.0125438194359095,0.004997591091657162,0.0004746568690663151,0.13636363636363638,0.48717948717948717,318,0.031945410038762834,0.24496644295302014,True,1.0,train,sort
MVI_20032,231,1,397.4805442196492,58.05561795685911,390.43995374445547,50.26274631191723,404.5211346948429,65.84848960180099,0.6475,False,0.0146246623256444,0.005829922041831883,0.0006903171360860092,0.13636363636363638,0.48717948717948717,318,0.03202942876756225,0.24608501118568238,True,1.0,train,sort
MVI_20032,232,1,397.4059451681748,57.40241045706936,390.35215057875513,49.51023410331868,404.4597397575945,65.29458681082004,0.6034,False,0.0149224050863412,0.005949018258149268,0.0009276633568290108,0.13636363636363638,0.48717948717948717,318,0.031882117180441434,0.24720357941834453,True,1.0,train,sort
MVI_20032,233,1,397.2837773836877,57.03572524682194,390.18501831986015,49.19517414658883,404.38253644751535,64.87627634705505,0.5973,False,0.0087725209146097,0.003489082930319817,0.0010264207444574376,0.13636363636363638,0.48717948717948717,318,0.03187622604332943,0.24832214765100674,True,1.0,train,sort
MVI_20032,234,1,396.9415374228393,56.729586104768345,389.596046528695,48.8967620035869,404.2870283169834,64.56241020594979,0.5843,False,0.0104222132883357,0.0041489549599155765,0.0011201060590059198,0.13636363636363638,0.48717948717948717,318,0.031760362875510394,0.24944071588366892,True,1.0,train,sort
MVI_20032,235,1,396.7266727632066,56.65786392051531,389.2851587514521,49.01599694502966,404.168186774961,64.29973089600097,0.5811,False,0.005141366899812,0.002036632153628883,0.0009795906750520113,0.13636363636363638,0.48717948717948717,318,0.03142812103340408,0.25055928411633116,True,1.0,train,sort
MVI_20032,236,1,396.5742054119377,56.17756908529168,389.16572660725205,48.574898182674815,403.9826842166234,63.780239987908544,0.605,False,0.0114374792682271,0.0045550583240339115,0.0009190906922611054,0.13636363636363638,0.48717948717948717,318,0.031246248339587723,0.2516778523489933,True,1.0,train,sort
MVI_20032,237,1,396.36473050577183,55.16188176151533,389.0930618430379,47.31982647662529,403.6363991685058,63.00393704640538,0.6809,False,0.0235385177510401,0.009395437628106998,0.0010826441055881678,0.13636363636363638,0.48717948717948717,318,0.03092684636755688,0.25279642058165547,True,1.0,train,sort
MVI_20032,238,1,396.10059317276136,55.21090516359209,388.9138964034004,47.87942305007406,403.2872899421223,62.54238727711011,0.6756,False,0.0060975820150142,0.002419115347979517,0.00103186768186954,0.13636363636363638,0.48717948717948717,318,0.030880657205480104,0.2539149888143177,True,1.0,train,sort
MVI_20032,239,1,395.8775985957102,54.814222089690105,388.82478391360576,47.56766577268126,402.9304132778146,62.06077840669896,0.708,False,0.0103287347610245,0.004111563827773105,0.001030093246830272,0.13636363636363638,0.48717948717948717,318,0.03050483431434517,0.2550335570469799,True,1.0,train,sort
MVI_20032,240,1,395.7371261446679,54.28548554612775,388.7894044498237,46.88440855010021,402.6848478395121,61.68656254215528,0.6885,False,0.0124171927891931,0.004946940810610545,0.001168204969052425,0.13636363636363638,0.48717948717948717,318,0.030185615007630333,0.2561521252796421,True,1.0,train,sort
MVI_20032,241,1,395.6155183158333,54.23619251632009,388.8002857618496,47.040104411190384,402.4307508698169,61.432280621449785,0.6388,False,0.0029783005700759,0.0011714120726695131,0.0010076305193130847,0.13636363636363638,0.48717948717948717,318,0.030272995825620937,0.25727069351230425,True,1.0,train,sort
MVI_20032,242,1,395.5399990873842,53.13180889829359,388.9589419983176,45.39212030715196,402.1210561764509,60.8714974894352,0.5123,False,0.0251250410044606,0.010030042197970516,0.001037746338768743,0.13636363636363638,0.48717948717948717,318,0.03003095414647116,0.25838926174496646,True,1.0,train,sort
MVI_20032,243,1,395.3937154749178,53.35426886350607,388.8400652715557,46.04446132363425,401.94736567828,60.66407640337789,0.6211,False,0.0060430769099425,0.0023973134685020036,0.0010367117079177863,0.13636363636363638,0.48717948717948717,318,0.03028666637725487,0.2595078299776286,True,1.0,train,sort
MVI_20032,244,1,395.2824950974035,53.92287993889866,388.75251089838486,47.1007847510684,401.81247929642217,60.74497512672892,0.62,False,0.0131504936932734,0.005240258985311825,0.0010902751097574901,0.13636363636363638,0.48717948717948717,318,0.030420040260328463,0.2606263982102909,True,1.0,train,sort
MVI_20032,245,1,395.1908034118648,53.79182592932006,388.72256852721455,46.95528360537918,401.659038296515,60.62836825326095,0.5932,False,0.003630324589741,0.0014322197359975712,0.0009234803680448579,0.13636363636363638,0.48717948717948717,318,0.030441637809739644,0.26174496644295303,True,1.0,train,sort
MVI_20032,246,1,395.1134951672936,54.21198044999059,388.6686745645837,47.8400015329188,401.5583157700034,60.58395936706238,0.6186,False,0.0096964517423782,0.0038586525059787573,0.001051006155860869,0.13636363636363638,0.48717948717948717,318,0.03071738629135437,0.26286353467561524,True,1.0,train,sort
MVI_20032,247,1,395.07633909718845,54.8428713645998,388.6904067827667,48.957638995759226,401.4622714116103,60.72810373344037,0.5553,False,0.0143443201342267,0.0057177860013321955,0.000846363555993627,0.13636363636363638,0.48717948717948717,318,0.030777223242246486,0.2639821029082774,True,1.0,train,sort
MVI_20032,248,1,395.061679526567,54.781910474950415,388.7275779740263,49.08948891517887,401.3957810791078,60.47433203472196,0.4577,False,0.001423091028633,0.0005493328942098448,0.0007586657170938605,0.13636363636363638,0.48717948717948717,318,0.030725274900729606,0.26510067114093966,True,1.0,train,sort
MVI_20032,249,1,395.02444875922896,53.59380712637369,388.6853867483196,46.95787183125682,401.3635107701384,60.22974242149057,0.3474,False,0.0269799508327526,0.010772000597370542,0.0010211802648538,0.13636363636363638,0.48717948717948717,318,0.03012714605903794,0.2662192393736018,True,1.0,train,sort
MVI_20032,250,1,394.99021908795726,54.37891499271579,388.6846656954471,48.32493508093317,401.2957724804675,60.43289490449841,0.6469,False,0.0178367410824081,0.007114743965121689,0.0012908503584264177,0.13636363636363638,0.48717948717948717,318,0.0303884424352754,0.267337807606264,True,1.0,train,sort
MVI_20032,251,1,394.9512114374949,54.66888256365044,388.6407887154068,48.76899752754692,401.2616341595831,60.568767599753954,0.6513,False,0.0066407596966451,0.0026363848007074824,0.0012328463740770015,0.13636363636363638,0.48717948717948717,318,0.030381908872495443,0.2684563758389262,True,1.0,train,sort
MVI_20032,252,1,394.9321992544305,54.358984445346586,388.6130454353046,48.33714738449606,401.25135307355634,60.38082150619711,0.4401,False,0.0070470687886498,0.002798907225769558,0.0010943279479700128,0.13636363636363638,0.48717948717948717,318,0.030386594723371206,0.2695749440715884,True,1.0,train,sort
MVI_20032,253,1,394.9244249055913,53.09436950832373,388.61094635164704,46.35151396876333,401.2379034595356,59.83722504788413,0.3099,False,0.0287038612151233,0.011461559609083068,0.0016121790086313162,0.13636363636363638,0.48717948717948717,318,0.030348548977896773,0.2706935123042506,True,1.0,train,sort
MVI_20032,254,1,394.89357623780825,52.06910752536024,388.611929433464,45.02647731642378,401.1752230421525,59.111737734296696,0.5016,False,0.0232811892408567,0.00929250699146713,0.0015419681018129638,0.13636363636363638,0.48717948717948717,318,0.03054356205265272,0.2718120805369128,True,1.0,train,sort
MVI_20032,255,1,394.8302389362431,51.84048004625444,388.62698369370514,45.15837498768082,401.0334941787811,58.52258510482806,0.5428,False,0.0053846701044281,0.0021339527098696563,0.0013055994758798856,0.13636363636363638,0.48717948717948717,318,0.03079054986305487,0.27293064876957496,True,1.0,train,sort
MVI_20032,256,1,394.7929130337314,51.64508231872331,388.5688553353793,45.18514275956282,401.0169707320835,58.1050218778838,0.5386,False,0.0045151898015286,0.001786163181769953,0.0012652513252532252,0.13636363636363638,0.48717948717948717,318,0.031239905239255968,0.27404921700223717,True,1.0,train,sort
MVI_20032,257,1,394.6305267804663,51.115734507362575,388.3261501488866,44.39386514241404,400.9349034120461,57.83760387231111,0.3441,False,0.012567375310311,0.005007013371166855,0.0013700392974356761,0.13636363636363638,0.48717948717948717,318,0.031093113038290078,0.2751677852348994,True,1.0,train,sort
MVI_20032,258,1,394.6240253415875,50.8361000737734,388.3466780039759,44.1672583919908,400.9013726791991,57.50494175555598,0.4311,False,0.0063486561233,0.002519544242512943,0.0009456866640985663,0.13636363636363638,0.48717948717948717,318,0.031620928762938746,0.2762863534675616,True,1.0,train,sort
MVI_20032,259,1,394.5914938188216,50.18445405205132,388.34329422530976,43.22209206441968,400.83969341233336,57.14681603968297,0.4875,False,0.0148090111528506,0.005903661022928922,0.0007848654563762812,0.13636363636363638,0.48717948717948717,318,0.03157980617992961,0.27740492170022374,True,1.0,train,sort
MVI_20032,260,1,394.48687280211885,50.3704831442652,388.2196279015385,43.71569242495028,400.7541177026992,57.0252738635801,0.4523,False,0.0048442812058262,0.0019177987620363,0.000774607646116615,0.13636363636363638,0.48717948717948717,318,0.03165858802453043,0.27852348993288595,True,1.0,train,sort
MVI_20032,261,1,394.39292479214856,50.717179428212205,388.1678484270873,44.45512701625627,400.61800115720985,56.97923184016813,0.4583,False,0.0081528597368296,0.0032412203072296796,0.0008436588943568198,0.13636363636363638,0.48717948717948717,318,0.03150006267206899,0.2796420581655481,True,1.0,train,sort
MVI_20032,262,1,394.4392821795672,50.59568966028946,388.2806014333913,44.41675038350339,400.597962925743,56.774628937075526,0.496,False,0.0029514119411427,0.0011606567012864466,0.0006611260407766796,0.13636363636363638,0.48717948717948717,318,0.031818625157903964,0.2807606263982103,True,1.0,train,sort
MVI_20032,263,1,394.5455421477417,50.65111598958305,388.4360016664494,44.73423534880533,400.655082629034,56.56799663036076,0.557,False,0.0027201966470416,0.0010681712732017647,0.0005922496279957276,0.13636363636363638,0.48717948717948717,318,0.032194820026178135,0.2818791946308725,True,1.0,train,sort
MVI_20032,264,1,394.4291501093056,49.93371567228925,388.3262822986578,43.37722378504971,400.5320179199535,56.490207559528805,0.5735,False,0.0164959468881503,0.006578430286082938,0.0006242715047177065,0.13636363636363638,0.48717948717948717,318,0.03162003605184096,0.2829977628635347,True,1.0,train,sort
MVI_20032,265,1,394.3290415157201,49.36124838295318,388.2071234982827,42.27991312910485,400.4509595331575,56.4425836368015,0.6249,False,0.0131906256964223,0.005256311666885274,0.000782704104587638,0.13636363636363638,0.48717948717948717,318,0.03120285711046044,0.2841163310961969,True,1.0,train,sort
MVI_20032,266,1,394.2245030058047,49.504648503148346,388.051990669616,42.511941722754656,400.3970153419934,56.49735528354204,0.5064,False,0.0040278491951814,0.0015912283926319728,0.0007044020233183412,0.13636363636363638,0.48717948717948717,318,0.03114786618267599,0.2852348993288591,True,1.0,train,sort
MVI_20032,267,1,394.14066657003775,49.41914722500405,387.96185516600985,42.36130004052059,400.3194779740657,56.47699440948752,0.4866,False,0.002717900105477,0.0010672526634249466,0.0006999694376197045,0.13636363636363638,0.48717948717948717,318,0.030857974273815328,0.2863534675615213,True,1.0,train,sort
MVI_20032,268,1,394.0157887684213,48.52987600661713,387.7072768993247,41.01306107353474,400.3243006375179,56.04669093969952,0.4693,False,0.0203820782983971,0.008132871260531792,0.0010352321183983507,0.13636363636363638,0.48717948717948717,318,0.03057768876027924,0.28747203579418346,True,1.0,train,sort
MVI_20032,269,1,394.0275343900332,47.35269419458531,387.7627966323052,39.33548595077919,400.2922721477613,55.36990243839143,0.393,False,0.0267201547114327,0.010668082923635237,0.0012293108350003598,0.13636363636363638,0.48717948717948717,318,0.030533065305145858,0.28859060402684567,True,1.0,train,sort
MVI_20032,270,1,393.9763646698714,47.296422397327404,387.8056114853172,39.80223477387526,400.1471178544255,54.790610020779546,0.5226,False,0.0017263150739012,0.0006706216080089048,0.001011692147000006,0.13636363636363638,0.48717948717948717,318,0.03059340086102584,0.2897091722595078,True,1.0,train,sort
MVI_20032,271,1,393.8667301006138,47.03305427229825,387.647369983228,39.57562690506509,400.0860902179997,54.49048163953141,0.6154,False,0.0064749935895615,0.002570078852240004,0.0010581445129544196,0.13636363636363638,0.48717948717948717,318,0.03050396486508109,0.2908277404921701,True,1.0,train,sort
MVI_20032,272,1,393.8451987569569,46.88044345167864,387.6674336632677,39.4888991547153,400.022963850646,54.271987748642,0.5899,False,0.0034981553156723,0.0013793524205398702,0.0010729555313173183,0.13636363636363638,0.48717948717948717,318,0.030723228453239645,0.29194630872483224,True,1.0,train,sort
MVI_20032,273,1,393.8490328688066,45.71600938595758,387.6834335431089,37.79608731673716,400.0146321945043,53.63593145517799,0.2731,False,0.0264296288507982,0.010551873445819725,0.00118775179427307,0.13636363636363638,0.48717948717948717,318,0.03099785187933806,0.29306487695749445,True,1.0,train,sort
MVI_20032,274,1,393.7514775420309,45.10476454968296,387.5931937171604,37.30358042227073,399.90976136690136,52.9059486770952,0.5225,False,0.0140491814087513,0.005599731391337318,0.0009472279043847255,0.13636363636363638,0.48717948717948717,318,0.030786316791670633,0.2941834451901566,True,1.0,train,sort
MVI_20032,275,1,393.6547786856895,45.61644791719259,387.51480367967486,38.30722350024539,399.7947536917042,52.92567233413979,0.5172,False,0.0118193898805789,0.004707821429998682,0.0011388174181060154,0.13636363636363638,0.48717948717948717,318,0.03075652768080201,0.2953020134228188,True,1.0,train,sort
MVI_20032,276,1,393.5323919986552,46.46318580863199,387.3822522993468,39.75291500367154,399.68253169796367,53.17345661359245,0.3588,False,0.0194183625025482,0.007747387816291818,0.0013845119961659856,0.13636363636363638,0.48717948717948717,318,0.03086157997816056,0.296420581655481,True,1.0,train,sort
MVI_20032,277,1,393.4278955361068,46.28994980350693,387.3794728992032,39.51376791772291,399.4763181730104,53.06613168929095,0.3558,False,0.004591936453971,0.0018168616138645479,0.0014052744496717807,0.13636363636363638,0.48717948717948717,318,0.030672229364102188,0.29753914988814323,True,1.0,train,sort
MVI_20032,278,1,393.446612574407,46.05010201652634,387.46519346004254,39.1675986518089,399.42803168877145,52.932605381243775,0.6519,False,0.0054604432257118,0.0021642617324041514,0.0010072316179289937,0.13636363636363638,0.48717948717948717,318,0.030717026213716213,0.2986577181208054,True,1.0,train,sort
MVI_20032,279,1,393.2845987707501,45.974586915884174,387.2708060974013,39.07495772939684,399.298391444099,52.87421610237151,0.6371,False,0.0040571032085878,0.0016029299107500165,0.0008175592494880262,0.13636363636363638,0.48717948717948717,318,0.03044820527347502,0.2997762863534676,True,1.0,train,sort
MVI_20032,280,1,393.30185039112496,44.91385790048693,387.1985886558245,37.43973268925458,399.4051121264256,52.38798311171928,0.5624,False,0.0240788470364326,0.009611567730834374,0.0010502716270305976,0.13636363636363638,0.48717948717948717,318,0.030374837122253986,0.3008948545861298,True,1.0,train,sort
MVI_20032,281,1,393.216608100199,44.30344448301536,387.0228371806713,36.61797284363056,399.4103790197266,51.98891612240016,0.5362,False,0.0139891638490945,0.005575724546465578,0.0009472130893862225,0.13636363636363638,0.48717948717948717,318,0.029305111963842168,0.302013422818792,True,1.0,train,sort
MVI_20032,282,1,393.2301185917984,44.21896477229198,387.0952701597572,36.69574134706016,399.3649670238397,51.74218819752381,0.5483,False,0.0019418255490784,0.0007568251553606801,0.0008969079574714247,0.13636363636363638,0.48717948717948717,318,0.029538197751695125,0.30313199105145416,True,1.0,train,sort
MVI_20032,283,1,393.2591643655651,43.67293497534276,387.2488737256716,36.35780327900827,399.26945500545855,50.98806667167723,0.4387,False,0.0124109130908992,0.004944428950021021,0.0010288436824226277,0.09090909090909091,0.358974358974359,318,0.39970934228154503,0.3042505592841164,False,0.98,train,sort
MVI_20032,284,1,393.0766797875289,42.70894095719274,386.9691772354025,35.423851773775,399.1841823396553,49.99403014061048,0.652,False,0.0222686235006008,0.008887483715150003,0.0013745397546011183,0.09090909090909091,0.358974358974359,318,0.40418435603601643,0.3053691275167785,False,0.96,train,sort
MVI_20032,285,1,392.7634961479912,42.55188118531928,386.41395308088977,35.59651999555718,399.1130392150927,49.50724237508136,0.5461,False,0.0079522070432711,0.003160959828214888,0.0010684194519750105,0.09090909090909091,0.358974358974359,318,0.40913944757326054,0.3064876957494408,False,0.9400000000000001,train,sort
MVI_20032,286,1,392.7100963356337,41.93521887069399,386.427738867999,34.90974782550159,398.9924538032684,48.96068991588638,0.6747,False,0.0140489367998245,0.00559963354849611,0.0010695540785168134,0.09090909090909091,0.358974358974359,318,0.4151407753599727,0.30760626398210295,False,0.92,train,sort
MVI_20032,287,1,392.7791412900958,41.522109213131074,386.6059641415175,34.823486761586594,398.95231843867424,48.22073166467555,0.6048,False,0.0095065245098988,0.0037826821794089316,0.0012131492685963155,0.09090909090909091,0.358974358974359,318,0.42055126711847984,0.3087248322147651,False,0.9,train,sort
MVI_20032,288,1,392.8178892411417,41.10574546762024,386.7350654879624,34.52793339528634,398.90071299432105,47.68355753995413,0.7014,False,0.0094911592159808,0.003776536107665816,0.0011577256998825114,0.13636363636363638,0.48717948717948717,318,0.029410077005801054,0.3098434004474273,True,0.9,train,sort
MVI_20032,289,1,392.67361998131287,40.81757439536522,386.635864155324,34.33525242558079,398.7113758073016,47.29989636514965,0.6442,False,0.0073145900872613,0.00290591494738261,0.0008738641369088485,0.13636363636363638,0.48717948717948717,318,0.02927261400823092,0.3109619686800895,True,0.9,train,sort
MVI_20032,290,1,392.5276797859866,40.80684690597133,386.4170821632264,34.39685590161022,398.6382774087468,47.21683791033243,0.4988,False,0.0033213821703308,0.0013086436895956453,0.0007859605492976587,0.09090909090909091,0.358974358974359,318,0.43838229861015376,0.3120805369127517,False,0.88,train,sort
MVI_20032,291,1,392.2397870961155,41.14298178853032,386.02913115345,34.71098012296784,398.450443038781,47.5749834540928,0.5139,False,0.0100451518405547,0.003998131505317457,0.0007099596052757631,0.04545454545454544,0.23076923076923078,318,0.4455218612683515,0.3131991051454139,False,0.86,train,sort
MVI_20032,292,1,392.0934759645155,41.53523694505039,385.89759868963256,35.126091180387256,398.2893532393985,47.94438270971352,0.6071,False,0.0095023037363327,0.003780993882570159,0.0007098794853945042,0.04545454545454544,0.23076923076923078,318,0.45250177020822513,0.3143176733780761,False,0.84,train,sort
MVI_20032,293,1,391.92047417456655,41.74141714122646,385.772559919844,35.38835057336033,398.06838842928914,48.094483709092586,0.5703,False,0.0061088956508657,0.0024236407685793646,0.0006456764309111558,0.04545454545454544,0.23076923076923078,318,0.4585489798484521,0.31543624161073824,False,0.8200000000000001,train,sort
MVI_20032,294,1,391.8999915011842,41.735898471182345,385.832904486749,35.25140650304014,397.9670785156195,48.22039043932456,0.6178,False,0.0004814796708883,0.00017269115928923075,0.0005159684551998662,0.04545454545454544,0.23076923076923078,318,0.46572555835468377,0.3165548098434005,False,0.8,train,sort
MVI_20032,295,1,391.82044055510505,41.79857748474292,385.7414407233773,35.21033040017203,397.8994403868328,48.38682456931381,0.6105,False,0.0022987102620844,0.0008995779762220995,0.0004965558165986233,0.04545454545454544,0.23076923076923078,318,0.47254885997776264,0.31767337807606266,False,0.78,train,sort
MVI_20032,296,1,391.7510244430281,41.27012069282792,385.7487941587195,34.68968134959095,397.75325472733664,47.85056003606488,0.6564,False,0.0120975686453419,0.004819092106288479,0.0005355153552044817,0.04545454545454544,0.23076923076923078,318,0.47914218655738045,0.31879194630872487,False,0.76,train,sort
MVI_20032,297,1,391.6417327599323,40.97840457607916,385.8392492256549,34.85578741780033,397.44421629420987,47.10102173435799,0.6292,False,0.0070705929513388,0.002808316820688808,0.0004893559542556692,0.04545454545454544,0.23076923076923078,318,0.4852024863456435,0.319910514541387,False,0.74,train,sort
MVI_20032,298,1,391.2241250065439,39.77929000201991,385.5429680901666,33.32390395274548,396.9052819229211,46.23467605129434,0.639,False,0.0288199327701874,0.011507987884947307,0.0009204630887156451,0.04545454545454544,0.23076923076923078,318,0.4858171640340792,0.32102908277404923,False,0.72,train,sort
MVI_20032,299,1,390.75039216863365,38.59467503567791,384.8648189019018,31.81472535423652,396.6359654353656,45.374624717119296,0.4245,False,0.0289578100397818,0.011563138381592269,0.001461008600607968,0.04545454545454544,0.23076923076923078,318,0.48509240239148754,0.32214765100671144,False,0.7000000000000001,train,sort
MVI_20032,300,1,390.7251976325575,37.1617121563621,384.9308964683064,29.61287709030391,396.5194987968087,44.71054722242029,0.3992,False,0.0325293859051003,0.012991758076172038,0.0020348555755733645,0.04545454545454544,0.23076923076923078,318,0.4862327036028299,0.32326621923937365,False,0.68,train,sort
MVI_20032,301,1,390.5570330653241,37.749088523597365,384.8557781672226,31.050763873229524,396.2582879634255,44.44741317396521,0.5995,False,0.0138674679563895,0.005527046552318524,0.002068452289640609,0.04545454545454544,0.23076923076923078,318,0.48610298125790896,0.3243847874720358,False,0.66,train,sort
MVI_20032,302,1,390.4819385573985,38.74242268272232,384.9552024018023,33.113398402121454,396.00867471299466,44.37144696332318,0.6802,False,0.0226103179069114,0.009024160458635518,0.002363431610078318,0.04545454545454544,0.23076923076923078,318,0.48549848091087533,0.325503355704698,False,0.64,train,sort
MVI_20032,303,1,390.4090411012335,39.0403951600757,384.9507594161221,33.78744054443079,395.8673227863449,44.29334977572061,0.5814,False,0.0069626152289532,0.0027651260537576326,0.0019485300147581,0.04545454545454544,0.23076923076923078,318,0.48527538305328427,0.3266219239373602,False,0.62,train,sort
MVI_20032,304,1,390.28312320227246,38.52945130630732,384.81499351759743,32.9367737847947,395.7512528869475,44.12212882781993,0.6406,False,0.0119440094223613,0.004757668875057509,0.0016255693858835444,0.04545454545454544,0.23076923076923078,318,0.48586571827753755,0.32774049217002243,False,0.6,train,sort
MVI_20032,305,1,390.1968826725008,38.30118736636237,384.7272285276765,32.59743035554004,395.666536817325,44.00494437718469,0.5275,False,0.0055384085514642,0.002195447630188329,0.001113219252242985,0.04545454545454544,0.23076923076923078,318,0.4862387804358414,0.3288590604026846,False,0.58,train,sort
MVI_20032,306,1,390.1150602534873,38.92177012758346,384.572869883289,33.60298811827761,395.6572506236856,44.2405521368893,0.6336,False,0.0142074432024852,0.005663035636845099,0.0011196727555929898,0.04545454545454544,0.23076923076923078,318,0.48641551541618705,0.3299776286353468,False,0.56,train,sort
MVI_20032,307,1,390.0437610572895,39.49363532573494,384.465129258171,34.5171989662968,395.622392856408,44.47007168517308,0.6037,False,0.0130802786018201,0.005212173158133678,0.0009387709361594091,0.04545454545454544,0.23076923076923078,318,0.48630814808380574,0.33109619686800895,False,0.54,train,sort
MVI_20032,308,1,390.0361057888727,39.72387849347167,384.4274384228199,34.74712584990881,395.64477315492553,44.70063113703454,0.5275,False,0.0052287812959684,0.002071597651394583,0.0009058588249884659,0.04545454545454544,0.23076923076923078,318,0.48658761490132657,0.3322147651006712,False,0.52,train,sort
MVI_20032,309,1,389.9652015995759,39.92187262485732,384.2987414066984,34.97010116867261,395.6316617924534,44.87364408104202,0.4942,False,0.0047733992589543,0.0018894461946794964,0.0007697443365291945,0.04545454545454544,0.23076923076923078,318,0.48679066964039214,0.33333333333333337,False,0.5,train,sort
MVI_20032,310,1,389.97343511144766,39.88440223051674,384.3313333219995,34.83076344135497,395.6155369008959,44.93804101967852,0.5118,False,0.0008707657338978,0.000328404423521201,0.0006811418605968306,0.04545454545454544,0.23076923076923078,318,0.4869352564417794,0.3344519015659956,False,0.48,train,sort
MVI_20032,311,1,389.9452050979097,39.64948623981433,384.34668860006695,34.49510553649748,395.5437215957524,44.80386694313118,0.4453,False,0.0053703152795534,0.0021282108227303124,0.0005133930750307951,0.04545454545454544,0.23076923076923078,318,0.4872117730474637,0.33557046979865773,False,0.46,train,sort
MVI_20032,312,1,389.8921188456865,39.30151650513527,384.2898602623742,33.87028027390873,395.49437742899886,44.73275273636181,0.5311,False,0.0079893484881964,0.0031758162954176913,0.00041675564357007504,0.04545454545454544,0.23076923076923078,318,0.48780466004972195,0.33668903803131994,False,0.44,train,sort
MVI_20032,313,1,389.77811076092337,39.47442539755169,384.0487251926596,34.09701719737157,395.5074963291871,44.85183359773181,0.4707,False,0.004700876121641,0.0018604371560406654,0.00040673480278789525,0.04545454545454544,0.23076923076923078,318,0.48812683413899655,0.33780760626398215,False,0.42,train,sort
MVI_20032,314,1,389.8043274048729,39.481470208690496,384.1361219135197,34.19718299989068,395.472532896226,44.76575741749031,0.3542,False,0.0006161555979467,0.00022656112846719442,0.00032782086360789455,0.09090909090909091,0.358974358974359,318,0.4881816174558564,0.3389261744966443,False,0.4,train,sort
MVI_20032,315,1,389.6809828029952,38.210379122154194,383.9760884586615,31.92411155277796,395.385877147329,44.49664669153042,0.3794,False,0.0289858252031631,0.011574344363394887,0.0008615086322151258,0.09090909090909091,0.358974358974359,318,0.48964224085634317,0.3400447427293065,False,0.38,train,sort
MVI_20032,316,1,389.6621810687466,38.90262062188727,383.9896651165224,33.356309127210174,395.3346970209709,44.44893211656436,0.373,False,0.0157177931915822,0.006267171128151505,0.0010579272954450618,0.09090909090909091,0.358974358974359,318,0.48916371774790895,0.34116331096196867,False,0.36,train,sort
MVI_20032,317,1,389.49924278160944,38.00260875319948,383.75574092620127,31.789145996044635,395.2427446370176,44.21607151035431,0.4138,False,0.0207598884582377,0.008283994197720895,0.001300341187116582,0.09090909090909091,0.358974358974359,318,0.4901404770437783,0.34228187919463093,False,0.34,train,sort
MVI_20032,11,3,263.29518046281464,278.8168599142076,240.594610745156,242.87069359003155,285.9957501804733,314.7630262383837,0.904,False,0.0246166089232759,0.009826670881798876,0.0022931616993264402,0.2727272727272727,0.8717948717948718,98,0.14397610555792845,0.0,True,0.02,train,sort
MVI_20032,12,3,263.42216327843585,279.5671899520558,240.5608313988636,243.2822305201317,286.2834951580082,315.8521493839798,0.8984,False,0.017272611907139,0.0068890939774223035,0.001944647286215837,0.22727272727272727,0.7435897435897436,98,0.14618559407847226,0.0011185682326621926,True,0.04,train,sort
MVI_20032,13,3,263.2829537362095,281.1549545801265,240.4306357044524,244.432886133148,286.13527176796663,317.877023027105,0.9043,False,0.0361761871918652,0.01445046771498485,0.002426530564890179,0.22727272727272727,0.7435897435897436,98,0.14805947282849452,0.002237136465324385,True,0.06,train,sort
MVI_20032,14,3,263.0293018669466,282.84202457553334,240.26364870761992,246.0584683888128,285.79495502627327,319.62558076225395,0.9192,False,0.038722280377339,0.015468897395934341,0.0027278855030284338,0.2727272727272727,0.8717948717948718,98,0.15035103770143465,0.0033557046979865775,True,0.08,train,sort
MVI_20032,15,3,263.1858630122489,284.2609398976076,240.2473721893827,247.0752181250363,286.1243538351152,321.4466616701789,0.8907,False,0.0324009695180028,0.012940391904310577,0.002788705609738355,0.2727272727272727,0.8717948717948718,98,0.15301553796531547,0.00447427293064877,True,0.1,train,sort
MVI_20032,16,3,263.27491301442086,286.0821129889117,240.2873511355162,248.55167232090605,286.26247489332553,323.6125536569174,0.8849,False,0.0413850605630776,0.016534001528992908,0.003107008957039717,0.2727272727272727,0.8717948717948718,98,0.1561018536557398,0.005592841163310963,True,0.12,train,sort
MVI_20032,17,3,263.2647408511316,288.0301391310359,239.82213648126503,250.5942898363124,286.7073452209982,325.4659884257594,0.8847,False,0.0442154968397528,0.017666167598423654,0.003618446187156444,0.2727272727272727,0.8717948717948718,98,0.1587787905010572,0.006711409395973155,True,0.14,train,sort
MVI_20032,18,3,263.2864061831841,289.4364741734562,239.38945765097387,252.08631346494764,287.1833547153944,326.7866348819647,0.8797,False,0.0319237672505523,0.012749512420495645,0.0035377255857242792,0.22727272727272727,0.7435897435897436,98,0.16092886218088254,0.007829977628635349,True,0.16,train,sort
MVI_20032,19,3,263.3455298888083,290.831433194566,239.19958180860675,252.92163232475693,287.49147796900985,328.7412340643751,0.869,False,0.0316902006225816,0.01265608646587553,0.003404240719470052,0.22727272727272727,0.7435897435897436,98,0.16412298255917301,0.00894854586129754,True,0.18,train,sort
MVI_20032,20,3,263.5077063483384,292.540416778829,238.93165413399336,254.3533566793794,288.08375856268333,330.72747687827865,0.9031,False,0.0389635420312562,0.015565401337984093,0.0035288132705169396,0.22727272727272727,0.7435897435897436,98,0.16685513411339065,0.010067114093959733,True,0.2,train,sort
MVI_20032,21,3,263.5262620029572,294.8917894759616,238.88303527027367,256.45604246465314,288.1694887356407,333.32753648727004,0.8982,False,0.0533714253396803,0.021328511692574447,0.003756341733628691,0.22727272727272727,0.7435897435897436,98,0.17033308619762927,0.011185682326621926,True,0.22,train,sort
MVI_20032,22,3,263.4253436871425,297.05691538219185,238.70137955412065,258.306845568823,288.1493078201644,335.8069851955607,0.8982,False,0.0491958218405667,0.01965828274587447,0.0038508796285077244,0.22727272727272727,0.7435897435897436,98,0.17424031453736077,0.012304250559284118,True,0.24,train,sort
MVI_20032,23,3,263.20276715198,299.26713277505473,238.0895996258731,260.2296029189553,288.3159346780869,338.30466263115414,0.8967,False,0.0504196515009722,0.020147810960196817,0.0042019735753234845,0.22727272727272727,0.7435897435897436,98,0.1767429790333911,0.01342281879194631,True,0.26,train,sort
MVI_20032,24,3,263.1599892807325,301.23209692664506,237.74695168807625,261.7590758585036,288.5730268733888,340.7051179947865,0.904,False,0.044609908370202,0.01782393103434573,0.004447219010654064,0.2727272727272727,0.8717948717948718,98,0.17965663518918706,0.014541387024608502,True,0.28,train,sort
MVI_20032,25,3,263.1862691247446,303.0863579661251,237.61835671875977,263.0857453387621,288.75418153072945,343.08697059348805,0.9015,False,0.0420909079418703,0.016816338375454078,0.004506583527961185,0.2727272727272727,0.8717948717948718,98,0.1828236890624868,0.015659955257270698,True,0.3,train,sort
MVI_20032,26,3,263.1118390394609,305.2879430968226,237.44677509350564,265.152224566034,288.77690298541614,345.42366162761124,0.9183,False,0.0499985416727217,0.019979368284776845,0.004442558525276818,0.22727272727272727,0.7435897435897436,98,0.1860422096054153,0.016778523489932886,True,0.32,train,sort
MVI_20032,27,3,262.91061148308665,307.988594966125,237.08869546747013,267.812058934755,288.73252749870323,348.16513099749505,0.9075,False,0.0614673722108457,0.024566866296414597,0.004675500459531834,0.22727272727272727,0.7435897435897436,98,0.189649175775016,0.01789709172259508,True,0.34,train,sort
MVI_20032,28,3,262.7598741815997,310.3165024323098,236.8559541968691,269.74012897759553,288.6637941663303,350.8928758870241,0.9108,False,0.0529478201459404,0.021159070878400642,0.004723490850029526,0.22727272727272727,0.7435897435897436,98,0.19322773894297363,0.019015659955257273,True,0.36,train,sort
MVI_20032,29,3,262.5938119343764,312.7270172979425,236.5860449496302,271.64272198417285,288.6015789191225,353.81131261171214,0.8928,False,0.0548418064663904,0.02191665975812568,0.004917715545500679,0.22727272727272727,0.7435897435897436,98,0.19642702122235606,0.020134228187919465,True,0.38,train,sort
MVI_20032,30,3,262.2713789464051,315.3100069148289,236.3804506994164,274.1028669520913,288.1623071933939,356.51714687756646,0.9293,False,0.0590818445459103,0.02361266234482423,0.005240242163403436,0.22727272727272727,0.7435897435897436,98,0.2003050014794563,0.021252796420581657,True,0.4,train,sort
MVI_20032,31,3,261.87846665508465,317.53748102912914,235.89879035990623,275.9106561471879,287.8581429502631,359.1643059110703,0.9412,False,0.0513381207391351,0.0205151959163017,0.00526567042058385,0.22727272727272727,0.7435897435897436,98,0.20440888205101593,0.022371364653243853,True,0.42,train,sort
MVI_20032,32,3,261.47119581771346,319.5631271110311,234.94684918396405,277.3908789930899,287.9955424514629,361.73537522897226,0.9241,False,0.04689672995669,0.018738652848929283,0.004989086493728019,0.22727272727272727,0.7435897435897436,98,0.20778975606416583,0.02348993288590604,True,0.44,train,sort
MVI_20032,33,3,261.3469886113501,321.90294445508187,234.6537423742218,279.27587240270805,288.04023484847846,364.5300165074557,0.9129,False,0.0531822623627505,0.021252847065945227,0.00499353674017667,0.22727272727272727,0.7435897435897436,98,0.2123747043890793,0.024608501118568236,True,0.46,train,sort
MVI_20032,34,3,261.0606072856207,324.0068381090747,234.0370748258045,280.7920798717288,288.0841397454369,367.2215963464206,0.9014,False,0.0481930262692778,0.019257167508006528,0.00486732777123474,0.22727272727272727,0.7435897435897436,98,0.2166238175916675,0.02572706935123043,True,0.48,train,sort
MVI_20032,35,3,260.91238504792955,326.08098779319727,233.833456438478,282.1616499026042,287.99131365738106,370.0003256837903,0.9451,False,0.0471976094527933,0.01885900375005458,0.004641737961781099,0.22727272727272727,0.7435897435897436,98,0.22077828225005802,0.02684563758389262,True,0.5,train,sort
MVI_20032,36,3,260.70320938303024,328.6377393958509,233.4603929590913,284.4754258486222,287.94602580696915,372.8000529430796,0.9371,False,0.0582251948085168,0.02327000500466222,0.00477247029035181,0.22727272727272727,0.7435897435897436,98,0.22626075963946946,0.027964205816554812,True,0.52,train,sort
MVI_20032,37,3,260.73446510459047,330.7911889537984,233.2513877711125,285.90645620897925,288.21754243806845,375.6759216986175,0.9079,False,0.0488825948285189,0.019532992875195526,0.0048101665219162665,0.22727272727272727,0.7435897435897436,98,0.23070674482317916,0.029082774049217004,True,0.54,train,sort
MVI_20032,38,3,260.8071555017727,332.9406473291942,233.2286287857248,287.6416299677569,288.38568221782066,378.23966469063146,0.8914,False,0.0488147475195827,0.01950585415396279,0.004727261157495563,0.22727272727272727,0.7435897435897436,98,0.2351514105938169,0.0302013422818792,True,0.56,train,sort
MVI_20032,39,3,260.9633009214833,335.5513516474392,233.2890200450048,290.0607702342354,288.6375817979619,381.041933060643,0.8985,False,0.0593617763373309,0.023724634226548993,0.004939269434001865,0.22727272727272727,0.7435897435897436,98,0.24042020210637471,0.031319910514541395,True,0.58,train,sort
MVI_20032,40,3,260.71483293782205,337.6760920244616,232.5898610222083,291.5108416098816,288.83980485343585,383.8413424390416,0.9172,False,0.0485544522130945,0.019401736807648888,0.004965025395353739,0.2727272727272727,0.8717948717948718,98,0.2452082798958365,0.03243847874720358,True,0.6,train,sort
MVI_20032,41,3,260.6188739778967,340.6886311300615,232.2422856602901,294.37493736697945,288.9954622955033,387.00232489314345,0.8764,False,0.0684111218627645,0.027344345448765756,0.00515837745590051,0.2727272727272727,0.8717948717948718,98,0.250311439757005,0.03355704697986577,True,0.62,train,sort
MVI_20032,42,3,260.43848889139304,343.86380294976266,231.83957340763257,297.5005728596886,289.03740437515347,390.2270330398368,0.8933,False,0.0721839684193484,0.028853472819600025,0.005600690519145766,0.2727272727272727,0.8717948717948718,98,0.2550644089967031,0.03467561521252797,True,0.64,train,sort
MVI_20032,43,3,260.4481658420472,347.3468969183807,231.69690881355444,300.708870688695,289.1994228705398,393.98492314806646,0.914,False,0.0790570628316204,0.031602690086808355,0.0061747584415003855,0.2727272727272727,0.8717948717948718,98,0.2611038732109011,0.03579418344519016,True,0.66,train,sort
MVI_20032,44,3,260.3712349599797,350.6365813109239,231.4635214077296,303.6835741792499,289.2789485122298,397.58958844259786,0.8892,False,0.0746873006605879,0.02985479825038222,0.006465671746797,0.2727272727272727,0.8717948717948718,98,0.26731673488683083,0.03691275167785235,True,0.68,train,sort
MVI_20032,45,3,260.39636436070214,353.2344358922883,231.3912128600584,305.7370363476389,289.40151586134584,400.7318354369376,0.8904,False,0.0589669903902485,0.023566721025090265,0.006663325401820484,0.31818181818181823,1.0,98,0.2727502487911731,0.03803131991051455,False,0.68,train,sort
MVI_20032,46,3,260.3331565788752,356.4722009790891,231.15763473340328,308.3405046018083,289.5086784243472,404.60389735636994,0.906,False,0.0735024617572148,0.029380866222590268,0.006759970611853226,0.31818181818181823,1.0,98,0.27921462363459715,0.039149888143176735,False,0.68,train,sort
MVI_20032,47,3,260.2031259106608,359.7821829061369,230.7187558766514,311.2633113675072,289.6874959446702,408.3010544447666,0.9026,False,0.0751855338267664,0.030054090030967713,0.0068169471495114434,0.31818181818181823,1.0,98,0.2850971435713689,0.04026845637583893,False,0.68,train,sort
MVI_20032,48,3,259.9198473552416,362.53282838263976,230.09761020754644,313.5873243660884,289.7420845029368,411.4783323991911,0.8579,False,0.0627623790196479,0.025084865157823266,0.006507636993035389,0.31818181818181823,1.0,98,0.29017563270110136,0.04138702460850112,False,0.68,train,sort
MVI_20032,49,3,259.5751571360176,366.0021624768921,229.2577943379081,316.322609483537,289.8925199341271,415.6817154702472,0.9057,False,0.0791321388757506,0.03163272028056036,0.006592010130907052,0.31818181818181823,1.0,98,0.2969997321186755,0.042505592841163314,False,0.68,train,sort
MVI_20032,50,3,259.5633740238593,369.4981830974703,229.0610017563453,319.6311707903609,290.0657462913732,419.3651954045797,0.903,False,0.0793506082578398,0.03172010738185255,0.006978937554901633,0.31818181818181823,1.0,98,0.3043276677203309,0.04362416107382551,False,0.68,train,sort
MVI_20032,51,3,259.4711382472987,372.5251797502895,228.7302324358796,322.18231145940644,290.2120440587178,422.8680480411725,0.9002,False,0.0687364776088511,0.027474486776888584,0.00688846833686074,0.31818181818181823,1.0,98,0.31120395835392567,0.044742729306487705,False,0.68,train,sort
MVI_20032,52,3,259.26863053757205,375.4863636734916,228.16546864848536,323.9020608563301,290.3717924266587,427.0706664906531,0.8779,False,0.0673678032252524,0.026927021105260872,0.006740070030790804,0.31818181818181823,1.0,98,0.31767445248932985,0.04586129753914989,False,0.68,train,sort
MVI_20032,53,3,259.2531146027514,378.3728324853108,228.01491879765743,325.85530533200847,290.49131040784533,430.89035963861306,0.8841,False,0.0655159362347521,0.026186279831902814,0.006792338808933271,0.2727272727272727,0.8717948717948718,98,0.32461499973902885,0.04697986577181208,False,0.68,train,sort
MVI_20032,54,3,259.1515767438764,381.799526574584,227.70826329243064,328.83910012018777,290.5948901953221,434.75995302898025,0.8664,False,0.0778107711920657,0.031104177147814886,0.006767256245213766,0.2727272727272727,0.8717948717948718,98,0.3322881750877591,0.04809843400447428,False,0.68,train,sort
MVI_20032,55,3,259.23450368801707,385.33691246328186,228.03409210636133,331.9657437120962,290.43491526967284,438.70808121446754,0.8453,False,0.0803110959802001,0.03210429960632421,0.006785488486546262,0.2727272727272727,0.8717948717948718,98,0.34012720412613173,0.04921700223713647,False,0.68,train,sort
MVI_20032,56,3,259.09430207688433,388.3131971547674,227.8481706106968,334.3478816213987,290.3404335430719,442.27851268813606,0.7911,False,0.067628474957445,0.0270312890207339,0.006764456076378813,0.2727272727272727,0.8717948717948718,98,0.34671693017843613,0.05033557046979866,False,0.68,train,sort
MVI_20032,57,3,258.6488236504036,391.9395487507309,226.7745913953368,337.0012310770074,290.5230559054703,446.87786642445445,0.7391,False,0.0829270416034987,0.03315067005408198,0.00705980580595672,0.2727272727272727,0.8717948717948718,98,0.3548187780215334,0.05145413870246086,False,0.68,train,sort
MVI_20032,58,3,258.46597803537816,395.4701889407922,226.141949618574,340.33195553592583,290.7900064521824,450.60842234565865,0.8063,False,0.0802433187686001,0.03207718892381688,0.0073393650197832675,0.2727272727272727,0.8717948717948718,98,0.36272086809237025,0.052572706935123045,False,0.68,train,sort
MVI_20032,59,3,258.55526377992373,399.7393142532612,225.9003968458024,342.95191658679147,291.2101307140451,456.52671191973104,0.7343,False,0.0969187204655567,0.03874729987137668,0.0077020773527085255,0.2727272727272727,0.8717948717948718,98,0.3712761127176177,0.05369127516778524,False,0.68,train,sort
MVI_20032,60,3,258.1943489512687,404.6300687104069,225.2656430609651,346.4366637085396,291.1230548415723,462.8234737122742,0.7282,False,0.1113086687640363,0.04450323627547702,0.008290481779500872,0.2727272727272727,0.8717948717948718,98,0.3816058478779813,0.05480984340044743,False,0.68,train,sort
MVI_20032,61,3,258.0657476365931,409.2713080222766,224.7625385046584,350.2548609670723,291.3689567685277,468.28775507748094,0.793,False,0.1053839376758785,0.04213336150960066,0.00900716632619235,0.2727272727272727,0.8717948717948718,98,0.3922456338769837,0.055928411633109625,False,0.66,train,sort
MVI_20032,62,3,257.7160013003364,413.2597511954745,224.1467711919027,353.1387174401461,291.2852314087702,473.3807849508028,0.7991,False,0.0908741974862458,0.03632950870629567,0.009158021418441882,0.2727272727272727,0.8717948717948718,98,0.4008528093064813,0.05704697986577182,False,0.64,train,sort
MVI_20032,63,3,257.3510725170019,416.6025933816644,222.98592122045488,355.4371660851939,291.71622381354894,477.768020678135,0.8126,False,0.0763241948304255,0.03050955103659086,0.00908362753313831,0.22727272727272727,0.7435897435897436,98,0.4092102974797746,0.05816554809843401,False,0.62,train,sort
MVI_20032,64,3,256.99730907276427,421.48884620564985,222.32468318871463,359.12002387238334,291.6699349568139,483.8576685389164,0.8123,False,0.111194932401018,0.04445774206946684,0.00935462250294548,0.22727272727272727,0.7435897435897436,98,0.420382100412085,0.059284116331096204,False,0.6,train,sort
MVI_20032,65,3,256.7083626237894,426.76761471995474,221.73703289955463,363.3279082318592,291.67969234802416,490.2073212080503,0.7926,False,0.119993043071448,0.04797696009894244,0.009519471677493344,0.22727272727272727,0.7435897435897436,98,0.4307871789103344,0.0604026845637584,False,0.58,train,sort
MVI_20032,66,3,256.65161438654025,431.7491514790052,221.36708925341685,368.20180565736325,291.93613951966364,495.2964973006471,0.8148,False,0.113074668920243,0.04520963107119918,0.009665459246939878,0.22727272727272727,0.7435897435897436,98,0.4411079568080923,0.061521252796420595,False,0.56,train,sort
MVI_20032,67,3,256.28490266902315,437.2978638473977,220.7793923126925,372.98413287723406,291.79041302535387,501.6115948175614,0.8427,False,0.12621541979999,0.05046589223330081,0.010336316020232241,0.22727272727272727,0.7435897435897436,98,0.45385828409401047,0.06263982102908279,False,0.54,train,sort
MVI_20032,68,3,255.97799180068355,443.02952628374106,219.9848595483812,376.9884365352023,291.9711240529859,509.0706160322798,0.8753,False,0.1302795152915716,0.05209151830953945,0.011360510708949707,0.22727272727272727,0.7435897435897436,98,0.4640186991919835,0.06375838926174497,False,0.52,train,sort
MVI_20032,69,3,255.87166592350752,448.96454088318046,219.6934846355865,382.763559335022,292.04984721142847,515.1655224313389,0.7876,False,0.1347303013605343,0.05387181946349928,0.01180726553645,0.22727272727272727,0.7435897435897436,98,0.47398850625526706,0.06487695749440715,False,0.5,train,sort
MVI_20032,70,3,255.67093120965583,454.45140029315576,219.24068683644083,387.5283592485994,292.10117558287084,521.374441337712,0.8143,False,0.1246200965522425,0.04982776769195084,0.011895097534461281,0.22727272727272727,0.7435897435897436,98,0.48411378489727813,0.06599552572706935,False,0.48,train,sort
MVI_20032,71,3,255.42789922683363,461.776530642364,218.7196154654602,394.2677487339535,292.13618298820705,529.2853125507745,0.8342,False,0.1663520137768667,0.06652041012427247,0.012906422704338024,0.22727272727272727,0.7435897435897436,98,0.4985976427562105,0.06711409395973154,False,0.46,train,sort
MVI_20032,72,3,255.18351478319573,466.7399490268172,218.27703425907865,397.8394041506901,292.0899953073128,535.6404939029442,0.8603,False,0.112792568009383,0.04509679154816762,0.012651626450810416,0.22727272727272727,0.7435897435897436,98,0.5086721446522514,0.06823266219239374,False,0.44,train,sort
MVI_20032,73,3,253.97155303419885,471.5282756723344,216.1664640412982,400.56301280911015,291.77664202709946,542.4935385355586,0.8578,False,0.1121092219880109,0.044823455177568715,0.012306712960632066,0.22727272727272727,0.7435897435897436,98,0.5204359402203063,0.06935123042505593,False,0.42,train,sort
MVI_20032,74,3,253.0457065347441,476.3305708494552,214.73714501765912,403.7177062413601,291.35426805182914,548.9434354575502,0.7883,False,0.1110062449157432,0.04438226763808154,0.011856376415544066,0.22727272727272727,0.7435897435897436,98,0.5322204002075505,0.07046979865771813,False,0.4,train,sort
MVI_20032,75,3,251.9211231591762,482.7810913228276,212.88449294775825,408.8214260700498,290.9577533705942,556.7407565756054,0.6619,False,0.1486176240815486,0.05942670713559889,0.012311904063750054,0.22727272727272727,0.7435897435897436,98,0.5464556648793031,0.07158836689038033,False,0.38,train,sort
MVI_20032,76,3,251.57551675587024,490.40807602025984,212.5128649827621,415.9572106162168,290.6381685289784,564.8589414243029,0.787,False,0.1732894405844033,0.06929536015772741,0.012443592201804238,0.22727272727272727,0.7435897435897436,98,0.5616364300764951,0.07270693512304252,False,0.36,train,sort
MVI_20032,77,3,250.5578040729469,497.3559135531773,210.7001348078235,421.18072025376017,290.4154733380703,573.5311068525945,0.782,False,0.1593798149987329,0.06373155140627942,0.013327924099393852,0.22727272727272727,0.7435897435897436,98,0.5748652157314313,0.0738255033557047,False,0.34,train,sort
MVI_20032,78,3,249.6748390258564,504.58804398271707,209.2616241544725,425.9392126859326,290.0880538972402,583.2368752795015,0.5938,False,0.1653685503700799,0.06612702769455082,0.014338907275610085,0.22727272727272727,0.7435897435897436,98,0.5887837042626112,0.0749440715883669,False,0.32,train,sort
MVI_20032,79,3,248.87437421975915,512.971312027269,207.817432169366,433.124119559136,289.9313162701524,592.8185044954022,0.7727,False,0.1911428018732204,0.07643665142899041,0.015860081374966167,0.22727272727272727,0.7435897435897436,98,0.6041447913009014,0.0760626398210291,False,0.3,train,sort
MVI_20032,80,3,247.1121789093133,521.1027266602991,204.53130385310595,439.1229977714854,289.6930539655207,603.082455549113,0.8335,False,0.1888452350319432,0.07551763154453686,0.01662369291731362,0.22727272727272727,0.7435897435897436,98,0.6201708505044692,0.07718120805369127,False,0.28,train,sort
MVI_20032,81,3,245.7000563918151,528.6517026543199,201.9340936629191,444.201388485986,289.4660191207111,613.1020168226538,0.8245,False,0.1743132286278526,0.06970487232185348,0.01664312674269935,0.22727272727272727,0.7435897435897436,98,0.636369825811741,0.07829977628635347,False,0.26,train,sort
MVI_20032,82,3,244.72717794868493,536.821238465854,200.0872686863137,450.3966470609605,289.36708721105623,623.2458298707475,0.8213,False,0.186736421677421,0.07467411249186384,0.017162417352451574,0.22727272727272727,0.7435897435897436,98,0.653025630055847,0.07941834451901567,False,0.24,train,sort
MVI_20032,83,3,243.814498761467,544.6909617218582,198.4238701285039,458.39765117838687,289.2051273944301,630.9842722653297,0.8868,False,0.1798185118333065,0.07190696918557204,0.017436710483440684,0.22727272727272727,0.7435897435897436,98,0.668906440134011,0.08053691275167786,False,0.22,train,sort
MVI_20032,84,3,243.26892980199744,551.0632236252009,197.52354800327063,465.5431720429897,289.01431160072417,636.583275207412,0.8571,False,0.1451621321860514,0.058044520682749234,0.01656389280253778,0.22727272727272727,0.7435897435897436,98,0.6809496669494507,0.08165548098434006,False,0.2,train,sort
MVI_20032,85,3,242.5412559199524,556.8102931546431,196.6907815135945,473.57721191587615,288.3917303263101,640.04337439341,0.8572,False,0.1314842994808131,0.05257342839219574,0.01547505179428841,0.22727272727272727,0.7435897435897436,98,0.6925262123063514,0.08277404921700224,False,0.18,train,sort
MVI_20032,86,3,241.42143930952813,562.8022121717629,195.26841394591509,482.9212000431298,287.5744646731413,642.6832243003961,0.9141,False,0.1383549216227608,0.0553216567586474,0.014792481350166826,0.22727272727272727,0.7435897435897436,98,0.7030363378083592,0.08389261744966443,False,0.16,train,sort
MVI_20032,87,3,240.596140426238,567.4796947501966,194.25493648760764,490.3828161642212,286.9373443648683,644.5765733361719,0.8673,False,0.1078060130810555,0.04310218444829093,0.013294202689753513,0.22727272727272727,0.7435897435897436,98,0.7110929423319297,0.08501118568232663,False,0.14,train,sort
MVI_20032,88,3,239.83261252033745,572.8671147654534,193.70341717054697,499.5441324982801,285.9618078701279,646.1900970326268,0.8829,False,0.1235017139363763,0.049380417980968386,0.012225181788781455,0.22727272727272727,0.7435897435897436,98,0.722547972171874,0.08612975391498882,False,0.12,train,sort
MVI_20032,89,3,238.6275462293239,577.0423628866967,192.00683758828416,506.6277273219419,285.24825487036367,647.4569984514515,0.8663,False,0.0986349755993031,0.039433796806469835,0.011341990543692124,0.22727272727272727,0.7435897435897436,98,0.7310144369693664,0.08724832214765102,False,0.1,train,sort
MVI_20032,90,3,237.8817627696216,581.4443902781502,191.05034570766333,514.5488911336427,284.71317983157974,648.3398894226578,0.8261,False,0.1013377949596807,0.040514916489974774,0.010769741328043873,0.22727272727272727,0.7435897435897436,98,0.7408058427300113,0.08836689038031321,False,0.08,train,sort
MVI_20032,91,3,238.0848811141805,585.6159898490209,190.9759548292236,522.2885351759185,285.19380739913754,648.9434445221234,0.7205,False,0.094796133337838,0.03789827135050276,0.009942896464051035,0.22727272727272727,0.7435897435897436,98,0.751168357320429,0.08948545861297541,False,0.06,train,sort
MVI_20032,92,3,201.08139166549245,590.8151647807067,115.84193435515306,532.2863150179649,286.32084897583184,649.3440145434485,0.5845,False,0.8481283247268218,0.33922890123571625,0.023995897596212654,0.22727272727272727,0.7435897435897436,98,0.7600711708676335,0.09060402684563759,False,0.04,train,sort
MVI_20032,93,3,222.68996492120965,596.0475185088986,158.76297632825336,542.5734523781546,286.6169535141659,649.5215846396427,0.7363,False,0.5046294724546956,0.20183038474704293,0.031230569221939532,0.22727272727272727,0.7435897435897436,98,0.7707212235656643,0.09172259507829977,False,0.02,train,sort
MVI_20032,94,3,230.3078836741488,601.2723731188506,174.1943619151807,552.8561075200867,286.4214054331168,649.6886387176146,0.5294,False,0.2096665941111252,0.0838461130804553,0.03333820185181895,0.22727272727272727,0.7435897435897436,98,0.7825031464826281,0.09284116331096197,False,0.0,train,sort
MVI_20032,95,3,233.2928276027453,606.1909831493566,181.26973177931416,562.6705428094988,285.31592342617654,649.7114234892144,0.6996,False,0.1305885075849815,0.0522151143053925,0.03389344690005488,0.22727272727272727,0.7435897435897436,98,0.7930120627184352,0.09395973154362416,False,0.0,train,sort
MVI_20032,96,3,233.6588882623251,611.4836701003283,182.9435893409506,573.2199533760597,284.3741871836996,649.7473868245969,0.6622,False,0.120416578038339,0.048146372822586145,0.03437978120704372,0.22727272727272727,0.7435897435897436,98,0.8035729849772739,0.09507829977628636,False,0.0,train,sort
MVI_20032,97,3,227.9961242730766,619.3496066027631,172.036640073722,588.9643802921813,283.9556084724312,649.7348329133449,0.3812,False,0.2199878757588481,0.0879745949582795,0.022456246954941972,0.22727272727272727,0.7435897435897436,98,0.8192219199055053,0.09619686800894856,False,0.0,train,sort
MVI_20032,11,5,216.54121970706703,179.1043006745115,190.51655010452703,160.97554551651976,242.56588930960703,197.2330558325033,0.7069,False,0.0543385695635439,0.021715366497795666,0.005114113735738952,0.2727272727272727,0.8717948717948718,18,0.08157110488148084,0.0,True,0.02,train,sort
MVI_20032,12,5,215.2153397985421,179.09440053819935,189.12820446198305,160.38470225468492,241.3024751351012,197.8040988217137,0.5748,False,0.0300947059275993,0.012017893346142925,0.003963604566406635,0.22727272727272727,0.7435897435897436,18,0.08025629323398732,0.0011185682326621926,True,0.04,train,sort
MVI_20032,13,5,214.44959863854925,179.75003992920665,188.7522613751972,160.76646317915916,240.1469359019013,198.73361667925417,0.6246,False,0.022880642659155,0.009132289553340629,0.0033518692979377335,0.22727272727272727,0.7435897435897436,18,0.0794960570413659,0.002237136465324385,True,0.06,train,sort
MVI_20032,14,5,213.24543697607405,180.2585573030114,187.69737236214883,161.20873620464025,238.79350158999924,199.30837840138256,0.69,False,0.0296683505954518,0.011847352484807836,0.0032070593304334523,0.2727272727272727,0.8717948717948718,18,0.0786776927135862,0.0033557046979865775,True,0.08,train,sort
MVI_20032,15,5,212.3258351493526,180.59933994565552,187.4275607484432,161.18386314828547,237.22410955026209,200.0148167430256,0.6366,False,0.0222595442688288,0.008883852049518309,0.002979537356582871,0.2727272727272727,0.8717948717948718,18,0.07786148067451627,0.00447427293064877,True,0.1,train,sort
MVI_20032,16,5,211.8293195389709,181.0586168829585,187.8531278541791,161.54815926141657,235.8055112237628,200.5690745045005,0.4472,False,0.0153515355102155,0.006120669147898882,0.0022394747850887366,0.2727272727272727,0.8717948717948718,18,0.0771708224287933,0.005592841163310963,True,0.12,train,sort
MVI_20032,17,5,209.877656769559,181.72547469283563,185.6787523096032,162.30830156650714,234.0765612295148,201.14264781916413,0.2756,False,0.0468119322630032,0.018704734024347604,0.002556805759614926,0.2727272727272727,0.8717948717948718,18,0.07683255129717724,0.006711409395973155,True,0.14,train,sort
MVI_20032,11,6,214.19954626614617,223.1154426594051,197.72888791496595,197.8046571781724,230.6702046173264,248.42622814063785,0.6698,False,0.0045360713565599,0.0017945157415071987,0.00038729034626570506,0.2727272727272727,0.8717948717948718,437,0.08157110488148084,0.0,True,0.02,train,sort
MVI_20032,12,6,214.2431396470953,222.52112693200883,197.81382249252133,196.7968555774733,230.67245680166928,248.2453982865444,0.8048,False,0.0135255899526325,0.005390296370401995,0.000813894114046792,0.22727272727272727,0.7435897435897436,437,0.08025629323398732,0.0011185682326621926,True,0.04,train,sort
MVI_20032,13,6,214.220625832726,222.8194210866237,197.8323396440304,197.4643205709468,230.6089120214216,248.17452160230067,0.721,False,0.0067897224539837,0.0026959694593897483,0.0007429918966722834,0.22727272727272727,0.7435897435897436,437,0.0794960570413659,0.002237136465324385,True,0.06,train,sort
MVI_20032,14,6,214.14101870686304,222.9234226401097,197.71254853795344,197.5894757329494,230.56948887577272,248.25736954727017,0.7594,False,0.0029727040183147,0.0011691734686556793,0.0006169711746657083,0.2727272727272727,0.8717948717948718,437,0.0786776927135862,0.0033557046979865775,True,0.08,train,sort
MVI_20032,15,6,214.10546737628573,222.841447980706,197.6788062938884,197.44907652314868,230.53212845868308,248.2338194382633,0.722,False,0.0020280424997883,0.0007913116785189178,0.0005234269174703321,0.2727272727272727,0.8717948717948718,437,0.07786148067451627,0.00447427293064877,True,0.1,train,sort
MVI_20032,16,6,213.95435661793925,222.9503593479897,197.4337623226224,197.3925661083661,230.4749509132562,248.5081525876133,0.7347,False,0.0042277999935465,0.0016712081156626789,0.0005175752259228886,0.2727272727272727,0.8717948717948718,437,0.0771708224287933,0.005592841163310963,True,0.12,train,sort
MVI_20032,17,6,213.87579565683927,223.3157757180913,197.24706191436545,197.5319796562829,230.5045293993132,249.0995717798996,0.673,False,0.0084834691463442,0.0033734630850556896,0.0004218643061185853,0.2727272727272727,0.8717948717948718,437,0.07683255129717724,0.006711409395973155,True,0.14,train,sort
MVI_20032,18,6,214.1079945168522,223.2620239838562,197.67989777204588,197.5873746120415,230.5360912616585,248.93667335567093,0.7554,False,0.005409650763573,0.0021439448990275144,0.0003956674068454939,0.22727272727272727,0.7435897435897436,437,0.16092886218088254,0.007829977628635349,True,0.16,train,sort
MVI_20032,19,6,213.8141005181876,222.9986704991812,197.0937506798616,197.2235517926917,230.53445035651364,248.7737892056706,0.688,False,0.0089569096452717,0.0035628378726802047,0.0005092612390559079,0.22727272727272727,0.7435897435897436,437,0.16412298255917301,0.00894854586129754,True,0.18,train,sort
MVI_20032,20,6,213.69153045551468,223.2824036955268,196.908055389056,197.7103322219544,230.4750055219734,248.85447516909923,0.6705,False,0.0070151834093667,0.002786153169148389,0.0006039285153841793,0.22727272727272727,0.7435897435897436,437,0.16685513411339065,0.010067114093959733,True,0.2,train,sort
MVI_20032,21,6,213.6271769770076,223.63036491281468,196.72437001933267,197.90986200211827,230.5299839346824,249.3508678235111,0.7913,False,0.0080317068072339,0.0031927594967070335,0.0006761353176356886,0.22727272727272727,0.7435897435897436,437,0.17033308619762927,0.011185682326621926,True,0.22,train,sort
MVI_20032,22,6,213.5189363339672,223.50584313155727,196.5939656020656,197.285923664102,230.4439070658688,249.7257625990126,0.8047,False,0.0037448249001878,0.0014780195187008302,0.0005861850731156904,0.22727272727272727,0.7435897435897436,437,0.17424031453736077,0.012304250559284118,True,0.24,train,sort
MVI_20032,23,6,213.80678213068592,223.9209781147767,197.12486631085395,197.7568782821469,230.4886979505179,250.0850779474065,0.8441,False,0.0114658842798486,0.0045664202439699595,0.000701146158472766,0.22727272727272727,0.7435897435897436,437,0.1767429790333911,0.01342281879194631,True,0.26,train,sort
MVI_20032,24,6,214.0490453125084,224.0247259736343,197.4542207131597,197.917289583492,230.64386991185705,250.1321623637767,0.8426,False,0.0059817158198205,0.0023727692154510106,0.0006446702134151058,0.2727272727272727,0.8717948717948718,437,0.17965663518918706,0.014541387024608502,True,0.28,train,sort
MVI_20032,25,6,213.9916357319504,224.12204828595,197.4635234587742,198.011078354389,230.51974800512664,250.2330182175109,0.8498,False,0.0025646411842615,0.001005949552004389,0.0005601888004625507,0.2727272727272727,0.8717948717948718,437,0.1828236890624868,0.015659955257270698,True,0.3,train,sort
MVI_20032,26,6,213.9503838379964,224.475599038242,197.44218401458528,198.5759102777656,230.4585836614074,250.3752877987185,0.8314,False,0.0080790791649707,0.0032117082985227167,0.0005610880355476443,0.22727272727272727,0.7435897435897436,437,0.1860422096054153,0.016778523489932886,True,0.32,train,sort
MVI_20032,27,6,214.0203452950891,224.9811586623738,197.48099985365457,199.44265004501537,230.55969073652363,250.5196672797321,0.8366,False,0.0115841796364207,0.004613738033805341,0.0007098968168726229,0.22727272727272727,0.7435897435897436,437,0.189649175775016,0.01789709172259508,True,0.34,train,sort
MVI_20032,28,6,213.86764333283944,225.30802234121649,197.11780388599348,199.77501854703337,230.6174827796854,250.8410261353996,0.7856,False,0.0081885844149095,0.0032555100719196,0.0006476862121293493,0.22727272727272727,0.7435897435897436,437,0.19322773894297363,0.019015659955257273,True,0.36,train,sort
MVI_20032,29,6,214.14955172705177,225.68759326009496,197.5889198176109,200.3603340990307,230.71018363649264,251.01485242115925,0.8375,False,0.0107314318641906,0.004272641468071795,0.0007378466245591678,0.22727272727272727,0.7435897435897436,437,0.19642702122235606,0.020134228187919465,True,0.38,train,sort
MVI_20032,30,6,214.273167949939,225.88971469165625,197.78853949965523,200.6161011286276,230.7577964002228,251.16332825468496,0.8509,False,0.0053775811387245,0.0021311171447297122,0.0007912426221441851,0.22727272727272727,0.7435897435897436,437,0.2003050014794563,0.021252796420581657,True,0.4,train,sort
MVI_20032,31,6,213.97047939648368,225.8239177207421,197.1850346037733,200.4651217350017,230.75592418919405,251.18271370648264,0.8185,False,0.0070306486682577,0.002792339226582611,0.0007713410269531021,0.22727272727272727,0.7435897435897436,437,0.20440888205101593,0.022371364653243853,True,0.42,train,sort
MVI_20032,32,6,213.823827440582,225.87600421483623,196.79319563937227,200.46712021910804,230.8544592417917,251.28488821056445,0.7788,False,0.0035323121527422,0.001393015053501558,0.0006184982703804874,0.22727272727272727,0.7435897435897436,437,0.20778975606416583,0.02348993288590604,True,0.44,train,sort
MVI_20032,33,6,213.9429926431565,225.61489260773104,196.9338244050807,200.2732558374561,230.9521608812324,250.956529378006,0.8449,False,0.0065145390507293,0.002585896918770307,0.0005867210822179202,0.22727272727272727,0.7435897435897436,437,0.2123747043890793,0.024608501118568236,True,0.46,train,sort
MVI_20032,34,6,214.03510296029,225.25265857699657,197.0678440930924,199.7967864039717,231.0023618274876,250.7085307500214,0.8487,False,0.0084833736663593,0.003373424893346468,0.000544047825040167,0.22727272727272727,0.7435897435897436,437,0.2166238175916675,0.02572706935123043,True,0.48,train,sort
MVI_20032,35,6,213.98561457253032,225.06035670799872,196.98975510023308,199.5278827378153,230.9814740448276,250.5928306781821,0.8399,False,0.004506945343568,0.0017828654231732228,0.0005275211776292082,0.22727272727272727,0.7435897435897436,437,0.22077828225005802,0.02684563758389262,True,0.5,train,sort
MVI_20032,36,6,213.9047541171695,224.64340270194987,196.85047679247245,198.75796968650576,230.95903144186653,250.528835717394,0.8506,False,0.0096400414496879,0.0038360885571356077,0.000577053386958647,0.22727272727272727,0.7435897435897436,437,0.22626075963946946,0.027964205816554812,True,0.52,train,sort
MVI_20032,37,6,214.09225891546487,224.37508750976968,197.09957519009023,198.31539235569613,231.0849426408396,250.43478266384324,0.8699,False,0.0074297142001835,0.002951964249215644,0.0006510349413757013,0.22727272727272727,0.7435897435897436,437,0.23070674482317916,0.029082774049217004,True,0.54,train,sort
MVI_20032,38,6,213.9559057119715,224.2718844082017,196.8428303632308,198.1425965899656,231.06898106071225,250.40117222643795,0.8655,False,0.0038813726061089,0.0015326381938416342,0.0006010514538523281,0.22727272727272727,0.7435897435897436,437,0.2351514105938169,0.0302013422818792,True,0.56,train,sort
MVI_20032,39,6,214.0600052706078,224.13543336981328,197.0468915139512,198.0730081952102,231.07311902726445,250.1978585444164,0.8782,False,0.0038954512529418,0.0015382696105879145,0.0005139622524925895,0.22727272727272727,0.7435897435897436,437,0.24042020210637471,0.031319910514541395,True,0.58,train,sort
MVI_20032,40,6,214.05667793202807,223.6516203741981,196.99494367627025,197.481153126872,231.1184121877861,249.8220876215242,0.8729,False,0.0109814985316431,0.004372667389276378,0.0006368639965721277,0.2727272727272727,0.8717948717948718,437,0.2452082798958365,0.03243847874720358,True,0.6,train,sort
MVI_20032,41,6,214.1035773982151,223.94523595196893,197.1066383055013,197.97157458156616,231.10051649092884,249.9188973223718,0.8702,False,0.0067487553741929,0.0026795827496499695,0.0005819808114334697,0.2727272727272727,0.8717948717948718,437,0.250311439757005,0.03355704697986577,True,0.62,train,sort
MVI_20032,42,6,214.13760900286863,224.5664346279121,197.2150204947524,199.0361293917481,231.06019751098484,250.0967398640761,0.8522,False,0.0141206623634577,0.005628323560041502,0.0007089902242724542,0.2727272727272727,0.8717948717948718,437,0.2550644089967031,0.03467561521252797,True,0.64,train,sort
MVI_20032,43,6,214.06983906646536,224.95142573339143,197.1258601328623,199.4476546544821,231.01381800006843,250.4551968123008,0.8491,False,0.008872601919243,0.0035291150337005226,0.0008037351077981504,0.2727272727272727,0.8717948717948718,437,0.2611038732109011,0.03579418344519016,True,0.66,train,sort
MVI_20032,44,6,214.0167170550617,225.02475857782323,197.02038904179844,199.3803645382217,231.01304506832503,250.6691526174248,0.8406,False,0.0020552827430358,0.0008022076945790637,0.0007688045245288303,0.2727272727272727,0.8717948717948718,437,0.26731673488683083,0.03691275167785235,True,0.68,train,sort
MVI_20032,45,6,213.9301737062487,224.8660311024269,196.98082009837503,199.0263732797245,230.8795273141224,250.7056889251293,0.8592,False,0.004103387106663,0.001621443331947141,0.0006382423273319049,0.31818181818181823,1.0,437,0.2727502487911731,0.03803131991051455,False,0.68,train,sort
MVI_20032,46,6,213.85832973346743,224.7873250780458,196.9468619799552,198.8254852485761,230.7697974869797,250.74916490751545,0.8309,False,0.0024187457693875,0.0009475918211601862,0.0005560488976305485,0.31818181818181823,1.0,437,0.27921462363459715,0.039149888143176735,False,0.68,train,sort
MVI_20032,47,6,213.52677787423687,225.1542593211716,196.2033312275347,199.3954238828796,230.8502245209391,250.91309475946355,0.8269,False,0.0112246567249119,0.004469929941410713,0.0005010761244518523,0.31818181818181823,1.0,437,0.2850971435713689,0.04026845637583893,False,0.68,train,sort
MVI_20032,48,6,213.6404676124525,225.1740103664353,196.4516435851761,199.45443197910328,230.8292916397289,250.8935887537673,0.8364,False,0.0026190989168117,0.001027732482614636,0.00038237041561298,0.31818181818181823,1.0,437,0.29017563270110136,0.04138702460850112,False,0.68,train,sort
MVI_20032,49,6,213.16562845688264,225.20846393346176,195.51008065139467,199.49482638374164,230.82117626237056,250.92210148318185,0.8235,False,0.0108058902562692,0.00430242460284522,0.000548476847036341,0.31818181818181823,1.0,437,0.2969997321186755,0.042505592841163314,False,0.68,train,sort
MVI_20032,50,6,212.66961739393585,225.134580274693,194.65284979782624,199.3583742581953,230.68638499004533,250.9107862911907,0.8296,False,0.0113823127781661,0.004532991892533131,0.0006866474101727635,0.31818181818181823,1.0,437,0.3043276677203309,0.04362416107382551,False,0.68,train,sort
MVI_20032,51,6,211.8489320140964,224.90243022041463,192.91585257274428,198.9199691243086,230.78201145544853,250.88489131652068,0.8268,False,0.0193582400733385,0.00772333902391168,0.0010081975362286337,0.31818181818181823,1.0,437,0.31120395835392567,0.044742729306487705,False,0.68,train,sort
MVI_20032,52,6,211.3639238703564,224.6688003538897,191.9058743609384,198.56374282129883,230.8219733797743,250.77385788648056,0.8252,False,0.0122189770063743,0.004867655088624031,0.0010270719964756306,0.31818181818181823,1.0,437,0.31767445248932985,0.04586129753914989,False,0.68,train,sort
MVI_20032,53,6,211.8246024564468,223.89056142827584,192.79467141628217,197.58695818991785,230.8545334966113,250.19416466663367,0.8255,False,0.0205266821451332,0.008190712367972681,0.0013669986519649674,0.2727272727272727,0.8717948717948718,437,0.32087938223043294,0.04697986577181208,False,0.68,train,sort
MVI_20032,54,6,212.13762815002144,223.31643129337408,193.4699667848864,196.96405390750525,230.80528951515657,249.6688086792429,0.8497,False,0.0148421899897832,0.005916932458752377,0.0014436168003478236,0.2727272727272727,0.8717948717948718,437,0.3199556760708636,0.04809843400447428,False,0.68,train,sort
MVI_20032,55,6,212.10817146008333,222.9363884093988,193.48622531430613,196.64091923448927,230.73011760586056,249.2318575843083,0.8324,False,0.0086518115002948,0.0034407995245867955,0.0013917856763283514,0.2727272727272727,0.8717948717948718,437,0.3191161479455065,0.04921700223713647,False,0.68,train,sort
MVI_20032,56,6,212.03127665977448,222.57930081308845,193.25696861506816,196.39342160345143,230.8055847044808,248.76518002272545,0.8376,False,0.0082907033296996,0.0032963573332853305,0.0011816986589009777,0.2727272727272727,0.8717948717948718,437,0.31870710001011116,0.05033557046979866,False,0.68,train,sort
MVI_20032,57,6,212.2891122859073,221.9433298949484,193.72432252727307,195.8550115037248,230.8539020445417,248.031648286172,0.855,False,0.0155759941821189,0.006210451947254855,0.0012454224794981855,0.2727272727272727,0.8717948717948718,437,0.31811512869268255,0.05145413870246086,False,0.68,train,sort
MVI_20032,58,6,211.6536142317992,221.63770339454865,192.4050243046549,195.5723843896384,230.9022041589434,247.7030223994589,0.8551,False,0.0160054504109926,0.006382233158032588,0.0011595992189005178,0.2727272727272727,0.8717948717948718,437,0.3187917990792123,0.052572706935123045,False,0.68,train,sort
MVI_20032,59,6,211.7876668075043,221.6142226527607,192.6084711179432,195.6617612474193,230.96686249706545,247.56668405810208,0.8599,False,0.0030889520183119,0.001215672321966949,0.0009364960327322201,0.2727272727272727,0.8717948717948718,437,0.3173367248384521,0.05369127516778524,False,0.68,train,sort
MVI_20032,60,6,211.6277615259696,221.29418242031016,192.2356283298644,195.4023192118232,231.01989472207472,247.1860456287972,0.859,False,0.0081202812722857,0.0032281890185712273,0.0009264063801869853,0.2727272727272727,0.8717948717948718,437,0.31722346753048414,0.05480984340044743,False,0.68,train,sort
MVI_20032,61,6,211.1165533531025,220.72649733311465,191.0427887922725,194.7684127918212,231.1903179139326,246.68458187440808,0.8737,False,0.017339297849467,0.006915768155475321,0.0010981692826828998,0.2727272727272727,0.8717948717948718,437,0.31726996426807563,0.055928411633109625,False,0.66,train,sort
MVI_20032,62,6,211.89909085534003,220.1564065718416,192.6614499754889,194.0583039433616,231.13673173519115,246.2545092003215,0.856,False,0.0219750041881092,0.008770036865817274,0.0012196370453645175,0.2727272727272727,0.8717948717948718,437,0.3156126235373062,0.05704697986577182,False,0.64,train,sort
MVI_20032,63,6,211.66679805779728,219.3172994304568,192.13393028720947,193.0136807612916,231.19966582838504,245.620918099622,0.8636,False,0.0197617686157362,0.007884749237423418,0.0012909405075912225,0.22727272727272727,0.7435897435897436,437,0.31501287579196796,0.05816554809843401,False,0.62,train,sort
MVI_20032,64,6,211.4564843250373,218.630000582942,191.7750216682156,192.13112900151555,231.13794698185905,245.12887216436835,0.846,False,0.0163138277646489,0.006505583179818121,0.0015419787255571509,0.22727272727272727,0.7435897435897436,437,0.31443990102887664,0.059284116331096204,False,0.6,train,sort
MVI_20032,65,6,211.30131212061485,218.72591438455865,191.52021948023733,192.46780586215448,231.0824047609924,244.9840229069628,0.8502,False,0.0041404883847433,0.0016362837325317456,0.0014664332056199348,0.22727272727272727,0.7435897435897436,437,0.3138842744744976,0.0604026845637584,False,0.58,train,sort
MVI_20032,66,6,211.00189538814507,218.6539012670309,190.9854043182963,192.4510307608745,231.01838645799384,244.8567717731873,0.8535,False,0.0069897402549651,0.0027759759832671664,0.0012699750652870004,0.22727272727272727,0.7435897435897436,437,0.31363426861657473,0.061521252796420595,False,0.56,train,sort
MVI_20032,67,6,210.3901829428711,217.9523134724659,189.8616633378976,191.1622721249432,230.91870254784465,244.74235481998863,0.8596,False,0.021126980331408,0.008430829852207104,0.0012538776438924873,0.22727272727272727,0.7435897435897436,437,0.3126546262279397,0.06263982102908279,False,0.54,train,sort
MVI_20032,68,6,210.88229920831344,218.5048308846508,190.99087448169377,192.15999855813985,230.7737239349332,244.8496632111618,0.8099,False,0.0167937463197194,0.0066975491705802545,0.0011975378307731404,0.22727272727272727,0.7435897435897436,437,0.3117942759805024,0.06375838926174497,False,0.52,train,sort
MVI_20032,69,6,210.99457680614933,219.4817809755488,191.32298197395585,193.712122979804,230.6661716383429,245.2514389712936,0.805,False,0.0223200683055426,0.008908061483702349,0.001311549935762353,0.22727272727272727,0.7435897435897436,437,0.3110454245397283,0.06487695749440715,False,0.5,train,sort
MVI_20032,70,6,211.29637701521463,219.8860758379759,191.95022241811432,194.19022969120223,230.642531612315,245.5819219847496,0.7587,False,0.0114511701370214,0.004560534630721221,0.001450323301532254,0.22727272727272727,0.7435897435897436,437,0.3101940701837683,0.06599552572706935,False,0.48,train,sort
MVI_20032,71,6,211.3326621849596,220.0357246031995,191.9955483122041,194.4005118186089,230.6697760577149,245.67093738779005,0.8194,False,0.0034950395878789,0.0013781061387145822,0.0013839859351465875,0.22727272727272727,0.7435897435897436,437,0.3094826448813376,0.06711409395973154,False,0.46,train,sort
MVI_20032,72,6,211.66833556972483,219.9457848709783,192.5499248643383,194.1748036920181,230.78674627511143,245.7167660499385,0.8533,False,0.0078876157808805,0.0031351235158898613,0.0011326726867263697,0.22727272727272727,0.7435897435897436,437,0.30786015796319427,0.06823266219239374,False,0.44,train,sort
MVI_20032,73,6,210.7122279604953,218.91593962108144,190.65858249289207,192.59499034785145,230.76587342809864,245.2368888943115,0.8323,False,0.0318953153226067,0.012738131734169858,0.001419334810718301,0.22727272727272727,0.7435897435897436,437,0.3077530753595791,0.06935123042505593,False,0.42,train,sort
MVI_20032,74,6,210.38300140190137,217.83948903844168,190.64150869327725,191.06499123484548,230.12449411052543,244.61398684203783,0.8618,False,0.0255496773378826,0.01019989546494197,0.0014806401349993156,0.22727272727272727,0.7435897435897436,437,0.30725842212830573,0.07046979865771813,False,0.4,train,sort
MVI_20032,75,6,209.8220884480079,217.22577990865057,189.9415240736465,190.2372639043213,229.70265282236923,244.21429591297985,0.8583,False,0.018871013457175,0.007528449830507242,0.0016214856355851093,0.22727272727272727,0.7435897435897436,437,0.3066065769394634,0.07158836689038033,False,0.38,train,sort
MVI_20032,76,6,209.6540582902236,217.39547882759268,189.9295692276297,190.6584910758864,229.3785473528173,244.13246657929903,0.8452,False,0.005420415322687,0.002148250690569889,0.0016580336457631983,0.22727272727272727,0.7435897435897436,437,0.3055575846676947,0.07270693512304252,False,0.36,train,sort
MVI_20032,77,6,210.4218056427612,217.6112086320332,191.71395901538256,191.1684559661253,229.12965227013973,244.05396129794093,0.8255,False,0.0181006407113775,0.007220303029678831,0.001851900085627761,0.22727272727272727,0.7435897435897436,437,0.30417574279663834,0.0738255033557047,False,0.34,train,sort
MVI_20032,78,6,210.0189647224896,217.9788225080705,191.09538714908683,191.7881632217413,228.9425422958924,244.16948179439967,0.8417,False,0.0123782558174036,0.004931366138016915,0.0014814219100972093,0.22727272727272727,0.7435897435897436,437,0.30427213895289673,0.0749440715883669,False,0.32,train,sort
MVI_20032,79,6,210.4319364300358,218.70409303718543,192.04344416138505,192.9564698359748,228.82042869868656,244.45171623839613,0.8339,False,0.0189432285894087,0.0075573356680327785,0.0013560164883215456,0.22727272727272727,0.7435897435897436,437,0.3033864783134564,0.0760626398210291,False,0.3,train,sort
MVI_20032,80,6,210.21300730653743,218.8294506539832,191.59436222173773,193.0175009983636,228.8316523913372,244.6414003096029,0.8231,False,0.0057260379778767,0.0022704988411841355,0.0011064949591349377,0.22727272727272727,0.7435897435897436,437,0.3029763519798741,0.07718120805369127,False,0.28,train,sort
MVI_20032,81,6,210.1727444772829,218.32849275342053,191.44965444723508,192.1270187049037,228.89583450733085,244.5299668019373,0.832,False,0.0114070465281261,0.004542885318753399,0.0012201348343412442,0.22727272727272727,0.7435897435897436,437,0.30230228815094834,0.07829977628635347,False,0.26,train,sort
MVI_20032,82,6,209.83828626249712,218.3221403845497,190.7684778603065,192.1104454979861,228.9080946646877,244.53383527111333,0.8435,False,0.0075926607166769,0.0030171423698559284,0.0010206694765648647,0.22727272727272727,0.7435897435897436,437,0.3022419891861566,0.07941834451901567,False,0.24,train,sort
MVI_20032,83,6,209.6972058881615,218.3861356235027,190.4723857161354,192.21803006494835,228.9220260601876,244.55424118205704,0.8502,False,0.0035161787699976,0.0013865617485184513,0.0008524470998764646,0.22727272727272727,0.7435897435897436,437,0.3014374492204211,0.08053691275167786,False,0.22,train,sort
MVI_20032,84,6,209.6482059963007,218.8529929543748,190.3630138683897,192.97311440776008,228.9333981242117,244.73287150098943,0.84,False,0.0106545961700644,0.004241907419569193,0.0006951100063689402,0.22727272727272727,0.7435897435897436,437,0.3000611979768519,0.08165548098434006,False,0.2,train,sort
MVI_20032,85,6,209.50921854824,218.9159556596732,190.12898903455527,192.93439630378475,228.88944806192472,244.89751501556165,0.8376,False,0.0034632369464413,0.0013653851769848853,0.0006521568966809087,0.22727272727272727,0.7435897435897436,437,0.29884158925298926,0.08277404921700224,False,0.18,train,sort
MVI_20032,86,6,210.40104473391767,219.6139843127661,191.95039991376888,193.9316344527236,228.85168955406644,245.29633417280863,0.8392,False,0.0257050869882473,0.010262058861608027,0.000923566221529026,0.22727272727272727,0.7435897435897436,437,0.29760622524865255,0.08389261744966443,False,0.16,train,sort
MVI_20032,87,6,210.69546818769857,220.2816848676957,192.69536532630727,194.75937912317048,228.6955710490897,245.80399061222093,0.8282,False,0.0165629376126421,0.006605226376092532,0.001093842477413531,0.22727272727272727,0.7435897435897436,437,0.2969916678933663,0.08501118568232663,False,0.14,train,sort
MVI_20032,88,6,210.4034807485336,220.07011160711963,192.06773162219145,194.4231927484536,228.7392298748757,245.71703046578568,0.8114,False,0.0081842471736521,0.003253775188351631,0.0011824530319377263,0.22727272727272727,0.7435897435897436,437,0.2964018776238401,0.08612975391498882,False,0.12,train,sort
MVI_20032,89,6,210.15971479241733,220.05932248500304,191.60448567245567,194.44773737150672,228.71494391237903,245.67090759849933,0.8164,False,0.0055382407118532,0.0021953804948444708,0.0010853329696138628,0.22727272727272727,0.7435897435897436,437,0.2958493514109517,0.08724832214765102,False,0.1,train,sort
MVI_20032,90,6,210.1331046370778,219.65593340119807,191.5255044483314,193.8200569398585,228.74070482582425,245.4918098625376,0.844,False,0.0091757343566083,0.0036503671046116404,0.001193769161944859,0.22727272727272727,0.7435897435897436,437,0.2949520151157004,0.08836689038031321,False,0.08,train,sort
MVI_20032,91,6,210.1942330305996,218.81291855140668,191.63254016261624,192.5671469766633,228.7559258985829,245.05869012615003,0.845,False,0.0191843808910683,0.007653795869505616,0.0010699913306885778,0.22727272727272727,0.7435897435897436,437,0.2939429207636795,0.08948545861297541,False,0.06,train,sort
MVI_20032,92,6,210.1124581203288,218.75783155228305,191.40534930661872,192.56201913148027,228.8195669340388,244.9536439730858,0.8336,False,0.0022379233890764,0.0008752634083042174,0.0007980699824659623,0.22727272727272727,0.7435897435897436,437,0.29344317552111154,0.09060402684563759,False,0.04,train,sort
MVI_20032,93,6,210.2579299906718,218.9355500036806,191.7174390767993,192.9346728722641,228.79842090454432,244.93642713509703,0.8269,False,0.005212765820533,0.0020651915089835147,0.0007416645085761501,0.22727272727272727,0.7435897435897436,437,0.2927283806503985,0.09172259507829977,False,0.02,train,sort
MVI_20032,94,6,210.2356965874547,218.7846196518452,191.666133816642,192.75136826874044,228.80525935826736,244.8178710349499,0.8214,False,0.0034626777649853,0.0013651615060701332,0.0007022656035541388,0.22727272727272727,0.7435897435897436,437,0.29206395873792745,0.09284116331096197,False,0.0,train,sort
MVI_20032,95,6,210.71254441783168,218.75269938080268,192.59954470014983,192.7482612161345,228.82554413551347,244.75713754547087,0.8309,False,0.0108473706191011,0.004319016624270662,0.0007339970614878478,0.22727272727272727,0.7435897435897436,437,0.29135078093809114,0.09395973154362416,False,0.0,train,sort
MVI_20032,96,6,210.84305472984056,218.9436445236878,192.8805263715629,193.08148091233844,228.80558308811823,244.8058081350372,0.8161,False,0.0052495519887615,0.002079905866567174,0.000469482318030683,0.22727272727272727,0.7435897435897436,437,0.2902940272925826,0.09507829977628636,False,0.0,train,sort
MVI_20032,97,6,210.85899943059067,218.9464812756488,192.9251261129084,193.0651564320396,228.79287274827297,244.827806119258,0.7914,False,0.0003675842783739,0.00012713334195489613,0.0004339790281436101,0.22727272727272727,0.7435897435897436,437,0.2895759180889923,0.09619686800894856,False,0.0,train,sort
MVI_20032,98,6,210.3662903038324,218.91349640243243,191.8676548869873,193.0526579207506,228.8649257206773,244.7743348841143,0.839,False,0.0112081889046597,0.004463342862421982,0.0005477857932020908,0.1818181818181818,0.6153846153846154,437,0.2893718028802938,0.09731543624161075,False,0.0,train,sort
MVI_20032,99,6,211.171130270918,219.4032250016837,193.5929996624231,193.8382639546803,228.7492608794128,244.96818604868727,0.8093,False,0.021383698139695,0.008533516209909742,0.0008879675162889273,0.1818181818181818,0.6153846153846154,437,0.28779089556921994,0.09843400447427295,False,0.0,train,sort
MVI_20032,100,6,211.2000897575664,220.1751660813009,193.73643602151685,194.7364698773128,228.66374349361573,245.6138622852889,0.8243,False,0.0175332875774873,0.006993363468145876,0.0010148814254170588,0.1818181818181818,0.6153846153846154,437,0.28740194325684465,0.09955257270693513,False,0.0,train,sort
MVI_20032,101,6,211.52946547619413,220.36287973134367,194.44533774525271,194.89799422481303,228.61359320713555,245.8277652378745,0.791,False,0.0086047772388224,0.00342198596026858,0.0010785712311895527,0.1818181818181818,0.6153846153846154,437,0.28600415506560223,0.10067114093959732,False,0.0,train,sort
MVI_20032,102,6,211.6321932574064,220.45172749628884,194.7282917350004,194.9808734421505,228.53609477981243,245.9225815504272,0.8263,False,0.0030827319808603,0.0012131843255363654,0.0011301109094307826,0.1818181818181818,0.6153846153846154,437,0.2847226184934361,0.10178970917225952,False,0.0,train,sort
MVI_20032,103,6,211.73868298893663,220.49991442387875,195.0052440762172,194.89028035134004,228.47212190165607,246.1095484964175,0.8266,False,0.0026529656715773,0.0010412790835197016,0.0009677133159918744,0.1818181818181818,0.6153846153846154,437,0.28336815725429143,0.10290827740492171,False,0.0,train,sort
MVI_20032,104,6,211.8134340115809,220.31822141010304,195.14910911662423,194.7146319456655,228.4777589065376,245.9218108745406,0.8027,False,0.0044593117519795,0.0017638121285959896,0.0006464499725449073,0.1818181818181818,0.6153846153846154,437,0.282696950133159,0.10402684563758391,False,0.0,train,sort
MVI_20032,105,6,211.36737547179348,219.75920733959143,194.19114829759096,193.78917097925228,228.54360264599603,245.7292436999306,0.7814,False,0.0162323630471598,0.006472997535775556,0.0006217554663683915,0.1818181818181818,0.6153846153846154,437,0.2823136213216352,0.10514541387024609,False,0.0,train,sort
MVI_20032,106,6,211.050460961448,219.5747039481538,193.5544011520985,193.560316353714,228.54652077079743,245.5890915425936,0.821,False,0.0083233220130995,0.003309404709366257,0.0006164128060925674,0.1818181818181818,0.6153846153846154,437,0.28149721805405614,0.10626398210290829,False,0.0,train,sort
MVI_20032,107,6,210.4683047115289,219.46787255658248,192.36991616703028,193.3954533969569,228.5666932560275,245.5402917162081,0.8054,False,0.0134340066316298,0.005353663315130831,0.0008129035400584301,0.1818181818181818,0.6153846153846154,437,0.28129324640945735,0.10738255033557048,False,0.0,train,sort
MVI_20032,108,6,210.3624383679181,219.1699510129095,192.1621854188739,192.93548215276124,228.56269131696223,245.4044198730578,0.8089,False,0.0071762513001115,0.0028505798450919073,0.0008987657882427004,0.1818181818181818,0.6153846153846154,437,0.280335711439557,0.10850111856823266,False,0.0,train,sort
MVI_20032,109,6,211.1961260293217,220.3287151730539,193.91417567846,194.5582594004961,228.4780763801834,246.0991709456117,0.8382,False,0.0324004719495929,0.012940192878430524,0.0014291525531884678,0.1818181818181818,0.6153846153846154,437,0.2796258543408478,0.10961968680089486,False,0.0,train,sort
MVI_20032,110,6,210.8702078919958,220.8973607873345,193.35205129587024,195.15493468814623,228.38836448812137,246.6397868865228,0.8263,False,0.0148763391454075,0.005930592019158728,0.001403412135634118,0.1818181818181818,0.6153846153846154,437,0.27911481528724946,0.11073825503355705,False,0.0,train,sort
MVI_20032,111,6,211.17621175918407,221.2585624611125,193.86816245731328,195.5218541544101,228.48426106105484,246.99527076781484,0.8488,False,0.0107448311790716,0.0042780011540632795,0.0014493778866531525,0.1818181818181818,0.6153846153846154,437,0.27840792347131904,0.11185682326621925,False,0.0,train,sort
MVI_20032,112,6,210.95736771167373,221.0338150441164,193.4227747839916,194.9776391245986,228.49196063935585,247.08999096363416,0.8183,False,0.0071200074109098,0.002828082457147948,0.0013295238220093432,0.1818181818181818,0.6153846153846154,437,0.2777246382713257,0.11297539149888144,False,0.0,train,sort
MVI_20032,113,6,211.2996049555865,221.3291893578269,194.12713201237847,195.387452156712,228.4720778987945,247.27092655894177,0.8028,False,0.0102608855010952,0.004084424326148926,0.001388077194286295,0.1818181818181818,0.6153846153846154,437,0.27689922072124656,0.11409395973154364,False,0.0,train,sort
MVI_20032,114,6,211.2774640163532,221.49670524071712,194.07297980258133,195.65736758449407,228.48194823012503,247.3360428969402,0.8213,False,0.0038352218858433,0.0015141780433711768,0.0008458437843624974,0.1818181818181818,0.6153846153846154,437,0.2761894467775376,0.11521252796420584,False,0.0,train,sort
MVI_20032,115,6,211.485243887334,221.24112367624627,194.50697107341924,195.2269928772262,228.4635167012487,247.2552544752664,0.8169,False,0.00747614112497,0.002970534880670753,0.0007053711962430822,0.1818181818181818,0.6153846153846154,437,0.27550324617057914,0.11633109619686802,False,0.0,train,sort
MVI_20032,116,6,211.5769160155445,221.1166003690924,194.62976943750635,195.0144383908708,228.52406259358264,247.21876234731403,0.832,False,0.0035096360331082,0.0013839446732751728,0.0005680307379343174,0.1818181818181818,0.6153846153846154,437,0.2742102811077738,0.11744966442953021,False,0.0,train,sort
MVI_20032,117,6,211.50323847491043,220.87559415823915,194.43791514913792,194.7291566250028,228.5685618006829,247.02203169147552,0.8381,False,0.0057200915519075,0.0022681202885305655,0.0005414571512113177,0.1818181818181818,0.6153846153846154,437,0.27361680089829526,0.11856823266219241,False,0.0,train,sort
MVI_20032,118,6,211.3435452834465,220.05054091949307,193.9963682735575,193.6074914055457,228.6907222933356,246.4935904334405,0.8372,False,0.0190740186786551,0.00760965131367472,0.000708750461940822,0.1818181818181818,0.6153846153846154,437,0.2724507026086829,0.1196868008948546,False,0.0,train,sort
MVI_20032,119,6,211.1352113415333,219.39737366175305,193.4416046722112,192.7841442472846,228.8288180108556,246.0106030762215,0.8243,False,0.0155609757845597,0.006204444633020677,0.0009313319379033553,0.1818181818181818,0.6153846153846154,437,0.27145481913651637,0.1208053691275168,False,0.0,train,sort
MVI_20032,120,6,210.94069901263765,219.04490011691053,192.94995233656093,192.4229657222163,228.93144568871432,245.6668345116049,0.8213,False,0.0091375269100099,0.0036350842399187335,0.0009628688184631503,0.1818181818181818,0.6153846153846154,437,0.27108001280272653,0.121923937360179,True,0.02,train,sort
MVI_20032,121,6,210.8891981155444,218.6120994267825,192.81685036051857,191.84695002719965,228.9615458705701,245.37724882636545,0.8358,False,0.0098927019429136,0.003937152000913918,0.0010840339259387689,0.1818181818181818,0.6153846153846154,437,0.27023115814750687,0.12304250559284119,True,0.04,train,sort
MVI_20032,122,6,210.9645609270829,218.35139999984244,193.01662040096056,191.59509947635087,228.91250145320527,245.1077005233339,0.8408,False,0.0061594472374161,0.0024438612524390136,0.0010923738960419917,0.1818181818181818,0.6153846153846154,437,0.26970715007693574,0.12416107382550337,True,0.06,train,sort
MVI_20032,123,6,211.30211261668745,218.6046168133517,193.7016587640865,192.21143562675107,228.9025664692884,244.9977979999523,0.8426,False,0.0095776038058678,0.0038111136858160186,0.0009121103448029578,0.1818181818181818,0.6153846153846154,437,0.26894348416107566,0.12527964205816558,True,0.08,train,sort
MVI_20032,124,6,211.42173028891187,218.0632233503544,193.9687905896181,191.4259839615825,228.8746699882056,244.70046273912632,0.8321,False,0.0125845162354919,0.00501386969011966,0.0008556103734325204,0.1818181818181818,0.6153846153846154,437,0.2678683444793837,0.12639821029082773,True,0.1,train,sort
MVI_20032,125,6,211.3363694957848,217.3612110879226,193.74926355687805,190.50617506949823,228.9234754346916,244.216247106347,0.8506,False,0.0160511284607636,0.006400504241714853,0.0009868462539290468,0.1818181818181818,0.6153846153846154,437,0.26750518831337294,0.12751677852348994,True,0.12,train,sort
MVI_20032,126,6,211.15937749670013,217.07492141932968,193.3971585628702,190.0662831194296,228.92159643053003,244.08355971922973,0.8504,False,0.0076395126036002,0.0030358829848984173,0.0009440755960166097,0.1818181818181818,0.6153846153846154,437,0.2665727533880422,0.12863534675615212,True,0.14,train,sort
MVI_20032,127,6,211.0976099102808,217.2440975806992,193.3221227554538,190.45645685248584,228.8730970651077,244.0317383089126,0.8357,False,0.004087767348985,0.001615195475458885,0.0009047504002746636,0.1818181818181818,0.6153846153846154,437,0.26572729068828416,0.1297539149888143,True,0.16,train,sort
MVI_20032,128,6,211.22370386914977,217.0629392545824,193.6729167236169,190.18172006814584,228.77449101468264,243.94415844101897,0.842,False,0.0050097799168956,0.001983997752895539,0.0008180427146173986,0.1818181818181818,0.6153846153846154,437,0.2647527534847564,0.13087248322147652,True,0.18,train,sort
MVI_20032,129,6,211.1228074751708,216.99612050258327,193.49283283814384,190.1171597348942,228.75278211219785,243.8750812702725,0.8406,False,0.0027467298334186,0.0010787844686223735,0.0006312991553979488,0.1818181818181818,0.6153846153846154,437,0.26397954120129147,0.1319910514541387,True,0.2,train,sort
MVI_20032,130,6,211.2848042458564,217.02085948248765,193.82912606801384,190.30858775586256,228.7404824236989,243.7331312091128,0.8536,False,0.0037195135950228,0.0014678950721210005,0.0003972170604190851,0.1818181818181818,0.6153846153846154,437,0.26338658300199014,0.1331096196868009,True,0.22,train,sort
MVI_20032,131,6,211.39132005008224,216.7295949467301,194.06748902448413,189.94344899997185,228.71515107568035,243.51574089348844,0.8355,False,0.0070391084035618,0.002795723095474676,0.00038582002325004646,0.1818181818181818,0.6153846153846154,437,0.26260444179114617,0.1342281879194631,True,0.24,train,sort
MVI_20032,132,6,211.360039489202,216.0800704140895,194.01971001128888,189.28173285878168,228.7003689671151,242.87840796939733,0.8313,False,0.0147595261418087,0.005883867166091826,0.0005883942750841123,0.1818181818181818,0.6153846153846154,437,0.26189432431327125,0.1353467561521253,True,0.26,train,sort
MVI_20032,133,6,211.4053023256717,215.6083529291593,194.14385567510155,188.9393253445907,228.66674897624185,242.27738051372788,0.8352,False,0.0107558791965566,0.004282420328108675,0.0006974683073162072,0.1818181818181818,0.6153846153846154,437,0.2605524582918236,0.13646532438478748,True,0.28,train,sort
MVI_20032,134,6,211.2794676394357,215.03579091843457,193.86969780409123,188.24891827444543,228.6892374747803,241.8226635624237,0.8235,False,0.0133057490146948,0.005302360650860839,0.0008979025049282223,0.1818181818181818,0.6153846153846154,437,0.25989914761784216,0.1375838926174497,True,0.3,train,sort
MVI_20032,135,6,211.11424605573788,214.5679530338562,193.54254996367533,187.8254819223664,228.68594214780043,241.310424145346,0.8195,False,0.0112613841813671,0.004484620814460137,0.0010410643605433829,0.1818181818181818,0.6153846153846154,437,0.25961255405387557,0.13870246085011187,True,0.32,train,sort
MVI_20032,136,6,210.74431174478383,214.3303076540209,192.7848818507072,187.49778914090967,228.7037416388605,241.16282616713207,0.831,False,0.0099797520286497,0.0039719717755979924,0.0010968844642233306,0.1818181818181818,0.6153846153846154,437,0.25925810720065384,0.13982102908277405,True,0.34,train,sort
MVI_20032,137,6,210.05734852422503,213.90024471835952,191.434340690858,186.88676256155733,228.68035635759213,240.9137268751617,0.8476,False,0.0183956178727105,0.0073382930144985994,0.0011659057545548533,0.1818181818181818,0.6153846153846154,437,0.25886515603765764,0.14093959731543626,True,0.36,train,sort
MVI_20032,138,6,209.4308057417548,213.8684652529336,190.19461256154185,186.9848551667189,228.6669989219677,240.7520753391482,0.852,False,0.0142390980280593,0.005675697472670237,0.0012320251695889038,0.1818181818181818,0.6153846153846154,437,0.2583948093785036,0.14205816554809844,True,0.38,train,sort
MVI_20032,139,6,209.27018066582804,213.8166468441765,189.82967076307625,186.9929802488648,228.71069056857985,240.64031343948832,0.8777,False,0.0038307711477768,0.0015123977614180286,0.0010521685414737743,0.1818181818181818,0.6153846153846154,437,0.25733700482272487,0.14317673378076065,True,0.4,train,sort
MVI_20032,140,6,209.49276523473245,213.8869684465178,190.2165402736533,187.1421744788084,228.76899019581165,240.6317624142273,0.8619,False,0.0052981993947447,0.002099364683878786,0.0009389737326189638,0.1818181818181818,0.6153846153846154,437,0.2562323762998792,0.14429530201342283,True,0.42,train,sort
MVI_20032,141,6,210.144056836782,214.72397657772808,191.81527962845504,188.36254640502568,228.472834045109,241.0854067504305,0.8519,False,0.024071568434252,0.009608656311669204,0.0012064684559130775,0.1818181818181818,0.6153846153846154,437,0.2550691717680698,0.14541387024608504,True,0.44,train,sort
MVI_20032,142,6,210.3141213690269,215.3035221323504,192.3556743112981,189.1316241601428,228.27256842675573,241.47542010455783,0.8525,False,0.0137087622146707,0.005463564728940754,0.0011175012765742673,0.1818181818181818,0.6153846153846154,437,0.25412734261148223,0.14653243847874722,True,0.46,train,sort
MVI_20032,143,6,210.4455840256511,215.55448138600647,192.73861363463843,189.4124561469495,228.1525544166637,241.69650662506345,0.8491,False,0.0064303030355212,0.0025522027639050078,0.0009692725886842506,0.1818181818181818,0.6153846153846154,437,0.2533866964616016,0.1476510067114094,True,0.48,train,sort
MVI_20032,144,6,210.2491876576472,215.52187474530808,192.40728378345253,189.2188239956037,228.0910915318418,241.82492549501248,0.8527,False,0.0045186815932243,0.001787559888034633,0.0009823306933997634,0.1818181818181818,0.6153846153846154,437,0.25258861378955483,0.14876957494407161,True,0.5,train,sort
MVI_20032,145,6,210.22061286590807,215.50466848764643,192.3922771890313,189.262753652631,228.04894854278496,241.74658332266185,0.8417,False,0.0007570738859594,0.00028292802341018373,0.0008961298037164819,0.1818181818181818,0.6153846153846154,437,0.2518880168753095,0.1498881431767338,True,0.52,train,sort
MVI_20032,146,6,210.1774448898496,215.9519289994648,192.3738758784592,189.6713884622106,227.98101390123992,242.23246953671887,0.8646,False,0.010198770465608,0.004059578497200348,0.0006327925484523359,0.13636363636363638,0.48717948717948717,437,0.25074943268565947,0.151006711409396,True,0.54,train,sort
MVI_20032,147,6,209.661454455908,216.752497625724,191.3355611429475,190.77288698567665,227.9873477688684,242.73210826577136,0.8685,False,0.0216179673788994,0.008627223206927919,0.0007829272497560387,0.13636363636363638,0.48717948717948717,437,0.24967914211316317,0.1521252796420582,True,0.56,train,sort
MVI_20032,148,6,210.1078143751465,216.16579972403576,192.3208792580124,189.75199705052293,227.8947494922808,242.57960239754857,0.8628,False,0.0167322461860937,0.0066729493005424755,0.0009784815596573886,0.13636363636363638,0.48717948717948717,437,0.24858199323197533,0.1532438478747204,True,0.58,train,sort
MVI_20032,149,6,209.6981847109156,214.62598550047085,191.4236229739304,187.8598280368332,227.97274644790068,241.3921429641085,0.8507,False,0.0361651384053722,0.014446048233338551,0.0015792032810132796,0.13636363636363638,0.48717948717948717,437,0.24853778959026596,0.15436241610738255,True,0.6,train,sort
MVI_20032,150,6,210.2731943777248,213.3199291934773,192.6776114644177,186.3334323039197,227.8687772910319,240.306426083035,0.843,False,0.0323897352934355,0.012935898247987581,0.002179663134214691,0.13636363636363638,0.48717948717948717,437,0.24699353667485696,0.15548098434004476,True,0.62,train,sort
MVI_20032,151,6,210.4410676091236,212.2633916930292,193.06985586144745,185.25120878953163,227.81227935679985,239.2755745965267,0.8535,False,0.0242813468118432,0.009692567037081448,0.0024469824601680732,0.1818181818181818,0.6153846153846154,437,0.24585743980147484,0.15659955257270694,True,0.64,train,sort
MVI_20032,152,6,210.5982470570481,211.4870141627133,193.42612763048703,184.73924253997217,227.7703664836092,238.23478578545445,0.8526,False,0.0179791604478365,0.007171711286554278,0.0023779096291625256,0.1818181818181818,0.6153846153846154,437,0.24540481245689605,0.15771812080536912,True,0.66,train,sort
MVI_20032,153,6,210.6227568215137,211.60695455313623,193.51311897656032,185.2288847245652,227.7323946664672,237.9850243817073,0.8488,False,0.0027785795937296,0.0010915242777608913,0.0021130373035069855,0.1818181818181818,0.6153846153846154,437,0.24426743278966734,0.15883668903803133,True,0.68,train,sort
MVI_20032,154,6,210.56971594252897,211.749154272061,193.42558787947945,185.6669782058265,227.7138440055785,237.83133033829552,0.8343,False,0.0034447632857769,0.0013579957678133113,0.0014919301703473367,0.1818181818181818,0.6153846153846154,437,0.24314818395117282,0.1599552572706935,True,0.7000000000000001,train,sort
MVI_20032,155,6,210.4346936458333,211.7002194097218,193.2198079098121,185.73056513016647,227.6495793818545,237.66987368927715,0.844,False,0.0032596992968078,0.0012839707241439164,0.0009389758389690432,0.1818181818181818,0.6153846153846154,437,0.2425493441160006,0.16107382550335572,True,0.72,train,sort
MVI_20032,156,6,210.59141014069823,211.70003529675583,193.5509464646672,185.7026666446021,227.63187381672927,237.6974039489096,0.845,False,0.0035570405585552,0.0014029063420789602,0.0005455813746129909,0.1818181818181818,0.6153846153846154,437,0.24168404182334907,0.1621923937360179,True,0.74,train,sort
MVI_20032,157,6,210.54514422496408,211.74331352491308,193.4656883068565,185.8156654035786,227.6246001430716,237.67096164624755,0.8163,False,0.0014379295383047,0.0005552682538254648,0.00023159119352248394,0.1818181818181818,0.6153846153846154,437,0.24026726966303996,0.1633109619686801,True,0.76,train,sort
MVI_20032,158,6,210.72933090433963,211.34866767421897,193.7510116205219,185.3285308485545,227.7076501881574,237.3688044998835,0.8346,False,0.009884921435297,0.003934039821071167,0.00036648572307282313,0.1818181818181818,0.6153846153846154,437,0.23956289411220738,0.1644295302013423,True,0.78,train,sort
MVI_20032,159,6,210.7583077567486,211.37155122733745,193.88315437714024,185.46892381193905,227.63346113635697,237.27417864273588,0.8614,False,0.0008380538219752,0.000315319756309234,0.00031700444921443303,0.1818181818181818,0.6153846153846154,437,0.23850269041480293,0.16554809843400448,True,0.8,train,sort
MVI_20032,160,6,210.85012629760715,212.4331870602149,193.98283065455595,187.29075439932163,227.7174219406584,237.5756197211081,0.8351,False,0.0241861990681052,0.009654508223346344,0.0007142370063752062,0.1818181818181818,0.6153846153846154,437,0.23736095841085209,0.16666666666666669,True,0.8200000000000001,train,sort
MVI_20032,161,6,210.811264595688,212.51426619560075,193.75012333799256,187.12938733045056,227.8724058533833,237.89914506075087,0.837,False,0.0020407439616183,0.0007963922253712057,0.000685454248570599,0.1818181818181818,0.6153846153846154,437,0.23608455520386468,0.16778523489932887,True,0.84,train,sort
MVI_20032,162,6,210.7243464639604,212.72887459346464,193.4634538083516,187.1328316663217,227.98523911956923,238.3249175206076,0.8372,False,0.0052553651001161,0.002082231093772491,0.0007579178572288752,0.1818181818181818,0.6153846153846154,437,0.2352480025265885,0.16890380313199108,True,0.86,train,sort
MVI_20032,163,6,210.8558483660541,213.58975553014903,193.5817065984164,188.2569773437364,228.12999013369176,238.92253371656167,0.858,False,0.019766304059978,0.007886563401594045,0.0009454889719008974,0.1818181818181818,0.6153846153846154,437,0.2342749494296667,0.17002237136465326,True,0.88,train,sort
MVI_20032,164,6,210.9189376384988,213.5109832860624,193.7561831903796,188.2575842865092,228.0816920866179,238.76438228561565,0.8388,False,0.0022906630227438,0.0008963591044852421,0.0009730627980869663,0.1818181818181818,0.6153846153846154,437,0.23276423463090828,0.17114093959731547,True,0.9,train,sort
MVI_20032,165,6,211.08763417530207,213.16740335464624,194.062680165348,187.52960029830504,228.11258818525624,238.80520641098747,0.8455,False,0.0086876247746954,0.003455124727540705,0.0006788646108028392,0.1818181818181818,0.6153846153846154,437,0.23195345140851054,0.17225950782997765,True,0.92,train,sort
MVI_20032,166,6,211.23058222069065,213.2068495082171,194.366494375031,187.52532496625005,228.09467006635023,238.8883740501841,0.8435,False,0.0033657963240945,0.001326409218644345,0.0007040171181055799,0.1818181818181818,0.6153846153846154,437,0.23071616763211328,0.17337807606263983,True,0.9400000000000001,train,sort
MVI_20032,167,6,211.0970837374928,212.7953532185421,193.94376142943847,186.99402869171263,228.25040604554707,238.5966777453717,0.8648,False,0.009819060409501,0.003907695607170784,0.000790646433932974,0.1818181818181818,0.6153846153846154,437,0.23000680770937487,0.17449664429530204,True,0.96,train,sort
MVI_20032,168,6,211.0336743071598,211.26200621823216,193.9637686557925,185.1011292095079,228.10357995852704,237.42288322695643,0.8769,False,0.0348325513995277,0.013913017405188756,0.0010766380724254606,0.13636363636363638,0.48717948717948717,437,0.22905113459094417,0.17561521252796422,True,0.98,train,sort
MVI_20032,169,6,210.9621994437592,209.78462225199613,193.70871051522727,183.3606888081285,228.215688372291,236.20855569586377,0.8706,False,0.0335718165803315,0.01340872723741276,0.001670425507229182,0.13636363636363638,0.48717948717948717,437,0.2282630043020994,0.17673378076062643,True,1.0,train,sort
MVI_20032,170,6,210.9801882773301,207.3158856248458,193.5912602937125,180.01157961901384,228.3691162609477,234.6201916306777,0.8731,False,0.0560350930585429,0.022393970836235715,0.0025691881339001818,0.13636363636363638,0.48717948717948717,437,0.22661507505575412,0.1778523489932886,True,1.0,train,sort
MVI_20032,171,6,211.30423159335643,204.6767654176028,194.2058091634237,176.84179114470402,228.4026540232892,232.5117396905016,0.8584,False,0.0603506944751905,0.02412019853243206,0.00365089109710446,0.13636363636363638,0.48717948717948717,437,0.22502476741015587,0.17897091722595082,True,1.0,train,sort
MVI_20032,172,6,211.3219837599653,203.83741638700752,194.2814565756798,176.29496006691096,228.3625109442509,231.3798727071041,0.8521,False,0.0190552000891931,0.007602123934012771,0.003826214033255032,0.13636363636363638,0.48717948717948717,437,0.2244548545655669,0.180089485458613,True,1.0,train,sort
MVI_20032,173,6,210.9505673716608,204.14671983700907,193.452813976874,177.35498204034388,228.44832076644755,230.93845763367423,0.8608,False,0.0109705313524045,0.00436828055028849,0.003373258625234941,0.13636363636363638,0.48717948717948717,437,0.22402603035691182,0.18120805369127518,True,1.0,train,sort
MVI_20032,174,6,211.0310120116964,204.084023503615,193.70548983152884,177.7422728552033,228.35653419186383,230.42577415202672,0.8565,False,0.0023149189404707,0.0009060613992373024,0.0027799316229130118,0.13636363636363638,0.48717948717948717,437,0.222816424087322,0.18232662192393737,True,1.0,train,sort
MVI_20032,175,6,211.1795468561621,204.1321540539033,194.03022885537555,178.00035487720106,228.3288648569488,230.26395323060552,0.85,False,0.0035439132843244,0.001397655471536249,0.0017835296542140723,0.13636363636363638,0.48717948717948717,437,0.2215181272835638,0.18344519015659955,True,1.0,train,sort
MVI_20032,176,6,211.05269063042616,205.0230689017995,193.7807265693972,179.31017012545666,228.3246546914552,230.7359676781424,0.871,False,0.02042530409617,0.00815016145072822,0.0010256549456279095,0.13636363636363638,0.48717948717948717,437,0.22050271978680303,0.18456375838926176,True,1.0,train,sort
MVI_20032,177,6,211.0599061593572,205.2875656935836,193.8419779765356,179.54641239782643,228.27783434217883,231.02871898934072,0.8723,False,0.0060055911038286,0.0023823192578507155,0.0007779436893807233,0.13636363636363638,0.48717948717948717,437,0.21915963462639154,0.18568232662192394,True,1.0,train,sort
MVI_20032,178,6,211.0363094482149,205.20020462829564,193.81917622377136,179.42367769796255,228.2534426726585,230.9767315586287,0.8633,False,0.0020539170147637,0.0008016614073432332,0.0006086860708937736,0.13636363636363638,0.48717948717948717,437,0.21854507643245302,0.18680089485458615,True,1.0,train,sort
MVI_20032,179,6,211.1714967916349,205.46131324268725,194.0909131040665,179.7577775827978,228.25208047920327,231.1648489025767,0.8732,False,0.0066736689830849,0.0026495484171376827,0.0006914250594668693,0.13636363636363638,0.48717948717948717,437,0.21728686367184175,0.18791946308724833,True,1.0,train,sort
MVI_20032,180,6,211.10293823513,205.4044647722896,193.9583349596551,179.61133190207642,228.2475415106049,231.1975976425027,0.8748,False,0.0020214631306476,0.0007886799504843537,0.000662525493160786,0.13636363636363638,0.48717948717948717,437,0.2162358911653538,0.18903803131991054,True,1.0,train,sort
MVI_20032,181,6,211.1720822109852,204.6745211125921,194.0768968707045,178.61538647876918,228.26726755126592,230.7336557464151,0.855,False,0.0166418991869441,0.0066368107703254015,0.0005907078636818325,0.13636363636363638,0.48717948717948717,437,0.21505790857792012,0.19015659955257272,True,1.0,train,sort
MVI_20032,182,6,211.13759425505995,204.76349676625347,193.9905740201719,178.878095502336,228.284614489948,230.6488980301709,0.8655,False,0.0021659063910395,0.0008464568238664837,0.0005178219155384956,0.13636363636363638,0.48717948717948717,437,0.2144070738691874,0.1912751677852349,True,1.0,train,sort
MVI_20032,183,6,211.20339969520185,205.06172826129327,194.14641228663345,179.2992967891954,228.26038710377023,230.8241597333912,0.8672,False,0.0069318688693791,0.0027528276016231716,0.0006104165352834432,0.13636363636363638,0.48717948717948717,437,0.21327636402607536,0.1923937360178971,True,1.0,train,sort
MVI_20032,184,6,211.1858503027662,204.0246406898717,194.17217825019665,177.71556119710053,228.1995223553357,230.33372018264288,0.8433,False,0.023542436525886,0.009397005126358363,0.0009306241065643476,0.13636363636363638,0.48717948717948717,437,0.21209835844524988,0.1935123042505593,True,1.0,train,sort
MVI_20032,185,6,211.1080728508064,203.28586518626463,194.0308070832457,176.775379519988,228.18533861836715,229.79635085254128,0.8625,False,0.0168608644249577,0.0067243962125085694,0.0012123096912199723,0.13636363636363638,0.48717948717948717,437,0.2116233125936297,0.1946308724832215,True,1.0,train,sort
MVI_20032,186,6,210.80450837101927,203.15656588046707,193.4736075867509,176.73566550266656,228.1354091552879,229.5774662582676,0.8542,False,0.0074890603212414,0.0029757025206502584,0.001038567993963442,0.13636363636363638,0.48717948717948717,437,0.2105259314477173,0.19574944071588368,True,1.0,train,sort
MVI_20032,187,6,210.4582707434644,203.11717904270168,192.69427197815045,176.94051654210529,228.2222695087784,229.29384154329807,0.8567,False,0.0079093365553461,0.003143811760898008,0.001147591360315951,0.13636363636363638,0.48717948717948717,437,0.2096221610487064,0.1968680089485459,True,1.0,train,sort
MVI_20032,188,6,210.595171756374,202.9057237482617,193.00133415740925,176.66240291734815,228.1890093553386,229.1490445791752,0.8712,False,0.005717517668105,0.002267090742685697,0.00112454021281182,0.13636363636363638,0.48717948717948717,437,0.20800003457112193,0.19798657718120807,True,1.0,train,sort
MVI_20032,189,6,210.5425615386065,203.1428095572985,193.01629769729263,177.12730762748933,228.06882537992047,229.1583114871077,0.8739,False,0.005512099466749,0.0021849240747640946,0.0007822834104441676,0.13636363636363638,0.48717948717948717,437,0.2067307505869665,0.19910514541387025,True,1.0,train,sort
MVI_20032,190,6,210.52059547855663,202.98411043725065,192.91958884857416,176.874280834304,228.12160210853915,229.0939400401973,0.8597,False,0.003636378938104,0.0014346414572868158,0.0005312526004907671,0.13636363636363638,0.48717948717948717,437,0.20541417390898942,0.20022371364653246,True,1.0,train,sort
MVI_20032,191,6,210.496262606216,203.01357951729136,192.8522257603503,176.9874661773046,228.1402994520817,229.03969285727808,0.8598,False,0.0008674148869904,0.00032706409475150635,0.00040555871105842246,0.13636363636363638,0.48717948717948717,437,0.20418236517168786,0.20134228187919465,True,1.0,train,sort
MVI_20032,192,6,210.5930725893556,202.8677951349605,192.97237250405587,176.70389075563642,228.2137726746552,229.0316995142846,0.8608,False,0.0039720407260233,0.001568905171406928,0.00033081988193394806,0.13636363636363638,0.48717948717948717,437,0.20294852373439853,0.20246085011185685,True,1.0,train,sort
MVI_20032,193,6,210.7907659978049,202.2621617273725,193.46384061882927,175.91668450743146,228.1176913767805,228.60763894731355,0.8614,False,0.0144600466987169,0.005764076281995773,0.0004967729653848911,0.13636363636363638,0.48717948717948717,437,0.20171488444661295,0.20357941834451904,True,1.0,train,sort
MVI_20032,194,6,211.03911702009765,202.57783206890787,194.03650491446487,176.41494875173976,228.0417291257304,228.74071538607595,0.8621,False,0.0091164548149002,0.0036266554647183965,0.0005651918269962358,0.13636363636363638,0.48717948717948717,437,0.2001676782523169,0.20469798657718125,True,1.0,train,sort
MVI_20032,195,6,211.0993658616179,202.9266990995604,194.16169568811463,176.95067790561083,228.0370360351212,228.90272029351,0.8605,False,0.0080355463371027,0.0031942952972039067,0.0006486980289115417,0.13636363636363638,0.48717948717948717,437,0.19875651163892094,0.20581655480984343,True,1.0,train,sort
MVI_20032,196,6,211.1236536809697,203.4733837972638,194.05721218316955,177.69437426704292,228.1900951787699,229.25239332748475,0.8576,False,0.0124204951162403,0.004948261731580882,0.0008680017659293814,0.13636363636363638,0.48717948717948717,437,0.19790881032653557,0.2069351230425056,True,1.0,train,sort
MVI_20032,197,6,211.0540490882924,203.61640753337235,193.7872749472965,177.7964627405195,228.32082322928807,229.43635232622523,0.8643,False,0.0036102653124317,0.0014241960848968538,0.0008611344458218888,0.13636363636363638,0.48717948717948717,437,0.19680683230421325,0.20805369127516782,True,1.0,train,sort
MVI_20032,198,6,211.05768091634616,203.68159563781072,193.88616833200584,177.816632719311,228.22919350068645,229.54655855631043,0.8588,False,0.0014818871409371,0.000572851163783201,0.0006147794622021028,0.13636363636363638,0.48717948717948717,437,0.19540566720298835,0.20917225950783,True,1.0,train,sort
MVI_20032,199,6,211.05959141041345,204.09910913274177,193.89694986300128,178.3343293410644,228.2222329578256,229.8638889244192,0.8668,False,0.0094765197480814,0.0037706803641654697,0.0006216143135013936,0.13636363636363638,0.48717948717948717,437,0.19448317624550576,0.21029082774049218,True,1.0,train,sort
MVI_20032,200,6,210.9172631866384,203.97016506082213,193.53461584347284,178.0410801216744,228.29991052980384,229.89924999996984,0.8624,False,0.0043590535868834,0.0017237091615584876,0.0005518261199423452,0.13636363636363638,0.48717948717948717,437,0.19342106429891104,0.21140939597315436,True,1.0,train,sort
MVI_20032,201,6,211.08284174383,203.574378776408,193.9061438473637,177.41991662221506,228.2595396402962,229.7288409306009,0.8526,False,0.0097377160165605,0.003875158092588793,0.0005009008713957646,0.13636363636363638,0.48717948717948717,437,0.19216001783302084,0.21252796420581657,True,1.0,train,sort
MVI_20032,202,6,211.0515773121464,203.74319972774268,193.92954670805105,177.7921893068229,228.1736079162418,229.69421014866245,0.8505,False,0.0038969304536182,0.0015388612864470216,0.000506342427715591,0.13636363636363638,0.48717948717948717,437,0.19172725363640014,0.21364653243847875,True,1.0,train,sort
MVI_20032,203,6,210.9997915788572,203.75568639630603,193.92463528319,177.9609162516855,228.0749478745244,229.5504565409266,0.8534,False,0.0012090811373635,0.00046372957594595517,0.0005011639493464104,0.13636363636363638,0.48717948717948717,437,0.19081736402270155,0.21476510067114096,True,1.0,train,sort
MVI_20032,204,6,211.1494228200868,203.38506358919165,194.25508606381112,177.30703296584417,228.0437595763624,229.4630942125391,0.853,False,0.0090718381350571,0.003608808925841937,0.0004934821719954726,0.13636363636363638,0.48717948717948717,437,0.18926138858021663,0.21588366890380314,True,1.0,train,sort
MVI_20032,205,6,211.02914614759808,203.4066493937546,194.0464582746827,177.51022873683775,228.0118340205134,229.3030700506714,0.8468,False,0.0027735690186413,0.0010895200626686772,0.0004633860691467022,0.13636363636363638,0.48717948717948717,437,0.18909152255035383,0.21700223713646533,True,1.0,train,sort
MVI_20032,206,6,211.06446744408228,203.14885529093937,194.1096751747637,177.00782862093345,228.01925971340088,229.2898819609453,0.8534,False,0.0059058911849167,0.002342439587622075,0.00039064931942261593,0.13636363636363638,0.48717948717948717,437,0.18788481557539,0.21812080536912754,True,1.0,train,sort
MVI_20032,207,6,211.1151621212505,202.4244942041767,194.1785185817845,176.00919483661008,228.05180566071647,228.83979357174337,0.8619,False,0.0164812406208673,0.006572547823028377,0.0006295281459092652,0.13636363636363638,0.48717948717948717,437,0.1863503371178699,0.21923937360178972,True,1.0,train,sort
MVI_20032,208,6,211.1406450627044,201.7498826961751,194.3016206702969,175.11797583478972,227.9796694551119,228.38178955756047,0.8634,False,0.0153227663212225,0.006109161558100339,0.0008974379883491412,0.13636363636363638,0.48717948717948717,437,0.18507380752368663,0.22035794183445193,True,1.0,train,sort
MVI_20032,209,6,211.16480773531504,200.93417737919108,194.47778515136503,174.2112273645949,227.85183031926505,227.65712739378728,0.885,False,0.0185224125808801,0.0073890105196253025,0.001076831384033095,0.13636363636363638,0.48717948717948717,437,0.1838245700178438,0.2214765100671141,True,1.0,train,sort
MVI_20032,210,6,211.0015465086261,199.9574142512308,194.24933389261,173.32678450839254,227.7537591246424,226.58804399406893,0.8738,False,0.022477417921476,0.008971000860810345,0.0014508552471312122,0.13636363636363638,0.48717948717948717,437,0.18261386522357437,0.22259507829977632,True,1.0,train,sort
MVI_20032,211,6,211.0260265040044,199.9527881133488,194.31144281948968,173.458282025723,227.74061018851896,226.4472942009745,0.888,False,0.0005654635934277,0.0002062844778388642,0.0013494817861280104,0.13636363636363638,0.48717948717948717,437,0.1814400222022327,0.2237136465324385,True,1.0,train,sort
MVI_20032,212,6,210.8481772543524,200.42584591296625,194.0533100392196,174.21742672836356,227.6430444694852,226.63426509756889,0.8606,False,0.0114708655362809,0.004568412731687246,0.0012543734723184212,0.13636363636363638,0.48717948717948717,437,0.18018947045378186,0.22483221476510068,True,1.0,train,sort
MVI_20032,213,6,210.934072488408,201.2783885870826,194.09835475848865,175.4020555206959,227.7697902183272,227.1547216534693,0.8535,False,0.0194483637626695,0.007759388230867265,0.0013326866942806408,0.13636363636363638,0.48717948717948717,437,0.1788397107915457,0.2259507829977629,True,1.0,train,sort
MVI_20032,214,6,210.7699164641921,201.2607493904784,193.72347641627107,175.28853425415912,227.8163565121132,227.2329645267976,0.8567,False,0.0037473436535811,0.0014790270125464365,0.001052222284256957,0.13636363636363638,0.48717948717948717,437,0.17769317533547246,0.22706935123042504,True,1.0,train,sort
MVI_20032,215,6,210.7805406201184,201.0700381215113,193.8295282999376,174.99338742071936,227.7315529402992,227.14668882230325,0.8632,False,0.0043353384997915,0.0017142231974474785,0.0007078443577212384,0.13636363636363638,0.48717948717948717,437,0.17670815795163686,0.22818791946308728,True,1.0,train,sort
MVI_20032,216,6,210.89086187829145,201.417486054538,194.0010773712289,175.5699084919601,227.78064638535403,227.26506361711583,0.8571,False,0.0082741109700138,0.0032897204388945807,0.0008541720161025973,0.13636363636363638,0.48717948717948717,437,0.17564009755519738,0.22930648769574943,True,1.0,train,sort
MVI_20032,217,6,210.7815301043537,201.15101415841872,193.98807956590804,175.15780233611744,227.5749806427995,227.14422598072,0.8694,False,0.0065374748824326,0.0025950711830498353,0.0007605250418680838,0.13636363636363638,0.48717948717948717,437,0.17436278367077634,0.23042505592841167,True,1.0,train,sort
MVI_20032,218,6,210.7720278558816,200.97275410596788,194.14633682807352,174.90519267885327,227.3977188836896,227.0403155330825,0.8777,False,0.0040517625178955,0.0016007936504006776,0.0004682625349563926,0.13636363636363638,0.48717948717948717,437,0.17348247264739902,0.23154362416107382,True,1.0,train,sort
MVI_20032,219,6,210.7341814418309,201.08333330607576,193.9580539849684,175.02087519677417,227.5103088986935,227.1457914153773,0.8659,False,0.0026527780472492,0.0010412040343480012,0.00044748519046327245,0.13636363636363638,0.48717948717948717,437,0.17260113939718796,0.23266219239373603,True,1.0,train,sort
MVI_20032,220,6,210.7921971378757,201.0860538531392,193.99082584290093,174.995621057121,227.5935684328506,227.17648664915737,0.8666,False,0.001318245487397,0.0005073949903973604,0.0003902139035493858,0.13636363636363638,0.48717948717948717,437,0.17129350756008138,0.23378076062639822,True,1.0,train,sort
MVI_20032,221,6,210.6160079423934,201.0946869770062,193.7029594615567,174.92299586455243,227.5290564232301,227.26637808946,0.8616,False,0.0040038132114068,0.001581614070804905,0.0003091539404868567,0.13636363636363638,0.48717948717948717,437,0.1703974398950182,0.23489932885906042,True,1.0,train,sort
MVI_20032,222,6,210.6553368695505,200.9381988052964,193.75076603631183,174.70172409553734,227.5599077027892,227.1746735150554,0.8695,False,0.0036623108566696,0.0014450141473760431,0.00025457678851722917,0.13636363636363638,0.48717948717948717,437,0.16900382314729184,0.2360178970917226,True,1.0,train,sort
MVI_20032,223,6,210.5738055346974,200.74153773914333,193.54765579031263,174.5548255054168,227.5999552790822,226.92824997287,0.8803,False,0.0048320655112325,0.001912912520629814,0.0002693887139128282,0.13636363636363638,0.48717948717948717,437,0.16774906270757894,0.23713646532438482,True,1.0,train,sort
MVI_20032,224,6,210.6402780796824,200.63150779021169,193.6673112336645,174.48873700888245,227.61324492570017,226.7742785715409,0.8799,False,0.0029177429216334,0.0011471891938942124,0.00027441834981752923,0.13636363636363638,0.48717948717948717,437,0.16584755550360014,0.238255033557047,True,1.0,train,sort
MVI_20032,225,6,210.6341894767968,200.5328823082692,193.6679974873477,174.39463888230893,227.6003814662457,226.6711257342293,0.8807,False,0.0022427917806855,0.0008772107504288028,0.0002919683410874612,0.13636363636363638,0.48717948717948717,437,0.16461478927136614,0.2393736017897092,True,1.0,train,sort
MVI_20032,226,6,210.70098926534016,200.6114459184633,193.7538294546929,174.57066326118291,227.6481490759874,226.6522285757437,0.868,False,0.0023406225117858,0.000916342751107308,0.00026039719914414176,0.13636363636363638,0.48717948717948717,437,0.16327498421260644,0.2404921700223714,True,1.0,train,sort
MVI_20032,227,6,210.59692425838148,200.69243848852253,193.64326969490364,174.65954551528029,227.5505788218593,226.72533146176485,0.8703,False,0.0029930580054338,0.0011773150028014066,0.0002476932579982757,0.13636363636363638,0.48717948717948717,437,0.16177404591238959,0.2416107382550336,True,1.0,train,sort
MVI_20032,228,6,210.61367340211024,200.95387101796192,193.66706216614912,175.04773591503164,227.56028463807127,226.8600061208922,0.8598,False,0.005945972565925,0.0023584720204902925,0.00026883774716802343,0.13636363636363638,0.48717948717948717,437,0.1607561176690861,0.24272930648769575,True,1.0,train,sort
MVI_20032,229,6,210.618790812776,200.9324951163988,193.7093187424541,174.7782259611112,227.5282628830978,227.08676427168623,0.8673,False,0.0004988844811575,0.000179653031490362,0.0002229223129472433,0.13636363636363638,0.48717948717948717,437,0.15937119781229842,0.243847874720358,True,1.0,train,sort
MVI_20032,230,6,210.7078115098037,200.5239972878196,193.83679599357592,174.21947398709634,227.5788270260316,226.82852058854283,0.8781,False,0.009489394677459,0.0037758302975194795,0.00036047931631013897,0.13636363636363638,0.48717948717948717,437,0.157928348375582,0.24496644295302014,True,1.0,train,sort
MVI_20032,231,6,210.76695332399896,200.1723837182804,193.9245246395495,173.89810390042874,227.6093820084484,226.4466635361321,0.8669,False,0.0080927772386175,0.003217187487129532,0.00046966829470096477,0.13636363636363638,0.48717948717948717,437,0.15664500468860681,0.24608501118568238,True,1.0,train,sort
MVI_20032,232,6,210.7574529153513,199.94553751894148,193.8531715413131,173.7333257786164,227.6617342893896,226.15774925926647,0.8659,False,0.0051533050439661,0.0020414073756872724,0.0005106746963731728,0.13636363636363638,0.48717948717948717,437,0.15502248328288276,0.24720357941834453,True,1.0,train,sort
MVI_20032,233,6,210.73848294264457,199.6497026275636,193.96952158477487,173.48481770287526,227.50744430051424,225.814587552252,0.887,False,0.0067284378144541,0.0026714557863477275,0.0005255276662897642,0.13636363636363638,0.48717948717948717,437,0.15358116713457187,0.24832214765100674,True,1.0,train,sort
MVI_20032,234,6,210.473366395624,199.53567049625445,193.51719955979087,173.42029080196443,227.429533231457,225.6510501905444,0.8805,False,0.0065504408133398,0.0026002575167443144,0.0006403999680557957,0.13636363636363638,0.48717948717948717,437,0.15208264883260292,0.24944071588366892,True,1.0,train,sort
MVI_20032,235,6,210.3445055773662,199.59857721971235,193.4044380939245,173.55636252636464,227.2845730608079,225.64079191306007,0.8902,False,0.0032546954289916,0.0012819691919405169,0.0005220511972310652,0.13636363636363638,0.48717948717948717,437,0.15057400360326106,0.25055928411633116,True,1.0,train,sort
MVI_20032,236,6,210.30967304488289,199.364924091816,193.40839752377363,173.4286221894546,227.21094856599208,225.3012259941773,0.8837,False,0.00536189733877,0.002124843671521874,0.0004702128861054137,0.13636363636363638,0.48717948717948717,437,0.149028390716906,0.2516778523489933,True,1.0,train,sort
MVI_20032,237,6,210.03761478217405,198.9097502112498,193.058437552514,172.92611351558492,227.0167920118341,224.89338690691469,0.8802,False,0.0120359579786367,0.004794448023348537,0.0006008612914846664,0.13636363636363638,0.48717948717948717,437,0.14811345717768276,0.25279642058165547,True,1.0,train,sort
MVI_20032,238,6,209.9366665991872,198.667007557872,193.0511355547269,172.654112748528,226.8221976436476,224.679902367216,0.8909,False,0.0059670337165699,0.002366896417937356,0.0005864081101050419,0.13636363636363638,0.48717948717948717,437,0.14655507026254444,0.2539149888143177,True,1.0,train,sort
MVI_20032,239,6,209.7871427630615,198.58230851644416,192.913177173664,172.67289134509596,226.661108352459,224.49172568779235,0.8894,False,0.0039004537156552,0.0015402705807543479,0.0005361053283326139,0.13636363636363638,0.48717948717948717,437,0.14547289781918754,0.2550335570469799,True,1.0,train,sort
MVI_20032,240,6,209.71340398254367,198.5715907338636,192.8954074239947,172.7628964681813,226.53140054109275,224.38028499954595,0.89,False,0.0016912563234292,0.0006565982123761578,0.0005064276985017748,0.13636363636363638,0.48717948717948717,437,0.14388195891516964,0.2561521252796421,True,1.0,train,sort
MVI_20032,241,6,209.6933146756022,198.6048035967912,193.0016953699017,172.85979667656147,226.38493398130268,224.3498105170208,0.8906,False,0.0008810154598046,0.0003325042833160479,0.00042137036991985057,0.13636363636363638,0.48717948717948717,437,0.14278207083292288,0.25727069351230425,True,1.0,train,sort
MVI_20032,242,6,209.7133554362211,198.46060776048088,193.01766284715472,172.77585013255558,226.40904802528743,224.1453653884062,0.8831,False,0.0033043116633326,0.0013018155377059245,0.0002556238651551571,0.13636363636363638,0.48717948717948717,437,0.1416448140820541,0.25838926174496646,True,1.0,train,sort
MVI_20032,243,6,209.73028129083053,198.6131000940213,193.12305517130605,173.00162335678354,226.33750741035504,224.22457683125896,0.8854,False,0.0034824163500717,0.0013730568812381067,0.00020846017696809162,0.13636363636363638,0.48717948717948717,437,0.1397800393930922,0.2595078299776286,True,1.0,train,sort
MVI_20032,244,6,209.77952908938045,198.9114209633244,193.2098699169664,173.33149194702864,226.3491882617945,224.49134997962025,0.8832,False,0.0068627163261261,0.0027251667905563355,0.00026469065815697606,0.13636363636363638,0.48717948717948717,437,0.13810490523316787,0.2606263982102909,True,1.0,train,sort
MVI_20032,245,6,209.771047466368,199.0925659588656,193.21741998012308,173.48436652070023,226.32467495261287,224.7007653970309,0.8875,False,0.0041160030206451,0.0016264896599154136,0.0003107178648818835,0.13636363636363638,0.48717948717948717,437,0.13680472301885782,0.26174496644295303,True,1.0,train,sort
MVI_20032,246,6,209.8849084646353,199.3771233920281,193.429733154356,173.62793822188294,226.3400837749145,225.12630856217325,0.8892,False,0.0069565314249798,0.002762692550312077,0.0004260449749716383,0.13636363636363638,0.48717948717948717,437,0.1351337979992957,0.26286353467561524,True,1.0,train,sort
MVI_20032,247,6,209.9090099751699,199.57589102987987,193.53008513822823,173.80013085836936,226.2879348121116,225.3516512013904,0.8937,False,0.0045445291451209,0.001797898831707839,0.000449587123305589,0.13636363636363638,0.48717948717948717,437,0.13356125452393475,0.2639821029082774,True,1.0,train,sort
MVI_20032,248,6,209.820887011214,199.40898220435508,193.3654279090516,173.54522225921423,226.2763461133764,225.2727421494959,0.8885,False,0.0042839702491349,0.0016936760503809304,0.00046480243922114437,0.13636363636363638,0.48717948717948717,437,0.13221854568761826,0.26510067114093966,True,1.0,train,sort
MVI_20032,249,6,209.77018506026124,199.34553660594617,193.296136458392,173.4612672658124,226.2442336621305,225.22980594607995,0.8922,False,0.0018433813013076,0.0007174477498436321,0.00036952404536905615,0.13636363636363638,0.48717948717948717,437,0.13104893396856848,0.2662192393736018,True,1.0,train,sort
MVI_20032,250,6,209.7692720501788,200.05492925602704,193.36790811441304,174.3308074633701,226.1706359859445,225.779051048684,0.8842,False,0.0161012966694848,0.006420571375586167,0.0005970321760398829,0.13636363636363638,0.48717948717948717,437,0.12919975003193884,0.267337807606264,True,1.0,train,sort
MVI_20032,251,6,209.6944859777508,200.4546661905016,193.21246121209137,174.67325862043805,226.1765107434101,226.23607376056515,0.8826,False,0.0092303608708286,0.0036722175473865404,0.0006401946301145417,0.13636363636363638,0.48717948717948717,437,0.12775784280697416,0.2684563758389262,True,1.0,train,sort
MVI_20032,252,6,209.8189049949248,200.19037330915745,193.42790913105205,174.17388592976093,226.2099008587976,226.206860688554,0.8936,False,0.0066302020710101,0.0026321617819395826,0.0006797854455307109,0.13636363636363638,0.48717948717948717,437,0.1264894888510945,0.2695749440715884,True,1.0,train,sort
MVI_20032,253,6,209.87632576034687,199.5180532348357,193.5229266491092,173.40748242485117,226.22972487158447,225.62862404482024,0.8934,False,0.0153153907849781,0.006106211365598723,0.0008891868951978552,0.13636363636363638,0.48717948717948717,437,0.12493213165854904,0.2706935123042506,True,1.0,train,sort
MVI_20032,254,6,209.8060392538009,199.04963116441456,193.36931034008896,172.9335058260177,226.2427681675128,225.16575650281143,0.8883,False,0.01075092843515,0.004280440038310741,0.0010582723975358784,0.13636363636363638,0.48717948717948717,437,0.12428120108141487,0.2718120805369128,True,1.0,train,sort
MVI_20032,255,6,209.73717499779136,198.83435083923348,193.1540264630445,172.82056611731912,226.3203235325382,224.84813556114784,0.8816,False,0.0051301829279354,0.0020321585982323227,0.0008500157079754556,0.13636363636363638,0.48717948717948717,437,0.12219295039461427,0.27293064876957496,True,1.0,train,sort
MVI_20032,256,6,209.6217862658029,198.65619010271388,192.9420054134838,172.69527493710817,226.30156711812205,224.6171052683196,0.8929,False,0.004817804763563,0.0019072082640919712,0.0007662553579283519,0.13636363636363638,0.48717948717948717,437,0.12004159927539586,0.27404921700223717,True,1.0,train,sort
MVI_20032,257,6,209.7732822663552,198.7878477593889,193.2672643956289,172.95720517385726,226.2793001370815,224.61849034492056,0.8899,False,0.004555586407016,0.0018023217034897055,0.0007268744344896182,0.13636363636363638,0.48717948717948717,437,0.11778740315582613,0.2751677852348994,True,1.0,train,sort
MVI_20032,258,6,209.6207719616691,198.67749478804825,192.9605275959024,172.89562592657398,226.28101632743585,224.4593636495225,0.8879,False,0.0042727091619544,0.0016891716490927632,0.0005172592237775771,0.13636363636363638,0.48717948717948717,437,0.11571663216065146,0.2762863534675616,True,1.0,train,sort
MVI_20032,259,6,209.65062396108715,198.64161109674453,193.0078695875238,172.93922249201995,226.2933783346505,224.3439997014692,0.8922,False,0.0010594503641012,0.00040387771288640954,0.00033329292941856523,0.13636363636363638,0.48717948717948717,437,0.11442968320540373,0.27740492170022374,True,1.0,train,sort
MVI_20032,260,6,209.74959935801024,198.97735145462727,193.2422620806421,173.46666342611456,226.25693663537825,224.48803948314008,0.8886,False,0.007944622315273,0.0031579259596356815,0.0003867173896495842,0.13636363636363638,0.48717948717948717,437,0.11301676006912993,0.27852348993288595,True,1.0,train,sort
MVI_20032,261,6,209.885941197796,199.1282772613281,193.56678712934044,173.63491899207617,226.2050952662516,224.62163553058005,0.8917,False,0.0046164111000602,0.0018266513993092394,0.00038289447990244417,0.13636363636363638,0.48717948717948717,437,0.11168291344793271,0.2796420581655481,True,1.0,train,sort
MVI_20032,262,6,209.81828270369024,198.9100670196649,193.45453811320456,173.3000050530656,226.18202729417587,224.5201289862642,0.8873,False,0.0051853911818884,0.0020542417351653588,0.0003948496068452574,0.13636363636363638,0.48717948717948717,437,0.10962689834056522,0.2807606263982103,True,1.0,train,sort
MVI_20032,263,6,209.77602106057944,198.8307460596595,193.35895595037385,173.23135637413844,226.19308617078505,224.43013574518056,0.8825,False,0.0020399616377404,0.0007960792981531767,0.00035246698107262804,0.13636363636363638,0.48717948717948717,437,0.107449079082325,0.2818791946308725,True,1.0,train,sort
MVI_20032,264,6,209.8391134456925,199.09633656490763,193.45943831362547,173.46687645863335,226.2187885777596,224.7257966711819,0.8729,False,0.0061959401864896,0.0024584583232350916,0.00044996923941858434,0.13636363636363638,0.48717948717948717,437,0.10572776085087368,0.2829977628635347,True,1.0,train,sort
MVI_20032,265,6,209.88879699588588,199.3188102328752,193.56911398607213,173.68704496182266,226.2084800056996,224.95057550392764,0.8712,False,0.0051739337841332,0.002049658810232796,0.0003973752699373489,0.13636363636363638,0.48717948717948717,437,0.1042413809539451,0.2841163310961969,True,1.0,train,sort
MVI_20032,266,6,209.914063703644,199.5316295455404,193.6428205636528,173.80928146409477,226.18530684363512,225.253977626986,0.8575,False,0.0048643434997458,0.0019258236197721408,0.00040208159073664557,0.13636363636363638,0.48717948717948717,437,0.10245502046679034,0.2852348993288591,True,1.0,train,sort
MVI_20032,267,6,209.91198509870384,199.6891363723853,193.59817242397364,174.00487261886792,226.22579777343407,225.37340012590263,0.8572,False,0.003575287782851,0.0014102051773784074,0.00037151816649069844,0.13636363636363638,0.48717948717948717,437,0.10063560405710398,0.2863534675615213,True,1.0,train,sort
MVI_20032,268,6,209.84251642869648,199.28946559082385,193.4955429501744,173.5227335105799,226.18948990721856,225.0561976710677,0.8728,False,0.0092074510205452,0.0036630536755974446,0.0005075734154367928,0.13636363636363638,0.48717948717948717,437,0.09930651516938065,0.28747203579418346,True,1.0,train,sort
MVI_20032,269,6,209.6927259571208,198.74207777697416,193.18834711052904,172.87515141106445,226.1971048037124,224.60900414288392,0.883,False,0.0128809932250778,0.005132459601767621,0.0006344709254024146,0.13636363636363638,0.48717948717948717,437,0.09893929921383784,0.28859060402684567,True,1.0,train,sort
MVI_20032,270,6,209.60165077563508,198.49360813124844,192.9999981200403,172.7149786198618,226.20330343122987,224.2722376426351,0.8782,False,0.0060065018936494,0.002382683571062808,0.00065027496156556,0.13636363636363638,0.48717948717948717,437,0.09728217405570137,0.2897091722595078,True,1.0,train,sort
MVI_20032,271,6,209.6702813125597,198.50447441686032,193.1056379367283,172.88469724598684,226.2349246883911,224.12425158773385,0.8688,False,0.0015771305243113,0.0006109482330875752,0.0005878761834404711,0.13636363636363638,0.48717948717948717,437,0.09536731224601679,0.2908277404921701,True,1.0,train,sort
MVI_20032,272,6,209.59959944597887,198.4458524363111,192.9442558727891,172.90526700895447,226.25494301916888,223.98643786366776,0.872,False,0.0020842558376515,0.0008137968460186018,0.0005595730061832616,0.13636363636363638,0.48717948717948717,437,0.09362625931853114,0.29194630872483224,True,1.0,train,sort
MVI_20032,273,6,209.4774643152271,197.48353575715373,192.65533666258875,171.28854324317695,226.29959196786547,223.6785282711305,0.8938,False,0.0220171846421414,0.008786908921634959,0.000802730882496349,0.13636363636363638,0.48717948717948717,437,0.0917855518609709,0.29306487695749445,True,1.0,train,sort
MVI_20032,274,6,209.4396687898048,196.90356749087,192.53404248493607,170.35814448013565,226.34529509467325,223.4489905016044,0.8979,False,0.0131916247719088,0.0052567112941003255,0.0008086273757002294,0.13636363636363638,0.48717948717948717,437,0.09021906183179856,0.2941834451901566,True,1.0,train,sort
MVI_20032,275,6,209.424169246562,197.611220385391,192.4899449857408,171.6573160649455,226.3583935073832,223.56512470583647,0.8725,False,0.0160656478193596,0.006406311941852035,0.0009995728420989561,0.13636363636363638,0.48717948717948717,437,0.08930051624242842,0.2953020134228188,True,1.0,train,sort
MVI_20032,276,6,209.0495826535389,198.0430668549836,191.69166423404025,172.3329275416293,226.40750107303765,223.75320616833795,0.8701,False,0.0129753518524055,0.005170202771291983,0.0012159370049893753,0.13636363636363638,0.48717948717948717,437,0.08835414009002815,0.296420581655481,True,1.0,train,sort
MVI_20032,277,6,208.96611489269955,198.11106686601403,191.48951474924613,172.4613557488827,226.4427150361529,223.7607779831453,0.8726,False,0.0024436094674632,0.0009575372262392057,0.0012227583541330519,0.13636363636363638,0.48717948717948717,437,0.08721835473146064,0.29753914988814323,True,1.0,train,sort
MVI_20032,278,6,208.86734340512191,198.1208599543561,191.26032205236567,172.4719669516779,226.47436475787805,223.76975295703423,0.8729,False,0.0022528363603806,0.000881228552350805,0.0008475860752339131,0.13636363636363638,0.48717948717948717,437,0.08632022626607574,0.2986577181208054,True,1.0,train,sort
MVI_20032,279,6,208.8926606274236,198.13426665971497,191.3018873471116,172.48324135979672,226.4834339077356,223.7852919596332,0.8787,False,0.0006502291269378,0.00024019043844577116,0.000609521863977243,0.13636363636363638,0.48717948717948717,437,0.08549901023312906,0.2997762863534676,True,1.0,train,sort
MVI_20032,280,6,209.04950615928425,197.6918174965824,191.59634079166068,171.82210646265247,226.50267152690785,223.5615285305123,0.8853,False,0.0106547176776039,0.004241956022222639,0.0005068101042315443,0.13636363636363638,0.48717948717948717,437,0.08470235938977844,0.3008948545861298,True,1.0,train,sort
MVI_20032,281,6,209.2032375231748,197.7046047902868,191.94024025467843,171.9381891922011,226.4662347916712,223.47102038837247,0.8847,False,0.0035013338154229,0.00138062381096086,0.000326971695871456,0.13636363636363638,0.48717948717948717,437,0.08369158990060208,0.302013422818792,True,1.0,train,sort
MVI_20032,282,6,209.41955008686824,197.78222465561544,192.3930746091136,172.1477141226013,226.4460255646229,223.4167351886296,0.8873,False,0.0052162263982478,0.002066575729748942,0.00037960227076355897,0.13636363636363638,0.48717948717948717,437,0.08279993653040532,0.30313199105145416,True,1.0,train,sort
MVI_20032,283,6,209.6050512562048,196.74677918660703,192.7226576831128,170.40700577534153,226.48744482929683,223.08655259787253,0.8975,False,0.0238759631327924,0.00953041477444108,0.0007900583926897811,0.09090909090909091,0.358974358974359,437,0.08193109086646538,0.3042505592841164,True,1.0,train,sort
MVI_20032,284,6,209.6794895826963,195.8786628345552,192.775650969946,169.13570942493394,226.58332819544663,222.6216162441765,0.8871,False,0.0197761836875978,0.007890515223177843,0.001153112506913524,0.09090909090909091,0.358974358974359,437,0.08134484208476626,0.3053691275167785,True,1.0,train,sort
MVI_20032,285,6,209.71292132387345,195.9628292400213,192.8667135068992,169.50949127255754,226.5591291408477,222.4161672074851,0.9016,False,0.0020555347558814,0.0008023084989657039,0.000989880458610143,0.09090909090909091,0.358974358974359,437,0.08097591797550158,0.3064876957494408,True,1.0,train,sort
MVI_20032,286,6,209.7291906066744,195.6193212901761,192.8610968326351,169.10482206814464,226.5972843807137,222.1338205122076,0.888,False,0.0078054357666089,0.0031022517552675094,0.0010715821021260508,0.09090909090909091,0.358974358974359,437,0.08000490014986436,0.30760626398210295,True,1.0,train,sort
MVI_20032,287,6,209.7029423725105,195.1133852626068,192.8513751662389,168.49519359303432,226.55450957878207,221.73157693217928,0.8839,False,0.0114988153648911,0.004579592579776239,0.0011908399287135995,0.09090909090909091,0.358974358974359,437,0.07944809135901897,0.3087248322147651,True,1.0,train,sort
MVI_20032,288,6,209.6016221239429,195.0379466090476,192.676968787578,168.5594477803924,226.52627546030783,221.5164454377028,0.8883,False,0.0028671240280056,0.0011269417874043212,0.0007920443837452912,0.13636363636363638,0.48717948717948717,437,0.07908462959064909,0.3098434004474273,True,1.0,train,sort
MVI_20032,289,6,209.58084756141028,195.12254863330915,192.62973328510128,168.84051224734085,226.5319618377193,221.40458501927745,0.8905,False,0.0019772815554589,0.0007710074521720484,0.0004541807426264145,0.13636363636363638,0.48717948717948717,437,0.07936647386239128,0.3109619686800895,True,1.0,train,sort
MVI_20032,290,6,209.56178760648984,195.5676434228424,192.64423859448428,169.58136902267515,226.4793366184954,221.5539178230096,0.8939,False,0.0101116992951523,0.0040247502886913205,0.0006071050670866316,0.09090909090909091,0.358974358974359,437,0.07981907684455608,0.3120805369127517,True,1.0,train,sort
MVI_20032,291,6,209.6904520678756,196.27687203437927,192.96303975586824,170.6709979179972,226.4178643798829,221.88274615076145,0.8845,False,0.0163603113562129,0.006524176477815249,0.0007694960614617032,0.04545454545454544,0.23076923076923078,437,0.17998743759880415,0.3131991051454139,True,1.0,train,sort
MVI_20032,292,6,209.7071394881848,197.0290058997175,193.05738811405683,171.8181012460329,226.3568908623128,222.2399105534021,0.8776,False,0.0170755938504623,0.006810287342320631,0.0008753559999489369,0.04545454545454544,0.23076923076923078,437,0.18149232864005754,0.3143176733780761,True,1.0,train,sort
MVI_20032,293,6,209.75341936082373,197.27054676317616,193.16387773266024,172.0759175812097,226.3429609889872,222.4651759451427,0.8645,False,0.0055820458221723,0.002212902408331673,0.0009268913899364944,0.04545454545454544,0.23076923076923078,437,0.18263054439778037,0.31543624161073824,True,1.0,train,sort
MVI_20032,294,6,209.64065373764805,197.4684934813037,192.9678891536604,172.22910721955523,226.3134183216358,222.70787974305216,0.8682,False,0.0051707466196307,0.002048383953936892,0.0009875106195022757,0.04545454545454544,0.23076923076923078,437,0.1850246435749458,0.3165548098434005,True,1.0,train,sort
MVI_20032,295,6,209.63172737875965,197.6415396637429,192.9576399556617,172.4140936286989,226.3058148018576,222.86898569878704,0.8687,False,0.0039328996487994,0.0015532488572482166,0.0008702229502537716,0.04545454545454544,0.23076923076923078,437,0.18758144905661372,0.31767337807606266,True,1.0,train,sort
MVI_20032,296,6,209.5521069298258,197.0651300123252,192.77021104472303,171.38993525483104,226.33400281492857,222.74032476981927,0.8854,False,0.0132071548424757,0.005262923276011595,0.0008103688686458204,0.04545454545454544,0.23076923076923078,437,0.1907169504659993,0.31879194630872487,True,1.0,train,sort
MVI_20032,297,6,209.43947882326296,196.3202394274977,192.62031913314348,170.14319884463308,226.25863851338244,222.4972800103624,0.8898,False,0.0170991590611793,0.00681971335632866,0.0008108161899377446,0.04545454545454544,0.23076923076923078,437,0.19416436477445237,0.319910514541387,True,1.0,train,sort
MVI_20032,298,6,209.3279055606654,195.6564984096676,192.5439821525479,169.27257812469452,226.11182896878293,222.0404186946405,0.8274,False,0.0152764787257041,0.006090646657936982,0.0009948385737372281,0.04545454545454544,0.23076923076923078,437,0.19736207969806485,0.32102908277404923,True,1.0,train,sort
MVI_20032,299,6,209.3896446396536,194.55760038660645,192.6134357420421,167.8817971341139,226.16585353726512,221.233403639099,0.8555,False,0.0249813293593536,0.009972557968520434,0.001370888487795901,0.04545454545454544,0.23076923076923078,437,0.20132724737779611,0.32214765100671144,True,1.0,train,sort
MVI_20032,300,6,209.34268871678927,193.9438327381452,192.535804890304,167.36729468965012,226.1495725432745,220.52037078664023,0.8727,False,0.0139715645652773,0.0055686848854252305,0.0015614451780610406,0.04545454545454544,0.23076923076923078,437,0.20519812732740084,0.32326621923937365,True,1.0,train,sort
MVI_20032,301,6,209.0606151118112,194.3033087713032,192.10191125172025,168.0039994234584,226.01931897190204,220.602618119148,0.8922,False,0.0103711552030528,0.0041285318780734685,0.0015076114552126474,0.04545454545454544,0.23076923076923078,437,0.2094094797947742,0.3243847874720358,True,1.0,train,sort
MVI_20032,302,6,209.03050189748188,194.90102403715383,192.1015106188465,168.9528539957152,225.9594931761173,220.8491940785925,0.8928,False,0.0135837168527838,0.005413546957110073,0.0014408803672020648,0.04545454545454544,0.23076923076923078,437,0.2136939350927189,0.325503355704698,True,1.0,train,sort
MVI_20032,303,6,209.0020895251174,195.0852925293891,192.10304986501885,169.1878904496183,225.901129185216,220.98269460915992,0.8949,False,0.0042318187731045,0.001672815615500631,0.001231227603295512,0.04545454545454544,0.23076923076923078,437,0.21751979711333647,0.3266219239373602,True,1.0,train,sort
MVI_20032,304,6,208.86159331818504,194.9948354604585,191.92233858692512,169.00593225047808,225.80084804944497,220.98373867043887,0.8894,False,0.0037926648587918,0.0014971553594688369,0.0008290185633525639,0.04545454545454544,0.23076923076923078,437,0.22276230484245435,0.32774049217002243,True,1.0,train,sort
MVI_20032,305,6,208.8352166583741,195.11191083552825,191.94025266431123,169.10273710828022,225.7301806524372,221.12108456277625,0.9026,False,0.0027238978341155,0.001069651736993233,0.0006155122691064642,0.04545454545454544,0.23076923076923078,437,0.2294012307667096,0.3288590604026846,True,1.0,train,sort
MVI_20032,306,6,208.79538287577,195.91163645715184,191.9096322557021,170.3239454224095,225.6811334958378,221.4993274918941,0.9027,False,0.0181740988588722,0.007249686069601718,0.0007636298853183222,0.04545454545454544,0.23076923076923078,437,0.23496694375653265,0.3299776286353468,True,1.0,train,sort
MVI_20032,307,6,208.73453243667288,196.41624629433525,191.8212599486652,171.02322079247165,225.6478049246805,221.80927179619889,0.9024,False,0.0115362451808578,0.004594564394535586,0.0007247642165804967,0.04545454545454544,0.23076923076923078,437,0.24107412271643686,0.33109619686800895,True,1.0,train,sort
MVI_20032,308,6,208.73848012694327,196.8662983654588,191.8676971767136,171.67157041688495,225.60926307717293,222.0610263140325,0.9021,False,0.0102153506680206,0.004066210528718074,0.0008383452598245586,0.04545454545454544,0.23076923076923078,437,0.24704765124157785,0.3322147651006712,True,1.0,train,sort
MVI_20032,309,6,208.71707090827667,197.2711946750252,191.873833644836,172.10291769559137,225.5603081717173,222.439471654459,0.9023,False,0.009202882782511,0.0036612263940076716,0.0009410435000521821,0.04545454545454544,0.23076923076923078,437,0.2534853042445932,0.33333333333333337,True,1.0,train,sort
MVI_20032,310,6,208.74482959350456,197.36282599458977,191.94933184484,172.11761584726682,225.54032734216915,222.60803614191272,0.9066,False,0.0021731200177078,0.0008493422530205496,0.0009305884845058594,0.04545454545454544,0.23076923076923078,437,0.2610199179326773,0.3344519015659956,True,1.0,train,sort
MVI_20032,311,6,208.7096556043784,197.32370905157137,191.86809971593817,171.99348985156507,225.55121149281865,222.65392825157764,0.9076,False,0.0011940030611881,0.0004576983904432928,0.000608267649762136,0.04545454545454544,0.23076923076923078,437,0.2670829916134539,0.33557046979865773,True,1.0,train,sort
MVI_20032,312,6,208.6766907832658,197.4352496895427,191.80560606932409,172.0327896556784,225.5477754972075,222.837709723407,0.9079,False,0.0026399183719753,0.0010360602025899805,0.0004393951347093605,0.04545454545454544,0.23076923076923078,437,0.27629322286438285,0.33668903803131994,False,0.98,train,sort
MVI_20032,313,6,208.58752386652893,197.8734231551457,191.730761874312,172.552638487609,225.44428585874584,223.1942078226824,0.9014,False,0.0101491800095736,0.004039742462680701,0.0004381390651252831,0.04545454545454544,0.23076923076923078,437,0.28418876900989387,0.33780760626398215,False,0.96,train,sort
MVI_20032,314,6,208.49363062728685,197.783252010194,191.5860304967951,172.29470154707028,225.40123075777856,223.2718024733178,0.9024,False,0.00295472692205,0.0011619826837630728,0.0003195348572015943,0.09090909090909091,0.358974358974359,437,0.2941388619053081,0.3389261744966443,False,0.9400000000000001,train,sort
MVI_20032,315,6,208.43165087101863,197.65379093540915,191.42149864703,172.1201268466235,225.4418030950073,223.1874550241948,0.9033,False,0.0032578037311345,0.001283212503527768,0.00034012462089375717,0.09090909090909091,0.358974358974359,437,0.3037661878250709,0.3400447427293065,False,0.92,train,sort
MVI_20032,316,6,208.3244522450556,197.89471886210907,191.308541179993,172.36354026077436,225.34036331011816,223.4258974634438,0.9034,False,0.005985277852941,0.002374194018076119,0.0004310739128627101,0.09090909090909091,0.358974358974359,437,0.31364014853948663,0.34116331096196867,False,0.9,train,sort
MVI_20032,317,6,208.31156176897684,197.88044542093863,191.2480715483224,172.2631521362242,225.3750519896313,223.49773870565312,0.9029,False,0.0004365292303012,0.00015471111711054465,0.00038924857595816064,0.09090909090909091,0.358974358974359,437,0.32399067197184017,0.34228187919463093,False,0.88,train,sort
MVI_20032,318,6,208.34770319939628,197.7873217703392,191.23373043610235,172.14329228632278,225.4616759626902,223.43135125435552,0.9016,False,0.0022672545727271,0.0008869957942898213,0.00023963170592032295,0.04545454545454544,0.23076923076923078,437,0.33625352614108367,0.3434004474272931,False,0.86,train,sort
MVI_20032,319,6,208.33562614895536,197.8986362231424,191.1388847046942,172.29744631164183,225.5323675932165,223.4998261346429,0.9029,False,0.0025413618607098,0.0009966378920098938,0.00023178509697226095,0.04545454545454544,0.23076923076923078,437,0.3476810588272446,0.3445190156599553,False,0.84,train,sort
MVI_20032,320,6,208.27237385786336,197.8831001451196,191.0199716346953,172.1771450961359,225.5247760810315,223.58905519410328,0.9047,False,0.0014783269911468,0.0005714271144845589,0.00019800658152253626,0.04545454545454544,0.23076923076923078,437,0.35956481708295823,0.34563758389261745,False,0.8200000000000001,train,sort
MVI_20032,321,6,208.23374903799805,197.9447965164344,190.9573509942648,172.18785355251924,225.51014708173133,223.7017394803494,0.9066,False,0.0016521248243931,0.0006409457294640142,0.0001157534824897054,0.04545454545454544,0.23076923076923078,437,0.3726198709968283,0.34675615212527966,False,0.8,train,sort
MVI_20032,322,6,208.20526787766784,197.8851727617817,190.87700836285467,172.1246313207766,225.53352739248103,223.6457142027869,0.9067,False,0.0014997679188777,0.0005800034216334266,0.00013593617083947047,0.04545454545454544,0.23076923076923078,437,0.38737311746654784,0.34787472035794187,False,0.78,train,sort
MVI_20032,323,6,208.09985685381463,197.9910282026143,190.7115898404426,172.26865781198552,225.48812386718672,223.71339859324308,0.9047,False,0.0033907075697774,0.001336373642624451,0.0001572618637047589,0.04545454545454544,0.23076923076923078,437,0.40043446953432565,0.3489932885906041,False,0.76,train,sort
MVI_20032,324,6,208.11716920266804,198.45114819473585,190.7882711786568,172.75915642911485,225.4460672266793,224.1431399603568,0.8985,False,0.0104508618891052,0.004160414314784374,0.0003074021622009325,0.04545454545454544,0.23076923076923078,437,0.417361089262636,0.35011185682326623,False,0.74,train,sort
MVI_20032,325,6,208.1654683022647,199.348625570326,190.9111125762417,173.7853082844392,225.4198240282877,224.9119428562128,0.8899,False,0.0203997720062098,0.008139948690888747,0.000666574220149181,0.04545454545454544,0.23076923076923078,437,0.4330752256965901,0.35123042505592844,False,0.72,train,sort
MVI_20032,326,6,208.04234792168424,200.140722410772,190.6265496234478,174.7582278199065,225.45814621992068,225.5232170016376,0.892,False,0.0181943300768542,0.007257778496458774,0.0009805828964843588,0.04545454545454544,0.23076923076923078,437,0.4504170181087161,0.35234899328859065,False,0.7000000000000001,train,sort
MVI_20032,327,6,208.23022733608013,200.050244699482,190.99701615430948,174.33060129613938,225.4634385178508,225.76988810282447,0.8975,False,0.0047330707758353,0.0018733149217039402,0.0010419583379571908,0.04545454545454544,0.23076923076923078,437,0.46526601899539505,0.35346756152125286,False,0.68,train,sort
MVI_20032,328,6,208.31246642208336,199.63691519522703,191.0674747942407,173.5732840462347,225.55745804992603,225.70054634421945,0.9002,False,0.0095653495937921,0.0038062120375316182,0.0011591670860783617,0.04545454545454544,0.23076923076923078,437,0.4853114836931434,0.354586129753915,False,0.66,train,sort
MVI_20032,329,6,208.2979124202809,199.3641076579501,191.02972237996804,173.24164974783866,225.56610246059373,225.4865655680616,0.9019,False,0.0062007942429593,0.0024603999313466936,0.0010784911365581081,0.04545454545454544,0.23076923076923078,437,0.5041628379874334,0.3557046979865772,False,0.64,train,sort
MVI_20032,330,6,208.2730772975985,198.7341906469937,190.9703403604272,172.40117529698915,225.5758142347699,225.06720599699835,0.9051,False,0.0143085102376716,0.005703462149506397,0.0009628651353110751,0.04545454545454544,0.23076923076923078,437,0.5240743791964173,0.3568232662192394,False,0.62,train,sort
MVI_20032,331,6,208.2115289202441,198.113694523706,190.8832375833913,171.5130759293712,225.5398202570969,224.71431311804065,0.9041,False,0.0141526892152352,0.005641134205238489,0.0008861456001698746,0.04545454545454544,0.23076923076923078,437,0.546251928237424,0.35794183445190164,False,0.6,train,sort
MVI_20032,332,6,208.1272587937545,198.49154123195103,190.70739823867788,172.26807256427378,225.5471193488312,224.71500989962828,0.9036,False,0.0087867964566576,0.003494793104564879,0.0009630945326631131,0.04545454545454544,0.23076923076923078,437,0.5672140523405143,0.3590604026845638,False,0.58,train,sort
MVI_20032,333,6,208.0148635760283,199.225719728973,190.5699909097079,173.2031430618623,225.45973624234867,225.24829639608367,0.9018,False,0.016857994760224,0.006723248355173308,0.0011015255230144572,0.04545454545454544,0.23076923076923078,437,0.5906705461786738,0.360178970917226,False,0.56,train,sort
MVI_20032,334,6,207.9368538635572,199.850813983046,190.4867134870568,173.8448031814238,225.3869942400576,225.85682478466825,0.8974,False,0.0142979952658297,0.005699256192128557,0.001255228813259456,0.04545454545454544,0.23076923076923078,437,0.6149522778671038,0.36129753914988816,False,0.54,train,sort
MVI_20032,335,6,207.90057571854868,200.0056159710627,190.50253783707376,173.87650194649348,225.2986136000236,226.1347299956319,0.9047,False,0.0036087789021827,0.0014236015252301632,0.0010521235789498385,0.04545454545454544,0.23076923076923078,437,0.6430993495467845,0.36241610738255037,False,0.52,train,sort
MVI_20032,336,6,207.86358367958667,199.65208408900503,190.438408867947,173.32973397438397,225.2887584912263,225.9744342036261,0.9031,False,0.0080680194202124,0.0032072844336029573,0.000936622708351736,0.04545454545454544,0.23076923076923078,437,0.6694253172410557,0.3635346756152126,False,0.5,train,sort
MVI_20032,337,6,207.85462599751224,199.15156340099347,190.35689140270296,172.60353912338846,225.3523605923215,225.69958767859848,0.9037,False,0.011362277198691,0.00452497772049541,0.0009855111900499262,0.04545454545454544,0.23076923076923078,437,0.6769394013645292,0.36465324384787473,False,0.48,train,sort
MVI_20032,338,6,207.8828930358834,199.06603727596269,190.37984577218,172.49694387922014,225.3859402995868,225.6351306727052,0.904,False,0.0020444874336503,0.0007978896030198184,0.0007043171317905649,0.04545454545454544,0.23076923076923078,437,0.6645582504291729,0.36577181208053694,False,0.46,train,sort
MVI_20032,339,6,207.88215486832985,199.2127094986084,190.40323644993845,172.65960955884924,225.36107328672125,225.76580943836748,0.9015,False,0.0033291026090352,0.0013117318420526566,0.0004961026034700267,0.04545454545454544,0.23076923076923078,437,0.6523138209295352,0.3668903803131991,False,0.44,train,sort
MVI_20032,340,6,207.89531916061568,199.1381309501985,190.39393004039005,172.59790720390632,225.39670828084127,225.6783546964907,0.9068,False,0.0017188987885289,0.000667655115977654,0.00046022838090636317,0.04545454545454544,0.23076923076923078,437,0.6425781872056311,0.36800894854586136,False,0.42,train,sort
MVI_20032,341,6,207.8694642568761,199.27295938146608,190.35246863952383,172.62055923045,225.38645987422845,225.92535953248213,0.906,False,0.0031159969161695,0.0012264902004537105,0.00036622773178219886,0.04545454545454544,0.23076923076923078,437,0.6313217647157896,0.3691275167785235,False,0.4,train,sort
MVI_20032,342,6,207.81433101995844,199.7254155731155,190.28569706738497,173.03440985816968,225.34296497253192,226.4164212880613,0.8989,False,0.0103454857581607,0.004118264176670906,0.0003469267178316942,0.04545454545454544,0.23076923076923078,437,0.6212880981804737,0.3702460850111857,False,0.38,train,sort
MVI_20032,343,6,207.7362242818148,199.909336939537,190.15712495511264,173.0215420355319,225.3153236085169,226.79713184354216,0.9049,False,0.0045353533267165,0.001794228531711201,0.00039420901726355443,0.04545454545454544,0.23076923076923078,437,0.6124642636096941,0.3713646532438479,False,0.36,train,sort
MVI_20032,344,6,207.55264900638724,200.4416374470277,189.8093626006149,173.54471741751158,225.2959354121596,227.3385574765437,0.8996,False,0.0127800743364374,0.005092092347282897,0.000573609954255389,0.04545454545454544,0.23076923076923078,437,0.6040847905992787,0.3724832214765101,False,0.34,train,sort
MVI_20032,345,6,207.45274105325265,201.06048990297344,189.6792925511839,174.15980385234454,225.22618955532133,227.96117595360235,0.9007,False,0.0142281344044443,0.005671312055921163,0.0008110636950215456,0.04545454545454544,0.23076923076923078,437,0.5961226889350015,0.3736017897091723,False,0.32,train,sort
MVI_20032,346,6,207.26633200253,201.52626882305543,189.27982285094768,174.77560458101934,225.2528411541122,228.27693306509155,0.9053,False,0.0113871221812302,0.004534915639415639,0.0009680684629256166,0.0,0.10256410256410259,437,0.5882214299319771,0.3747203579418345,False,0.3,train,sort
MVI_20032,347,6,207.1265990729763,201.834858400987,189.0267168452059,175.03752672879236,225.22648130074668,228.63219007318168,0.9013,False,0.0076887455703416,0.003055576024766974,0.0009176374921444118,0.0,0.10256410256410259,437,0.5814210340804826,0.37583892617449666,False,0.28,train,sort
MVI_20032,348,6,207.0991505747193,202.70490777215792,188.97354197451605,176.18280132077984,225.22475917492247,229.227014223536,0.9132,False,0.0197575787753194,0.007883073313752102,0.0012065899498755431,0.0,0.10256410256410259,437,0.5743300056771355,0.37695749440715887,False,0.26,train,sort
MVI_20032,349,6,207.0237930751236,203.26770222926567,188.8266416456212,176.63029690757682,225.22094450462583,229.9051075509548,0.9164,False,0.0128879053791269,0.005135224442773048,0.001208636828297495,0.04545454545454544,0.23076923076923078,437,0.5686057495154027,0.3780760626398211,False,0.24,train,sort
MVI_20032,350,6,207.03586125163807,203.62863314193328,188.8660997555752,176.82411115460442,225.2056227477011,230.43315512926213,0.9174,False,0.0081967279080462,0.003258767444887827,0.001094147016239843,0.04545454545454544,0.23076923076923078,437,0.5630392932399515,0.3791946308724833,False,0.22,train,sort
MVI_20032,351,6,206.88757909506936,204.08929363131307,188.6561938711338,177.09119327241794,225.11896431900493,231.0873939902082,0.9152,False,0.0109840689859808,0.004373695563345575,0.001086496149961654,0.04545454545454544,0.23076923076923078,437,0.5576021805361119,0.38031319910514544,False,0.2,train,sort
MVI_20032,352,6,206.7922923762903,204.4767123032849,188.55392198857285,177.2556343802395,225.03066276400776,231.69779022633028,0.9188,False,0.0090554120521437,0.0036022385416642315,0.0011124385878889355,0.04545454545454544,0.23076923076923078,437,0.5523978259632554,0.38143176733780765,False,0.18,train,sort
MVI_20032,353,6,206.7038604350322,204.73365388496308,188.48614039359487,177.31595193063686,224.92158047646944,232.15135583928927,0.9157,False,0.0061676149719781,0.0024471283219050957,0.0008544701683098543,0.04545454545454544,0.23076923076923078,437,0.5472020789437837,0.3825503355704698,False,0.16,train,sort
MVI_20032,354,6,206.6374977880509,205.0739745058692,188.4705537866156,177.49388589962098,224.8044417894864,232.65406311211743,0.9199,False,0.0078698419332951,0.0031280140298628016,0.0007592159119187875,0.04545454545454544,0.23076923076923078,437,0.5428649540729316,0.38366890380313207,False,0.14,train,sort
MVI_20032,355,6,206.50934564579305,205.833604185905,188.37664114655232,178.40250489870704,224.6420501450337,233.2647034731029,0.9219,False,0.0174851601856207,0.006974112654930053,0.0009355314805021343,0.04545454545454544,0.23076923076923078,437,0.5383758291395174,0.3847874720357942,False,0.12,train,sort
MVI_20032,356,6,206.39322958570108,206.6259549249968,188.2528324728952,179.3200257680623,224.53362669850696,233.9318840819312,0.9273,False,0.018176293189863,0.0072505637954538744,0.0010720562526047453,0.04545454545454544,0.23076923076923078,437,0.5344412201635389,0.38590604026845643,False,0.1,train,sort
MVI_20032,357,6,206.3860829722366,207.2926022693736,188.27440935039644,179.8145807538406,224.4977565940768,234.77062378490663,0.9145,False,0.015131950610627,0.0060328358429338185,0.0011874027738410925,0.04545454545454544,0.23076923076923078,437,0.531008644770573,0.3870246085011186,False,0.08,train,sort
MVI_20032,358,6,206.32914638993503,208.0739756524024,188.2400526723248,180.64362162021976,224.4182401075453,235.504329684585,0.91,False,0.0177820712413286,0.007092876191732321,0.001407871567682769,0.04545454545454544,0.23076923076923078,437,0.5274720101435274,0.3881431767337808,False,0.06,train,sort
MVI_20032,359,6,206.2278542460264,209.21320159669327,187.92299590272688,181.8795877117224,224.532712589326,236.5468154816644,0.9055,False,0.025959336728262,0.010363757999362297,0.0017512513184142838,0.04545454545454544,0.23076923076923078,437,0.5240149235023418,0.389261744966443,False,0.04,train,sort
MVI_20032,360,6,206.2571828600186,209.87232729045573,187.942848550704,182.39321061679823,224.5715171693332,237.35144396411323,0.9041,False,0.014975162970211,0.005970121254356806,0.0017036058629754736,0.04545454545454544,0.23076923076923078,437,0.520415502518065,0.3903803131991052,False,0.02,train,sort
MVI_20032,361,6,206.1142244968467,210.3977605861894,187.6467954164265,182.6050883395622,224.58165357726693,238.19043283281664,0.9143,False,0.0123594397211052,0.004923839755612993,0.0015931887553236053,0.04545454545454544,0.23076923076923078,437,0.5172612418228411,0.39149888143176736,False,0.0,train,sort
MVI_20032,362,6,205.97925011866084,210.7923848012649,187.3810523929283,182.7549549634957,224.5774478443934,238.829814639034,0.9133,False,0.0094663263538186,0.003766603036860234,0.0014856423220433025,0.04545454545454544,0.23076923076923078,437,0.5144547261315632,0.3926174496644295,False,0.0,train,sort
MVI_20032,363,6,205.8477379189453,211.03044356968425,187.20570123801863,182.8233641130049,224.489774599872,239.2375230263636,0.9146,False,0.0061729689127944,0.002449269882264477,0.0012652751581743668,0.04545454545454544,0.23076923076923078,437,0.5121447386943908,0.3937360178970918,False,0.0,train,sort
MVI_20032,364,6,205.7646301806213,211.5136882453379,187.2935202751682,183.3515632881063,224.23574008607443,239.6758132025695,0.9136,False,0.0111293608740702,0.004431811885275817,0.0009837684898077292,0.04545454545454544,0.23076923076923078,437,0.5101867784098759,0.39485458612975394,False,0.0,train,sort
MVI_20032,365,6,205.64267668653048,212.09535452135955,187.14802431287453,183.9045591366101,224.1373290601864,240.28614990610905,0.9088,False,0.0134892953924956,0.005375778654588893,0.000955563343990285,0.04545454545454544,0.23076923076923078,437,0.5083941313177751,0.39597315436241615,False,0.0,train,sort
MVI_20032,366,6,205.37392098713764,212.2239426807828,186.87446026103447,183.8723652888773,223.8733817132408,240.5755200726883,0.9158,False,0.0067622864415436,0.0026849951362364183,0.000849316645576314,0.04545454545454544,0.23076923076923078,437,0.5066831372911076,0.3970917225950783,False,0.0,train,sort
MVI_20032,367,6,205.28780504619127,212.63367562523143,186.83984878906867,184.19299258741327,223.73576130331404,241.07435866304965,0.9166,False,0.0095030081246316,0.0037812756357889954,0.0008500129490088261,0.04545454545454544,0.23076923076923078,437,0.5047165720134043,0.3982102908277405,False,0.0,train,sort
MVI_20032,368,6,205.23428271040007,213.6189924621264,186.77855408578927,185.2817773703928,223.6900113350109,241.95620755385988,0.9191,False,0.0223969816833124,0.008938826605430732,0.0011579816083964517,0.04545454545454544,0.23076923076923078,437,0.5032313750405282,0.3993288590604027,False,0.0,train,sort
MVI_20032,369,6,205.0404401698358,214.5307679956807,186.39999942124987,186.3544578000042,223.6808809184217,242.7070781913572,0.9188,False,0.0211573414064392,0.008442974191673462,0.0013483354847525471,0.04545454545454544,0.23076923076923078,437,0.5016977195570776,0.40044742729306493,False,0.0,train,sort
MVI_20032,370,6,204.92173010545923,214.671146990334,186.18855707241192,186.11308511211607,223.65490313850657,243.22920886855184,0.9199,False,0.0041727417090079,0.0016491849660481648,0.001171486107930655,0.04545454545454544,0.23076923076923078,437,0.50020588043331,0.4015659955257271,False,0.0,train,sort
MVI_20032,371,6,204.70137197281707,215.41780574228983,185.79948190584832,187.01827805243744,223.6032620397858,243.81733343214228,0.926,False,0.0176697556240482,0.007047950279780187,0.0013785346790185658,0.04545454545454544,0.23076923076923078,437,0.49884191455474597,0.4026845637583893,False,0.0,train,sort
MVI_20032,372,6,204.59811097467733,215.88702435917088,185.66989502194053,187.5561832007968,223.5263269274141,244.21786551754505,0.9208,False,0.0109048310249415,0.004342000615242063,0.00140514446572262,0.04545454545454544,0.23076923076923078,437,0.4976589106134463,0.4038031319910515,False,0.0,train,sort
MVI_20032,373,6,204.50575756445,216.02662244887992,185.5804012515568,187.5163004803672,223.4311138773432,244.53694441739265,0.9214,False,0.0037991191144129,0.0014997370424686565,0.0010521147385008007,0.04545454545454544,0.23076923076923078,437,0.4962370778415453,0.4049217002237137,False,0.0,train,sort
MVI_20032,374,6,204.3583096903912,216.3610670669932,185.46679063620272,187.8257307155736,223.2498287445796,244.8964034184127,0.9255,False,0.0082959745601826,0.0032984658097580948,0.0008079767461582553,0.04545454545454544,0.23076923076923078,437,0.4952692681309277,0.40604026845637586,False,0.0,train,sort
MVI_20032,375,6,204.19700957176343,217.090212849284,185.3177263914529,188.83687401076293,223.0762927520739,245.343551687805,0.9297,False,0.0169497366597595,0.006759944841384703,0.0010505131680437136,0.04545454545454544,0.23076923076923078,437,0.4943618920987373,0.4071588366890381,False,0.0,train,sort
MVI_20032,376,6,204.1111936496972,217.64792781330112,185.20083381370765,189.5326993298385,223.0215534856868,245.76315629676373,0.9318,False,0.0128075894683249,0.005103098317979236,0.0009582181967639181,0.04545454545454544,0.23076923076923078,437,0.49413099043726266,0.4082774049217002,False,0.0,train,sort
MVI_20032,377,6,203.96402592416496,217.8721236477581,185.0112139599889,189.598245031632,222.916837888341,246.1460022638843,0.928,False,0.0060870241209896,0.0024148922218566187,0.0008667652649655205,0.04545454545454544,0.23076923076923078,437,0.4937434876170172,0.4093959731543625,False,0.0,train,sort
MVI_20032,378,6,203.7729700134284,218.27983594034723,184.84621519596809,189.90791393380184,222.6997248308886,246.6517579468927,0.9272,False,0.0102196168023861,0.004067916969741348,0.00098864091271893,0.04545454545454544,0.23076923076923078,437,0.49328405330316966,0.41051454138702465,False,0.0,train,sort
MVI_20032,379,6,203.65768733727265,218.9198836391388,184.63840611182863,190.3568637447355,222.67696856271664,247.48290353354213,0.9262,False,0.0147611065130989,0.005884499309894763,0.0011113638203291754,0.04545454545454544,0.23076923076923078,437,0.49285302720300356,0.41163310961968685,False,0.0,train,sort
MVI_20032,380,6,203.50009947299603,219.62905692973493,184.4209632924176,190.98951709147096,222.57923565357447,248.26859676799893,0.9268,False,0.0164889244345748,0.006575621325595895,0.0011026165563059714,0.04545454545454544,0.23076923076923078,437,0.4929188717329526,0.412751677852349,False,0.0,train,sort
MVI_20032,381,6,203.2586370405296,220.26049400933937,184.23267544307447,191.1366258533144,222.2845986379848,249.3843621653644,0.9064,False,0.0153440474912619,0.006117673962649063,0.0011507642980493943,0.09090909090909091,0.358974358974359,437,0.4271008090275408,0.4138702460850112,False,0.0,train,sort
MVI_20032,382,6,202.9941311258844,220.91188176657167,183.9511063888938,191.50434808405464,222.037155862875,250.31941544908884,0.9037,False,0.015957162409532,0.0063629181014581305,0.0013381219696493901,0.04545454545454544,0.23076923076923078,437,0.4927100354017612,0.4149888143176734,False,0.0,train,sort
MVI_20032,383,6,202.84141320184585,221.2273405272484,183.73225969560988,191.5123979169745,221.95056670808185,250.94228313752228,0.9052,False,0.0079549672845054,0.0031620639164767275,0.001295133771484758,0.04545454545454544,0.23076923076923078,437,0.4930146345326705,0.41610738255033564,False,0.0,train,sort
MVI_20032,384,6,202.68776318653764,221.31101887688203,183.5244081319159,191.18213239909625,221.85111824115936,251.4399053546678,0.9027,False,0.0039710765905287,0.0015685195200844423,0.0010903144646333247,0.04545454545454544,0.23076923076923078,437,0.49326335772182356,0.4172259507829978,False,0.0,train,sort
MVI_20032,385,6,202.346042494914,221.40772707944944,183.08576363252564,190.8556482952209,221.6063213573024,251.959805863678,0.9018,False,0.0080607466467074,0.0032043753458906475,0.0009303284826741147,0.04545454545454544,0.23076923076923078,437,0.4934353363467486,0.41834451901566,False,0.0,train,sort
MVI_20032,386,6,202.3607118877772,221.8564358000469,183.2259139636585,190.9701190061148,221.49550981189577,252.7427525939792,0.8959,False,0.0101899084070095,0.004056033700190371,0.0008324912011996443,0.04545454545454544,0.23076923076923078,437,0.49337534574324854,0.4194630872483222,False,0.0,train,sort
MVI_20032,387,6,201.93983154061905,222.0752539088045,182.5736510175532,190.79617143379045,221.30601206368488,253.35433638381863,0.8974,False,0.0107667825580313,0.0042867816401813445,0.0007339659875432602,0.04545454545454544,0.23076923076923078,437,0.4938784436469708,0.42058165548098436,False,0.0,train,sort
MVI_20032,388,6,201.7471578830241,222.67953231271872,182.3715357772596,191.421167193032,221.12277998878864,253.9378974324054,0.906,False,0.014395793705295,0.00573837527624936,0.0008562275208775703,0.04545454545454544,0.23076923076923078,437,0.4943020894039117,0.42170022371364657,False,0.0,train,sort
MVI_20032,389,6,201.74003568010352,224.1049410977318,182.6153234395259,193.62293233078103,220.8647479206812,254.5869498646826,0.904,False,0.0323533056152742,0.012921326485367682,0.001394986775250637,0.04545454545454544,0.23076923076923078,437,0.4946500844155732,0.4228187919463087,False,0.0,train,sort
MVI_20032,390,6,201.6587706672485,225.2393336835824,182.68821842392856,195.1533051656684,220.6293229105684,255.32536220149635,0.9088,False,0.02581360863094,0.01030546719503991,0.0017319764696567441,0.04545454545454544,0.23076923076923078,437,0.49507105885301866,0.42393736017897093,False,0.0,train,sort
MVI_20032,391,6,201.21047641517828,225.89693302629564,181.96382674689184,195.6732358452128,220.45712608346471,256.1206302073785,0.9067,False,0.0180640208283634,0.007205655185685073,0.0018814450308920036,0.04545454545454544,0.23076923076923078,437,0.4961653610850007,0.42505592841163314,False,0.0,train,sort
MVI_20032,392,6,200.9798010713561,227.05477652919348,181.66189798609767,196.8721153008718,220.29770415661463,257.2374377575151,0.9195,False,0.0267963730463189,0.010698570030283011,0.002185723113203507,0.04545454545454544,0.23076923076923078,437,0.4968010765716369,0.42617449664429535,False,0.0,train,sort
MVI_20032,393,6,200.88102751721067,228.57991376289863,181.50835568821248,198.6347783632744,220.2536993462089,258.5250491625229,0.9214,False,0.0346889868714487,0.01385559202211113,0.0025709340707189775,0.04545454545454544,0.23076923076923078,437,0.4979229329045935,0.4272930648769575,False,0.0,train,sort
MVI_20032,394,6,200.7777001055412,229.2066040684009,181.3785798055032,199.04169656012905,220.1768204055791,259.37151157667284,0.9154,False,0.0144162087808293,0.005746541245578995,0.0022304471798649324,0.04545454545454544,0.23076923076923078,437,0.49862062574998295,0.4284116331096197,False,0.0,train,sort
MVI_20032,395,6,200.6195112901589,229.55757238352408,181.1466215742265,199.1609115285339,220.0924010060913,259.9542332385143,0.9154,False,0.0087377882005377,0.003475189948274719,0.0019063092738931706,0.04545454545454544,0.23076923076923078,437,0.49917461258769685,0.4295302013422819,False,0.0,train,sort
MVI_20032,396,6,200.4272717763204,229.86361375914112,180.89537360819816,199.06107955984007,219.95916994444264,260.6661479584421,0.9084,False,0.0082030290427142,0.003261287879963111,0.001719125223719263,0.04545454545454544,0.23076923076923078,437,0.5002183964650428,0.43064876957494413,False,0.0,train,sort
MVI_20032,397,6,200.28571610855428,229.9470170832352,180.7609813264409,198.9125699197237,219.81045089066765,260.9814642467467,0.9051,False,0.0037291375902102,0.0014717446414942313,0.0012812566347530532,0.04545454545454544,0.23076923076923078,437,0.5015869322271461,0.4317673378076063,False,0.0,train,sort
MVI_20032,398,6,200.0971132755255,230.40725293230267,180.54033912163683,199.1721030417874,219.6538874294141,261.6424028228179,0.892,False,0.0112892003365634,0.004495747193582235,0.000837075470016758,0.04545454545454544,0.23076923076923078,437,0.502709075767696,0.4328859060402685,False,0.0,train,sort
MVI_20032,399,6,199.9937558585304,231.5504600264492,180.28685843885287,200.27361574201404,219.70065327820785,262.8273043108844,0.8912,False,0.0260535231738723,0.010401432296713217,0.0010579781630305615,0.04545454545454544,0.23076923076923078,437,0.5038757553115151,0.43400447427293065,False,0.0,train,sort
MVI_20032,400,6,199.88554139065803,232.8681951484649,180.10589562038413,201.56373021820968,219.665187160932,264.1726600787202,0.8903,False,0.0300096854801783,0.011983885420731883,0.0014617671504102254,0.04545454545454544,0.23076923076923078,437,0.5049258520236559,0.4351230425055929,False,0.0,train,sort
MVI_20032,401,6,199.99109839869865,233.9415373878605,180.22676092886343,202.6556912736249,219.7554358685338,265.22738350209613,0.8874,False,0.0244794747893702,0.009771817637213149,0.0017707311069291656,0.09090909090909091,0.358974358974359,437,0.4552817122856808,0.43624161073825507,False,0.0,train,sort
MVI_20032,402,6,199.99019740896,234.72749153005225,180.2136119933967,203.1742643093552,219.76678282452315,266.28071875074926,0.8912,False,0.0178390326496002,0.007115660585164357,0.0020385690041870375,0.09090909090909091,0.358974358974359,437,0.456139904622251,0.4373601789709173,False,0.0,train,sort
MVI_20032,403,6,199.9300796573325,235.88180317784585,180.09660247827003,204.42784527557748,219.7635568363949,267.3357610801142,0.8903,False,0.0262352427028858,0.010474119566374562,0.0023222788789149028,0.09090909090909091,0.358974358974359,437,0.45796535278283534,0.43847874720357943,False,0.0,train,sort
MVI_20032,404,6,199.71194708347448,236.971499787551,179.73088802322462,205.21545320835807,219.69300614372423,268.727546366744,0.8922,False,0.0252238221025577,0.010069554342613455,0.0023065292656571047,0.09090909090909091,0.358974358974359,437,0.4598928053238715,0.43959731543624164,False,0.0,train,sort
MVI_20032,405,6,199.5845273854208,237.6767661496133,179.51255696196012,205.42668852606369,219.65649780888137,269.92684377316283,0.8853,False,0.0162667845059629,0.006486766016641342,0.002045657750761788,0.09090909090909091,0.358974358974359,437,0.4610390269053495,0.44071588366890385,False,0.0,train,sort
MVI_20032,406,6,199.5564403330966,238.82386940661712,179.44852135158862,206.3598578873572,219.66435931460447,271.28788092587706,0.8819,False,0.0260439268528292,0.010397593796915162,0.0020753546088371944,0.09090909090909091,0.358974358974359,437,0.4628757263479473,0.44183445190156606,False,0.0,train,sort
MVI_20032,407,6,199.5155949543876,240.20536342163325,179.21443924475426,207.31939168260823,219.816750664021,273.0913351606583,0.8632,False,0.0313698579992897,0.012527950371919862,0.002332200446072005,0.09090909090909091,0.358974358974359,437,0.46514934150707166,0.4429530201342282,False,0.0,train,sort
MVI_20032,408,6,199.36108021153632,241.2839478708161,178.77857158780827,208.13791777673424,219.9435888352644,274.42997796489794,0.874,False,0.024730862749576,0.009872372071578544,0.002303643893264531,0.09090909090909091,0.358974358974359,437,0.46759286854280624,0.4440715883668904,False,0.0,train,sort
MVI_20032,409,6,199.2030441060882,242.576882323732,178.54732431700054,209.7576931392092,219.8587638951759,275.39607150825475,0.8548,False,0.0295645019381811,0.01180581333160848,0.002386039868213283,0.09090909090909091,0.358974358974359,437,0.4700999798331633,0.44519015659955263,False,0.0,train,sort
MVI_20032,410,6,199.0935145369216,243.90030602333803,178.20486515650578,211.32767029590613,219.9821639173373,276.4729417507699,0.8672,False,0.0301408166769624,0.01203633750837158,0.0026494005514449844,0.09090909090909091,0.358974358974359,437,0.47252902771644745,0.44630872483221484,False,0.0,train,sort
MVI_20032,411,6,198.9727621184898,244.9328452415327,177.9053098076751,212.0992035646603,220.0402144293045,277.7664869184051,0.8991,False,0.0235955485030383,0.00941824975882289,0.002602924762210587,0.09090909090909091,0.358974358974359,437,0.4741772365909846,0.447427293064877,False,0.0,train,sort
MVI_20032,412,6,198.88804846906112,245.7495516429869,177.59626521425267,212.586057818936,220.1798317238696,278.91304546703776,0.9009,False,0.0186364673064986,0.0074346320697261095,0.002361216048306973,0.09090909090909091,0.358974358974359,437,0.4755119628712446,0.44854586129753915,False,0.0,train,sort
MVI_20032,413,6,198.78065837057665,246.5053034904344,177.34263909642402,213.011178622612,220.2186776447293,279.9994283582567,0.8872,False,0.0173258236725243,0.006910378524882433,0.002220651565923385,0.09090909090909091,0.358974358974359,437,0.4774953135820825,0.44966442953020136,False,0.0,train,sort
MVI_20032,414,6,198.6453761289588,248.17193382839773,177.13634444796656,214.7917631513152,220.154407809951,281.5521045054803,0.8897,False,0.037952389723906,0.015160943430614015,0.0023798727520135303,0.09090909090909091,0.358974358974359,437,0.4801005133284825,0.4507829977628636,False,0.0,train,sort
MVI_20032,415,6,198.3926028431504,249.06342738709515,176.90884547574487,215.13388977097057,219.876360210556,282.9929650032197,0.8757,False,0.021032126467098,0.008392888589366782,0.0022069690966486466,0.09090909090909091,0.358974358974359,437,0.48094483746477595,0.4519015659955258,False,0.0,train,sort
MVI_20032,416,6,198.28123978201057,250.1801737972108,176.86261444162753,215.999873505146,219.6998651223936,284.36047408927567,0.8806,False,0.0254728230701001,0.010169153987032263,0.002242604037270186,0.09090909090909091,0.358974358974359,437,0.4837101788793301,0.45302013422818793,False,0.0,train,sort
MVI_20032,417,6,198.1203846014828,251.5738784885097,176.65641545300142,217.2875694698692,219.58435374996407,285.8601875071503,0.8054,False,0.0318432977020458,0.012717324841078178,0.0024932997134389937,0.09090909090909091,0.358974358974359,437,0.48576053493198285,0.4541387024608501,False,0.0,train,sort
MVI_20032,418,6,197.9616816413972,253.4589302480926,176.3304101371754,219.58357340012577,219.59295314561905,287.3342870960594,0.862,False,0.0429369110314982,0.017154737088261467,0.0029794563968049857,0.09090909090909091,0.358974358974359,437,0.48879556591803036,0.45525727069351235,False,0.0,train,sort
MVI_20032,419,6,197.71950536718737,255.24030248210263,175.90029143327078,221.41089651096823,219.53871930110395,289.06970845323707,0.8888,False,0.0408042321453685,0.016301671894119893,0.0030335908516864905,0.09090909090909091,0.358974358974359,437,0.49107936890729814,0.45637583892617456,False,0.0,train,sort
MVI_20032,420,6,197.48457918440624,256.73769853083684,175.45722335092543,222.70427602233275,219.51193501788703,290.771121039341,0.8888,False,0.034402556829986,0.013741020859749329,0.003287392027298037,0.13636363636363638,0.48717948717948717,437,0.49303895328687347,0.4574944071588367,False,0.0,train,sort
MVI_20032,421,6,197.35075121765288,257.83901526995504,175.3689785687525,223.38846934071475,219.3325238665533,292.28956119919536,0.8816,False,0.0251807724541258,0.010052334611628102,0.0032818482424189725,0.13636363636363638,0.48717948717948717,437,0.49463555738467196,0.45861297539149887,False,0.0,train,sort
MVI_20032,422,6,197.2033261518773,258.699485782846,175.13476535878758,223.7828052029906,219.2718869449672,293.6161663627014,0.8734,False,0.0198149155913132,0.007906007869153428,0.0030535221947487,0.13636363636363638,0.48717948717948717,437,0.49705429604166235,0.45973154362416113,False,0.0,train,sort
MVI_20032,423,6,196.84865213247545,259.8851192948611,174.6685405911708,224.82609089799269,219.02876367378008,294.94414769172954,0.9093,False,0.0280889311052725,0.011215589399055172,0.002771673768149607,0.13636363636363638,0.48717948717948717,437,0.49908887898121596,0.46085011185682334,False,0.0,train,sort
MVI_20032,424,6,196.53472118584835,261.12019311003377,174.17980810217608,225.84252056775009,218.88963426952057,296.3978656523175,0.9022,False,0.0289242074375402,0.011549697440909014,0.002546163881384093,0.13636363636363638,0.48717948717948717,437,0.5012725042500331,0.4619686800894855,False,0.0,train,sort
MVI_20032,425,6,196.2986912869225,262.3783468976343,173.7811364753911,226.8356031738018,218.81624609845383,297.9210906214668,0.8983,False,0.0290548324596088,0.011601947060172098,0.0024446519109231,0.13636363636363638,0.48717948717948717,437,0.5032370428106769,0.46308724832214765,False,0.0,train,sort
MVI_20032,426,6,196.1129161021241,263.6502326095788,173.52818025554748,227.87205109728043,218.69765194870072,299.42841412187715,0.8565,False,0.0291746640471339,0.01164987933780718,0.00252046505635364,0.13636363636363638,0.48717948717948717,437,0.505087426862525,0.4642058165548099,False,0.0,train,sort
MVI_20032,427,6,195.83182895888515,265.0085884152581,173.2000827339047,228.918405538266,218.4635751838656,301.09877129225026,0.8248,False,0.0314841661552412,0.012573673293398075,0.0027419739705207766,0.13636363636363638,0.48717948717948717,437,0.5073421084557977,0.46532438478747207,False,0.0,train,sort
MVI_20032,428,6,195.39405275371587,266.9584750136838,172.60184008931697,230.9152264760024,218.1862654181148,303.0017235513653,0.8282,False,0.0453588295903262,0.01812349728887993,0.0030697959193463605,0.13636363636363638,0.48717948717948717,437,0.5106422665654379,0.4664429530201343,False,0.0,train,sort
MVI_20032,429,6,195.0115392568065,268.53796539165626,172.04515413723703,232.16799664953945,217.97792437637608,304.90793413377304,0.8782,False,0.0368864414136668,0.014734567285506978,0.003220937228099165,0.09090909090909091,0.358974358974359,437,0.5124680901895243,0.46756152125279643,False,0.0,train,sort
MVI_20032,430,6,194.4079488582272,269.3284295466518,171.19815220778636,232.20925495404268,217.617745508668,306.447604139261,0.8512,False,0.0225738675271142,0.00900958041542296,0.003097913774528816,0.09090909090909091,0.358974358974359,437,0.5148857827128591,0.4686800894854587,False,0.0,train,sort
MVI_20032,431,6,193.9780643567926,270.7924026422787,170.5488778751591,233.42416146474343,217.4072508384261,308.160643819814,0.8748,False,0.0346311542182673,0.013832459133313485,0.003201490367245713,0.09090909090909091,0.358974358974359,437,0.5175658435963537,0.46979865771812085,False,0.0,train,sort
MVI_20032,432,6,193.7028554906489,271.96808652789144,170.0868411063377,234.35478991332872,217.31886987496017,309.5813831424542,0.7818,False,0.0274061781775283,0.010942490264138625,0.003124080881179648,0.09090909090909091,0.358974358974359,437,0.5195598373685518,0.47091722595078306,False,0.0,train,sort
MVI_20032,433,6,193.68657147315463,273.0913099577334,169.9183919259235,235.307899396688,217.45475102038577,310.8747205187789,0.8249,False,0.0254967952869341,0.010178742802273252,0.002747054299430268,0.09090909090909091,0.358974358974359,437,0.5218474761625846,0.4720357941834452,False,0.0,train,sort
MVI_20032,434,6,193.38036924716187,274.7771551059253,169.44978466548338,237.0272565052119,217.31095382884035,312.5270537066387,0.8629,False,0.0388901421966436,0.01553604162304015,0.002785089097151128,0.09090909090909091,0.358974358974359,437,0.5254531347634546,0.4731543624161075,False,0.0,train,sort
MVI_20032,435,6,193.11928671843728,276.63278644270315,169.1281085922279,238.7494020304622,217.11046484464663,314.51617085494405,0.8899,False,0.0425326171895686,0.016993020757219337,0.003163951556367686,0.09090909090909091,0.358974358974359,437,0.5281825064618639,0.47427293064876963,False,0.0,train,sort
MVI_20032,436,6,192.9005627884881,277.6387735335551,168.86223273650563,239.2364985620202,216.9388928404706,316.0410485050899,0.8755,False,0.0233666281690705,0.009326682307947235,0.0029501252339234553,0.09090909090909091,0.358974358974359,437,0.530850015841514,0.4753914988814318,False,0.0,train,sort
MVI_20032,11,8,330.92978876370364,75.99111815337467,325.038241303985,68.72557593612457,336.8213362234223,83.25666037062477,0.3908,False,0.0084733847389382,0.0033694293521680948,0.0007609861578726322,0.2727272727272727,0.8717948717948718,346,0.12991546512705,0.0,True,0.02,train,sort
MVI_20032,12,8,330.88814991014823,75.36077139360205,324.9616379433394,67.76629872130343,336.8146618769571,82.95524406590069,0.5188,False,0.0143383375721521,0.005715392994344208,0.0010393115153173042,0.22727272727272727,0.7435897435897436,346,0.1290025967366426,0.0011185682326621926,True,0.04,train,sort
MVI_20032,13,8,330.82798064749244,75.48976485048124,324.88643387738665,68.03257962737783,336.7695274175982,82.94695007358463,0.5427,False,0.0032306491751961,0.0012723507621357336,0.0007806713225970355,0.22727272727272727,0.7435897435897436,346,0.12772221576260245,0.002237136465324385,True,0.06,train,sort
MVI_20032,14,8,330.78099629837163,76.0101534063723,324.80554636727254,68.9428437737299,336.7564462294708,83.07746303901469,0.5741,False,0.0118594486680854,0.004723844825533557,0.0008560940239603718,0.2727272727272727,0.8717948717948718,346,0.041030748762043066,0.0033557046979865775,True,0.08,train,sort
MVI_20032,15,8,330.76360403395,75.99644905473437,324.76899798421715,68.88453137721805,336.75821008368285,83.1083667322507,0.551,False,0.0005025795413217,0.00018113104453622907,0.0006857684407132834,0.2727272727272727,0.8717948717948718,346,0.04134767925878524,0.00447427293064877,True,0.1,train,sort
MVI_20032,16,8,330.71832646737107,76.41354313546691,324.7295889719909,69.56432142154608,336.70706396275125,83.26276484938775,0.5032,False,0.0095225172774821,0.0037890792387468633,0.000705683362254916,0.2727272727272727,0.8717948717948718,346,0.04165128329516594,0.005592841163310963,True,0.12,train,sort
MVI_20032,17,8,330.7136425276252,77.26158628342998,324.7351642809331,70.84911931903257,336.69212077431735,83.67405324782739,0.4657,False,0.0192485660455133,0.007679469739863571,0.0007988906656278482,0.2727272727272727,0.8717948717948718,346,0.041193972894530424,0.006711409395973155,True,0.14,train,sort
MVI_20032,18,8,330.68784040718026,76.61442256985924,324.6592726793167,69.49052510486095,336.7164081350439,83.73832003485752,0.5279,False,0.0147005256844092,0.00586026715908971,0.0010166150068156772,0.22727272727272727,0.7435897435897436,346,0.04222861134985196,0.007829977628635349,True,0.16,train,sort
MVI_20032,19,8,330.7408019648044,76.31900250399178,324.6313081540419,68.96858225770848,336.85029577556685,83.66942275027509,0.4436,False,0.0068121316943211,0.002704933088693398,0.0009208054519354405,0.22727272727272727,0.7435897435897436,346,0.04280062973499438,0.00894854586129754,True,0.18,train,sort
MVI_20032,20,8,330.6795832295736,77.22646860386813,324.6477876865288,70.57479067390447,336.7113787726184,83.87814653383178,0.5191,False,0.0206438272176592,0.008237570047620144,0.0013031321384964587,0.22727272727272727,0.7435897435897436,346,0.04199443941309647,0.010067114093959733,True,0.2,train,sort
MVI_20032,21,8,330.6319514352448,77.96216322826238,324.64174422673545,71.62943923860236,336.6221586437541,84.29488721792241,0.4863,False,0.0167332277494243,0.006673341922947381,0.0014400078220087223,0.22727272727272727,0.7435897435897436,346,0.04254613039834099,0.011185682326621926,True,0.22,train,sort
MVI_20032,22,8,330.6218410278596,78.43794910680188,324.6074379627358,72.07140403041367,336.6362440929834,84.8044941831901,0.4518,False,0.0108014830471521,0.0043006617323420255,0.0012796629761596993,0.22727272727272727,0.7435897435897436,346,0.04322635161229846,0.012304250559284118,True,0.24,train,sort
MVI_20032,23,8,330.6375964747551,78.52221928175949,324.6147467903872,71.82768817471417,336.66044615912307,85.21675038880481,0.4609,False,0.0019458461995594,0.0007584334035622431,0.0010375501525673755,0.22727272727272727,0.7435897435897436,346,0.04326462266775877,0.01342281879194631,True,0.26,train,sort
MVI_20032,24,8,330.59330479974847,78.06893595013423,324.59203749687896,70.7618358338482,336.59457210261803,85.37603606642027,0.5746,False,0.0103372973078193,0.004114988820954833,0.0011044658129199857,0.2727272727272727,0.8717948717948718,346,0.044035142572170005,0.014541387024608502,True,0.28,train,sort
MVI_20032,25,8,330.55776250792377,77.96698604076659,324.56443976757305,70.4196741271215,336.5510852482745,85.51429795441167,0.5548,False,0.0024505745775406,0.0009603232494980763,0.000759116502319141,0.2727272727272727,0.8717948717948718,346,0.044619832860493196,0.015659955257270698,True,0.3,train,sort
MVI_20032,26,8,330.60755305121114,78.98086259088888,324.5676868248897,72.07356005470263,336.6474192775326,85.88816512707513,0.3443,False,0.0230399721677633,0.009196020881613911,0.0008788328543147286,0.22727272727272727,0.7435897435897436,346,0.04475100627355075,0.016778523489932886,True,0.32,train,sort
MVI_20032,27,8,330.6564166028789,79.76700630356054,324.6087553071561,73.09751963205159,336.70407789860167,86.43649297506948,0.4363,False,0.0178777581061755,0.00713115065230315,0.0010131566479538495,0.22727272727272727,0.7435897435897436,346,0.04434153082886042,0.01789709172259508,True,0.34,train,sort
MVI_20032,28,8,330.672565992016,79.96828947889333,324.5333728740972,73.12710320313462,336.8117591099348,86.80947575465201,0.4852,False,0.0045832613654066,0.0018133916043106006,0.0010632207858686403,0.22727272727272727,0.7435897435897436,346,0.044868338025299076,0.019015659955257273,True,0.36,train,sort
MVI_20032,29,8,330.66564128367054,80.49018331974544,324.50525766101043,73.5687234885383,336.8260249063306,87.41164315095259,0.5153,False,0.0118466131006164,0.004718710636825588,0.0010918710321347778,0.22727272727272727,0.7435897435897436,346,0.04525718529191942,0.020134228187919465,True,0.38,train,sort
MVI_20032,30,8,330.66192770843475,81.2151520158187,324.5278599452659,74.51948290637525,336.79599547160365,87.91082112526216,0.6242,False,0.0164550330820653,0.006562064885666605,0.0013577075037951964,0.22727272727272727,0.7435897435897436,346,0.04621995115144406,0.021252796420581657,True,0.4,train,sort
MVI_20032,31,8,330.62472848523805,80.87291233409513,324.44556081054293,73.61105135880209,336.80389615993323,88.13477330938817,0.5235,False,0.007813661122178,0.003105541872964593,0.0010686774921417866,0.22727272727272727,0.7435897435897436,346,0.04655036928244195,0.022371364653243853,True,0.42,train,sort
MVI_20032,32,8,330.63824768551154,81.14094915269489,324.46716551378444,74.00265196337413,336.80932985723865,88.27924634201564,0.5542,False,0.0060914401062269,0.0024166586027817003,0.0008449463718016673,0.22727272727272727,0.7435897435897436,346,0.046591850305841245,0.02348993288590604,True,0.44,train,sort
MVI_20032,33,8,330.62334980251865,80.79749519861917,324.4237591995627,73.21085934129533,336.8229404054746,88.384131055943,0.5607,False,0.0078028007047302,0.0031011977383746097,0.0009060605504085154,0.22727272727272727,0.7435897435897436,346,0.04697537159619171,0.024608501118568236,True,0.46,train,sort
MVI_20032,34,8,330.56417321656886,80.95625504925812,324.3556406432093,73.37505651614016,336.7727057899284,88.53745358237607,0.5942,False,0.0038456023353079,0.001518330192199279,0.0007541831700100197,0.22727272727272727,0.7435897435897436,346,0.04698018086845962,0.02572706935123043,True,0.48,train,sort
MVI_20032,35,8,330.46938913568914,81.11540214856191,324.2390638819935,73.56410858823148,336.6997143893848,88.66669570889236,0.6373,False,0.0042043193148283,0.0016618159142021045,0.0005216367618677991,0.22727272727272727,0.7435897435897436,346,0.04679464093597698,0.02684563758389262,True,0.5,train,sort
MVI_20032,36,8,330.44960973510365,81.28500460329998,324.1957227338982,73.78855107866275,336.7034967363091,88.78145812793721,0.6417,False,0.0038756040166042,0.0015303307752434878,0.00044688348198877037,0.22727272727272727,0.7435897435897436,346,0.046809532772338215,0.027964205816554812,True,0.52,train,sort
MVI_20032,37,8,330.44987648132565,81.92175278859413,324.19993890949223,75.0253458076884,336.6998140531591,88.81815976949987,0.6297,False,0.0144524528726046,0.0057610387741979735,0.0006055945190919498,0.22727272727272727,0.7435897435897436,346,0.046655093221180076,0.029082774049217004,True,0.54,train,sort
MVI_20032,38,8,330.4958951512156,81.79557857983191,324.2678882199231,74.75756586147197,336.72390208250806,88.83359129819185,0.6337,False,0.0030483425829276,0.0011994286689231677,0.0005153440912479264,0.22727272727272727,0.7435897435897436,346,0.047138569169500565,0.0302013422818792,True,0.56,train,sort
MVI_20032,39,8,330.437499640485,81.53399719665713,324.196585145822,74.1786980311908,336.678414135148,88.88929636212345,0.6859,False,0.006083330610591,0.0024134148287123618,0.0005578212630031801,0.22727272727272727,0.7435897435897436,346,0.04729692811990544,0.031319910514541395,True,0.58,train,sort
MVI_20032,40,8,330.3963398945268,81.56725018142599,324.17680655178253,74.33248878461234,336.615873237271,88.80201157823964,0.66,False,0.0012010026282179,0.0004604981963803013,0.0005008114820830938,0.2727272727272727,0.8717948717948718,346,0.04759789110897975,0.03243847874720358,True,0.6,train,sort
MVI_20032,41,8,330.32966345263446,81.68747550272411,324.1048311681083,74.50442662468497,336.5544957371606,88.87052438076327,0.6449,False,0.0031203498029367,0.0012282313421789317,0.00048647503949210245,0.2727272727272727,0.8717948717948718,346,0.047583292147205004,0.03355704697986577,True,0.62,train,sort
MVI_20032,42,8,330.32303739124694,82.82147307820628,324.04574209247886,76.14585695004084,336.600332690015,89.49708920637171,0.6415,False,0.0257390994293388,0.01027566373660901,0.0007007212594763357,0.2727272727272727,0.8717948717948718,346,0.04743954044559986,0.03467561521252797,True,0.64,train,sort
MVI_20032,43,8,330.2259498709893,83.05887695426856,323.8675911803681,75.89434973847874,336.58430856161056,90.22340417005836,0.6454,False,0.005821601658478,0.002308724028424137,0.0007533640237364725,0.2727272727272727,0.8717948717948718,346,0.04749709598694161,0.03579418344519016,True,0.66,train,sort
MVI_20032,44,8,330.21483680280966,83.06618669874203,323.8730279092582,75.38605182660856,336.5566456963611,90.7463215708755,0.6443,False,0.0003019102079312,0.00010086390963823835,0.0006436195162617927,0.2727272727272727,0.8717948717948718,346,0.04785261901692539,0.03691275167785235,True,0.68,train,sort
MVI_20032,45,8,330.1773174798369,83.42853053723817,323.837324580777,75.86602614059726,336.51731037889675,90.9910349338791,0.6425,False,0.0082681911393166,0.003287352524270446,0.0007777708265564771,0.31818181818181823,1.0,346,0.04797094240730304,0.03803131991051455,True,0.7000000000000001,train,sort
MVI_20032,46,8,330.1340485701693,83.3784297825222,323.831622549234,75.47473688962162,336.43647459110457,91.2821226754228,0.6563,False,0.0015025331957172,0.000581109524122316,0.0007470609880776877,0.31818181818181823,1.0,346,0.048311772806094916,0.039149888143176735,True,0.72,train,sort
MVI_20032,47,8,329.9939185903264,83.62859305725915,323.59565232410245,75.64749004284856,336.3921848565503,91.60969607166976,0.6225,False,0.0065081486020788,0.0025833407583684114,0.00038201380592908156,0.31818181818181823,1.0,346,0.04826328038431781,0.04026845637583893,True,0.74,train,sort
MVI_20032,48,8,329.99818242339245,84.09019271101253,323.6185486763709,76.32909816259362,336.37781617041406,91.85128725943144,0.6346,False,0.010477503371154,0.004171070828150737,0.00047039340898874965,0.31818181818181823,1.0,346,0.04836298851431215,0.04138702460850112,True,0.76,train,sort
MVI_20032,49,8,330.05459559917006,84.18331971731824,323.6942344620421,76.27586685930943,336.41495673629805,92.09077257532704,0.5671,False,0.0024713039131657,0.0009686149219268043,0.0005115734351965151,0.31818181818181823,1.0,346,0.048921088995893584,0.042505592841163314,True,0.78,train,sort
MVI_20032,50,8,330.0215309747524,84.60888307614808,323.6003073218268,76.9551975806948,336.442754627678,92.26256857160136,0.562,False,0.0096882412601126,0.00385536833755872,0.0005385292159981371,0.31818181818181823,1.0,346,0.049416510354583235,0.04362416107382551,True,0.8,train,sort
MVI_20032,51,8,330.0419187897778,84.27141543392415,323.69652296435805,76.19501144371915,336.3873146151975,92.34781942412911,0.5654,False,0.007673562962043,0.003049503026726768,0.0006556693952532963,0.31818181818181823,1.0,346,0.049951095492508306,0.044742729306487705,True,0.8200000000000001,train,sort
MVI_20032,52,8,329.9822508043011,84.03660444890477,323.62976408466494,75.78333330305851,336.33473752393724,92.289875594751,0.6129,False,0.0054989502329248,0.0021796644204495202,0.0006365125150658412,0.31818181818181823,1.0,346,0.05042536466604185,0.04586129753914989,True,0.84,train,sort
MVI_20032,53,8,329.83148105153043,83.73948842655307,323.4813671267754,75.52583330913674,336.18159497628545,91.9531435439694,0.6522,False,0.0075622979017767,0.0030049973344471884,0.000581175285433289,0.2727272727272727,0.8717948717948718,346,0.050473594948636374,0.04697986577181208,True,0.86,train,sort
MVI_20032,54,8,329.73472344699644,83.72455509209952,323.37401658232415,75.90931957501503,336.0954303116688,91.539790609184,0.6383,False,0.0022221365305755,0.0008689487119851815,0.0005764455218498387,0.2727272727272727,0.8717948717948718,346,0.05041092626378522,0.04809843400447428,True,0.88,train,sort
MVI_20032,55,8,329.693149496222,83.51129324655011,323.3282297393902,75.72002401070156,336.0580692530538,91.30256248239864,0.6587,False,0.0049315818540083,0.001952718760951505,0.00048615330862355983,0.2727272727272727,0.8717948717948718,346,0.05090874271848883,0.04921700223713647,True,0.9,train,sort
MVI_20032,56,8,329.62836016953315,83.46865446445715,323.2536770256151,75.90074597762722,336.00304331345126,91.03656295128708,0.6662,False,0.0017604257335008,0.0006842657701201513,0.0003739085162403586,0.2727272727272727,0.8717948717948718,346,0.05098560325789589,0.05033557046979866,True,0.92,train,sort
MVI_20032,57,8,329.58783684823834,82.74245740677947,323.22046998749363,74.79218311583996,335.9552037089831,90.69273169771895,0.679,False,0.0165083402509983,0.006583387594261278,0.0005828917765779508,0.2727272727272727,0.8717948717948718,346,0.051230304112688585,0.05145413870246086,True,0.9400000000000001,train,sort
MVI_20032,58,8,329.5117869321774,83.33563470344937,323.1507399154999,76.19916559773486,335.8728339488549,90.47210380916388,0.6419,False,0.0135737113246368,0.005409544775690852,0.0006970020746311672,0.2727272727272727,0.8717948717948718,346,0.050834521602279636,0.052572706935123045,True,0.96,train,sort
MVI_20032,59,8,329.48360129694163,83.09511326818365,323.1650877728509,75.7207194392704,335.8021148210324,90.46950709709692,0.6374,False,0.0054965384368824,0.0021786997092252667,0.000759157669529001,0.2727272727272727,0.8717948717948718,346,0.051446868373127216,0.05369127516778524,True,0.98,train,sort
MVI_20032,60,8,329.44013640491755,82.62714648656943,323.08723664249464,74.89052569923425,335.7930361673404,90.3637672739046,0.6465,False,0.0106672893286265,0.004246984645139112,0.000868034441668114,0.2727272727272727,0.8717948717948718,346,0.0518284700573007,0.05480984340044743,True,1.0,train,sort
MVI_20032,61,8,329.3805178680648,82.20253372086955,322.88943132734136,74.26187058429359,335.87160440878813,90.14319685744552,0.6732,False,0.0097320887967063,0.003872907221429234,0.0010193547359375124,0.2727272727272727,0.8717948717948718,346,0.052120511577774725,0.055928411633109625,True,1.0,train,sort
MVI_20032,62,8,329.34293863943606,82.77661962626067,322.8683468440107,75.63165970824495,335.81753043486145,89.92157954427638,0.6629,False,0.0130580750832973,0.005203291816942344,0.000953860856386358,0.2727272727272727,0.8717948717948718,346,0.052027442974632875,0.05704697986577182,True,1.0,train,sort
MVI_20032,63,8,329.2146365720214,82.63590717096577,322.7121212203606,75.70883826013092,335.7171519236822,89.56297608180061,0.6459,False,0.0043221136743633,0.0017089333067167353,0.0007782444927992959,0.22727272727272727,0.7435897435897436,346,0.05189798164726275,0.05816554809843401,True,1.0,train,sort
MVI_20032,64,8,328.9748856661185,80.49184521323205,322.23693239530866,71.7994259036039,335.71283893692834,89.1842645228602,0.6077,False,0.0489676760740788,0.019567025119680784,0.0016034255481612765,0.22727272727272727,0.7435897435897436,346,0.052662380390858854,0.059284116331096204,True,1.0,train,sort
MVI_20032,65,8,328.87195035876675,82.15076888297487,322.0918996356684,75.07927860925088,335.6520010818651,89.22225915669887,0.6634,False,0.0377254694187936,0.015070175985315808,0.0021170513425751215,0.22727272727272727,0.7435897435897436,346,0.05229695864577291,0.0604026845637584,True,1.0,train,sort
MVI_20032,66,8,328.8300083751209,82.56600102871849,322.0533391087889,75.90559331609276,335.6066776414528,89.22640874134422,0.6285,False,0.0094725965902761,0.003769111112743443,0.002112125590354249,0.22727272727272727,0.7435897435897436,346,0.05251510382650719,0.061521252796420595,True,1.0,train,sort
MVI_20032,67,8,328.831889364412,82.62654681128981,322.08782558157463,75.97633455996505,335.5759531472494,89.27675906261457,0.6293,False,0.0013748875781843,0.0005300516577879908,0.0018903521213477262,0.22727272727272727,0.7435897435897436,346,0.05295320928558453,0.06263982102908279,True,1.0,train,sort
MVI_20032,68,8,328.68304467727376,82.27258997193624,321.8036763433776,75.01451771418718,335.5624130111699,89.53066222968529,0.6075,False,0.0087152879665915,0.0034661899217989156,0.001973744560466874,0.22727272727272727,0.7435897435897436,346,0.053538142303017594,0.06375838926174497,True,1.0,train,sort
MVI_20032,69,8,328.48944763231816,82.48711348806873,321.45083146494585,74.64807738512171,335.52806379969047,90.32614959101576,0.6439,False,0.0065586951936893,0.0026035592442669605,0.001168725655929118,0.22727272727272727,0.7435897435897436,346,0.054347342245823896,0.06487695749440715,True,1.0,train,sort
MVI_20032,70,8,328.42120741865074,82.64690261295185,321.3206784045564,74.28129274407371,335.521736432745,91.01251248183,0.6185,False,0.0039436672699096,0.0015575558735799074,0.0005274702238331036,0.22727272727272727,0.7435897435897436,346,0.05495556530176121,0.06599552572706935,True,1.0,train,sort
MVI_20032,71,8,328.44139566077354,82.84328862993618,321.3538291248023,74.16350796332145,335.5289621967447,91.52306929655091,0.5981,False,0.0044809185775832,0.0017724547943991974,0.000432716822969339,0.22727272727272727,0.7435897435897436,346,0.05538379685556141,0.06711409395973154,True,1.0,train,sort
MVI_20032,72,8,328.36624410823737,83.43628658862141,321.24634419322274,74.88522986214024,335.486144023252,91.9873433151026,0.5351,False,0.013567095216154,0.00540689835202905,0.0006641526517221552,0.22727272727272727,0.7435897435897436,346,0.0554526419950615,0.06823266219239374,True,1.0,train,sort
MVI_20032,73,8,328.1079993681983,83.39793920123755,320.94153979115055,75.1998865226961,335.2744589452461,91.595991879779,0.5616,False,0.0059257232355859,0.002350372348744441,0.0006112003690388043,0.22727272727272727,0.7435897435897436,346,0.055164918756162584,0.06935123042505593,True,1.0,train,sort
MVI_20032,74,8,327.3972606216143,81.44575389696979,320.078862057949,72.04769580517227,334.7156591852796,90.84381198876731,0.6157,False,0.0471545312856665,0.018841772611676303,0.0013818016619991274,0.22727272727272727,0.7435897435897436,346,0.05619790455117819,0.07046979865771813,True,1.0,train,sort
MVI_20032,75,8,326.93306791315325,80.81049726968901,319.5606914859289,71.19393416738244,334.3054443403776,90.42706037199558,0.6467,False,0.0178578101476563,0.007123171528386456,0.001645923737665534,0.22727272727272727,0.7435897435897436,346,0.056768927109181064,0.07158836689038033,True,1.0,train,sort
MVI_20032,76,8,326.63670660194714,81.04899080724806,319.3055206675117,71.55825832355148,333.9678925363825,90.53972329094464,0.6366,False,0.0086341953519381,0.0034337531177809372,0.0017247623763152874,0.22727272727272727,0.7435897435897436,346,0.0572996503389835,0.07270693512304252,True,1.0,train,sort
MVI_20032,77,8,326.4568728272258,81.24548421075681,319.18993674157,71.77129515976368,333.7238089128817,90.71967326174996,0.6522,False,0.0060457408988883,0.0023983790561354582,0.0015819899661457838,0.22727272727272727,0.7435897435897436,346,0.05750202751597669,0.0738255033557047,True,1.0,train,sort
MVI_20032,78,8,326.36042102988495,81.86008834598519,319.1794835091336,72.59120731295485,333.54135855063623,91.12896937901554,0.6261,False,0.0141205756635191,0.0056282888803246105,0.0017375469021398261,0.22727272727272727,0.7435897435897436,346,0.05757978604338432,0.0749440715883669,True,1.0,train,sort
MVI_20032,79,8,326.24104316452025,82.91511940646267,319.0517713473694,74.0573021997317,333.4303149816711,91.77293661319364,0.5442,False,0.024099141795471,0.009619685573924472,0.0012999031765470036,0.22727272727272727,0.7435897435897436,346,0.05752531568717874,0.0760626398210291,True,1.0,train,sort
MVI_20032,80,8,326.192064403973,83.21690480655641,318.99664455468513,74.1782225765555,333.3874842532609,92.25558703655734,0.6013,False,0.0069393326069146,0.002755813074378213,0.0010926456417843053,0.22727272727272727,0.7435897435897436,346,0.05799114879773229,0.07718120805369127,True,1.0,train,sort
MVI_20032,81,8,326.1854324986326,83.13065406250801,319.0667222381824,73.87715827909767,333.3041427590829,92.38414984591836,0.574,False,0.0019634357809234,0.000765469183650264,0.0009660194543397442,0.22727272727272727,0.7435897435897436,346,0.05819664108835887,0.07829977628635347,True,1.0,train,sort
MVI_20032,82,8,326.10912916160044,83.10188644092791,318.818112865831,73.52717424672603,333.4001454573699,92.6765986351298,0.6164,False,0.0018508758672209,0.0007204455538578547,0.0008863913759852807,0.22727272727272727,0.7435897435897436,346,0.0584636154122226,0.07941834451901567,True,1.0,train,sort
MVI_20032,83,8,326.0360984351024,83.33728103305606,318.7355347103302,73.7407716897469,333.33666215987466,92.93379037636524,0.5665,False,0.0055940437990968,0.00221770156331979,0.0007245384099740761,0.22727272727272727,0.7435897435897436,346,0.058894908998872994,0.08053691275167786,True,1.0,train,sort
MVI_20032,84,8,325.94871290505614,84.43655701839253,318.66378917552134,75.27211279464356,333.233636634591,93.60100124214152,0.7146,False,0.0250292847232948,0.009991739971079133,0.000742194638095477,0.22727272727272727,0.7435897435897436,346,0.05927059856659227,0.08165548098434006,True,1.0,train,sort
MVI_20032,85,8,325.84813365103486,84.93666258439849,318.4848998845879,75.66887397743983,333.2113674174818,94.20445119135717,0.7645,False,0.0115783217951763,0.004611394914777481,0.0008302532029789301,0.22727272727272727,0.7435897435897436,346,0.059532834560700035,0.08277404921700224,True,1.0,train,sort
MVI_20032,86,8,325.78315404216715,85.540134336591,318.428472868302,76.22624787496773,333.1378352160324,94.85402079821424,0.7787,False,0.0137763420240123,0.00549059645113342,0.0010544890286414128,0.22727272727272727,0.7435897435897436,346,0.05965825426173403,0.08389261744966443,True,1.0,train,sort
MVI_20032,87,8,325.6506587745556,86.46581255176224,318.3074506721692,77.2484812770318,332.993866876942,95.68314382649268,0.7401,False,0.0212245070458561,0.008469840247131431,0.001422244608345882,0.22727272727272727,0.7435897435897436,346,0.059591713646006225,0.08501118568232663,True,1.0,train,sort
MVI_20032,88,8,325.5476440583394,86.44620497471493,318.25313272366475,76.87830964083558,332.8421553930141,96.01410030859428,0.7877,False,0.0023801308126315,0.0009321459536195772,0.001361237230711859,0.22727272727272727,0.7435897435897436,346,0.06006852348680489,0.08612975391498882,True,1.0,train,sort
MVI_20032,89,8,325.42891344743805,86.89126867997726,318.10644891482787,77.20006354700264,332.7513779800482,96.58247381295187,0.7631,False,0.0104550149631948,0.004162075532034442,0.0010845844455434517,0.22727272727272727,0.7435897435897436,346,0.06006203295013367,0.08724832214765102,True,1.0,train,sort
MVI_20032,90,8,325.321955473198,86.60410730644024,318.04863633559864,76.55779979235659,332.59527461079733,96.65041482052388,0.729,False,0.0069552132311166,0.002762165276698058,0.000996827331023414,0.22727272727272727,0.7435897435897436,346,0.06062910719283246,0.08836689038031321,True,1.0,train,sort
MVI_20032,91,8,325.14057380292434,86.07006158608291,317.77635031749804,75.73333173746693,332.5047972883507,96.40679143469892,0.781,False,0.0128014295261979,0.005100634359499286,0.0009783212746476615,0.22727272727272727,0.7435897435897436,346,0.06086187900956641,0.08948545861297541,True,1.0,train,sort
MVI_20032,92,8,325.0557083015741,86.2988202910631,317.75571960505056,76.12872393846507,332.3556969980976,96.4689166436611,0.7862,False,0.0055379826643296,0.00219527727660462,0.0006805553672508963,0.22727272727272727,0.7435897435897436,346,0.06093513426515164,0.09060402684563759,True,1.0,train,sort
MVI_20032,93,8,324.90886666796507,86.89657577306843,317.5042163684499,76.81205322961958,332.3135169674803,96.9810983165173,0.7865,False,0.0139707993779978,0.005568378812795447,0.0009005726163724385,0.22727272727272727,0.7435897435897436,346,0.06082575515548029,0.09172259507829977,True,1.0,train,sort
MVI_20032,94,8,324.8607476693125,86.95294661981939,317.43927458443983,76.79366580515381,332.2822207541852,97.11222743448496,0.8069,False,0.0016822206948363,0.0006529839878860591,0.0007340450298792023,0.22727272727272727,0.7435897435897436,346,0.06135828560301555,0.09284116331096197,True,1.0,train,sort
MVI_20032,95,8,324.7964221172612,87.17268411418499,317.3277207384071,77.0043678009869,332.26512349611534,97.34100042738308,0.7936,False,0.0051967523608234,0.002058786172856791,0.0007006654434310274,0.22727272727272727,0.7435897435897436,346,0.060938599130609145,0.09395973154362416,True,1.0,train,sort
MVI_20032,96,8,324.7706317889348,87.6875840164693,317.2766726333832,77.62214412853298,332.2645909444865,97.75302390440562,0.7389,False,0.0117014778975038,0.004660656988418757,0.000679785859984463,0.22727272727272727,0.7435897435897436,346,0.06154784510112887,0.09507829977628636,True,1.0,train,sort
MVI_20032,97,8,324.6279391933099,87.93608227985635,317.0133794869865,77.80600960595083,332.24249889963335,98.06615495376184,0.7551,False,0.0065039712655677,0.0025816698362220725,0.0006981225205082778,0.22727272727272727,0.7435897435897436,346,0.06173748982503108,0.09619686800894856,True,1.0,train,sort
MVI_20032,98,8,324.8451891459315,88.03493209186122,317.47924612632966,77.84393156429043,332.2111321655333,98.22593261943202,0.7791,False,0.0054174192606352,0.0021470522746843347,0.000535759913597385,0.1818181818181818,0.6153846153846154,346,0.0626785801642674,0.09731543624161075,True,1.0,train,sort
MVI_20032,99,8,324.86578880049376,88.60535134357268,317.54880289774843,78.56447909405651,332.18277470323903,98.64622359308883,0.6527,False,0.0129554049714683,0.005162224078404906,0.0007497505888890672,0.1818181818181818,0.6153846153846154,346,0.06300875230288146,0.09843400447427295,True,1.0,train,sort
MVI_20032,100,8,324.772219759565,89.83104593043436,317.4079505199142,80.22930256731512,332.1364889992158,99.4327892935536,0.7232,False,0.0279008785987789,0.011140368957288661,0.0011807265391038364,0.1818181818181818,0.6153846153846154,346,0.06284587150270525,0.09955257270693513,True,1.0,train,sort
MVI_20032,101,8,324.6206747565951,90.30187676519436,317.1609430831138,80.64348655632055,332.0804064300764,99.96026697406812,0.7395,False,0.0112264967442706,0.004470665943666683,0.0011717103166029872,0.1818181818181818,0.6153846153846154,346,0.06303041385740878,0.10067114093959732,True,1.0,train,sort
MVI_20032,102,8,324.54185465128126,90.58974959266854,317.06986800913035,80.80242916902986,332.0138412934322,100.3770700163072,0.7447,False,0.0067744202740981,0.0026898486330713465,0.0011768440538459188,0.1818181818181818,0.6153846153846154,346,0.06338348713494021,0.10178970917225952,True,1.0,train,sort
MVI_20032,103,8,324.371739546374,90.9502112189444,316.7640209154111,81.04744476583897,331.9794581773368,100.85297767204985,0.7575,False,0.0090468444715923,0.0035988115349948604,0.0012457387984677465,0.1818181818181818,0.6153846153846154,346,0.06376211133076298,0.10290827740492171,True,1.0,train,sort
MVI_20032,104,8,324.30437502245826,90.9766281165982,316.6968757879641,80.79665904281683,331.91187425695244,101.15659719037954,0.7579,False,0.0016423535036441,0.0006370372303055412,0.001030991353220403,0.1818181818181818,0.6153846153846154,346,0.0640779950592418,0.10402684563758391,True,1.0,train,sort
MVI_20032,105,8,324.0385275071497,90.7957937818522,316.27009240019987,80.46955369449623,331.8069626140995,101.12203386920817,0.7382,False,0.0072976592592511,0.002899142666671525,0.0006398953938660168,0.1818181818181818,0.6153846153846154,346,0.06393752820421611,0.10514541387024609,True,1.0,train,sort
MVI_20032,106,8,323.9544519309566,91.11209312797972,316.1707357682709,80.88571457834226,331.73816809364234,101.3384716776172,0.7459,False,0.0074284274103787,0.002951449537131369,0.0005677994002567505,0.1818181818181818,0.6153846153846154,346,0.06423953562816404,0.10626398210290829,True,1.0,train,sort
MVI_20032,107,8,323.78250849952894,91.35782235270732,315.88273107944553,81.11463310246782,331.6822859196123,101.60101160294684,0.7307,False,0.0068071936277059,0.0027029578767741504,0.0005684215130421008,0.1818181818181818,0.6153846153846154,346,0.0643612697272786,0.10738255033557048,True,1.0,train,sort
MVI_20032,108,8,323.67234719309874,91.31935957482077,315.7322044398229,80.86731303059157,331.61248994637464,101.77140611904994,0.7282,False,0.0026483843649785,0.0010394465745430371,0.0004469641887012409,0.1818181818181818,0.6153846153846154,346,0.06462102733909099,0.10850111856823266,True,1.0,train,sort
MVI_20032,109,8,323.49863877285725,92.45935401591208,315.4447670452926,82.33999886219499,331.5525105004218,102.5787091696292,0.7042,False,0.0261734370570665,0.01044939749237048,0.000912619943669689,0.1818181818181818,0.6153846153846154,346,0.06414370406950849,0.10961968680089486,True,1.0,train,sort
MVI_20032,110,8,323.2833109623173,93.71481711237216,315.2361386613581,83.90322698538495,331.33048326327645,103.52640723935936,0.7771,False,0.0289116808435012,0.0115446868406516,0.0013229032284173836,0.1818181818181818,0.6153846153846154,346,0.06359381622472357,0.11073825503355705,True,1.0,train,sort
MVI_20032,111,8,323.2706224505836,93.99050634761304,315.2013781327456,83.81242045675239,331.3398667684216,104.16859223847366,0.752,False,0.0062640195859268,0.002485689879976072,0.001300800119787651,0.1818181818181818,0.6153846153846154,346,0.06387173878015541,0.11185682326621925,True,1.0,train,sort
MVI_20032,112,8,323.0831918212539,94.36145807750036,314.96481650350137,84.06522892387557,331.2015671390064,104.65768723112517,0.7955,False,0.0094333189027619,0.0037534001548760244,0.0013506499498995113,0.1818181818181818,0.6153846153846154,346,0.0636738497875364,0.11297539149888144,True,1.0,train,sort
MVI_20032,113,8,323.0056578761992,94.84810897793116,314.9453811594295,84.61925928246208,331.0659345929688,105.0769586734002,0.7865,False,0.011184960810749,0.0044540516941310995,0.0015126935849083113,0.1818181818181818,0.6153846153846154,346,0.06384096529542208,0.11409395973154364,True,1.0,train,sort
MVI_20032,114,8,322.9609738767979,95.30577341005866,314.94303231924425,85.14394367733316,330.9789154343516,105.46760314278416,0.8193,False,0.0104371310414001,0.00415492201665197,0.001213982708881093,0.1818181818181818,0.6153846153846154,346,0.06410702041298993,0.11521252796420584,True,1.0,train,sort
MVI_20032,115,8,322.85704082325583,95.26647831526073,314.7769777554564,84.8407712564092,330.93710389105524,105.69218537411224,0.8196,False,0.0025219715443128,0.0009888818232790186,0.000713046010330855,0.1818181818181818,0.6153846153846154,346,0.06410863798964965,0.11633109619686802,True,1.0,train,sort
MVI_20032,116,8,322.73274306544107,95.48021901841516,314.6138765317312,85.014089747317,330.85160959915095,105.94634828951332,0.8318,False,0.0056120152169191,0.0022248900768523606,0.0007006694846045527,0.1818181818181818,0.6153846153846154,346,0.06450012997838764,0.11744966442953021,True,1.0,train,sort
MVI_20032,117,8,322.61799787091184,95.67919704622967,314.4650423824163,85.08887120096746,330.7709533594073,106.2695228914919,0.8406,False,0.0052133983887976,0.0020654445344028354,0.0006205657962143682,0.1818181818181818,0.6153846153846154,346,0.06452112379705864,0.11856823266219241,True,1.0,train,sort
MVI_20032,118,8,322.5279479587996,95.3923567707252,314.2825011645019,84.434666195321,330.7733947530973,106.3500473461294,0.8252,False,0.006823782646319,0.0027095934347458038,0.0005377807163671211,0.1818181818181818,0.6153846153846154,346,0.0648174156922814,0.1196868008948546,True,1.0,train,sort
MVI_20032,119,8,322.3957636215292,94.9017547245532,314.00887726400254,83.48575786334668,330.78264997905586,106.31775158575974,0.7866,False,0.0115324309659132,0.004593038719932933,0.0005585719998893231,0.1818181818181818,0.6153846153846154,346,0.0655368671929497,0.1208053691275168,True,1.0,train,sort
MVI_20032,120,8,322.3813083657236,94.9111514777554,313.9163952376159,83.57727209039913,330.84622149383125,106.24503086511166,0.7999,False,0.0003913246601867,0.00013662942387880611,0.0005181274764650619,0.1818181818181818,0.6153846153846154,346,0.0657581515335253,0.121923937360179,True,1.0,train,sort
MVI_20032,121,8,322.3237452938344,95.00749023785116,313.781805270681,83.73266668724162,330.8656853169878,106.28231378846073,0.8267,False,0.0025472237759124,0.0009989826406088802,0.0004599507648993104,0.1818181818181818,0.6153846153846154,346,0.06583526801250235,0.12304250559284119,True,1.0,train,sort
MVI_20032,122,8,322.2480401200561,95.07124682059644,313.7029331899038,83.78167289943738,330.79314705020835,106.36082074175548,0.8261,False,0.0022464775313172,0.0008786850396894147,0.0004036318595883007,0.1818181818181818,0.6153846153846154,346,0.06586237418581589,0.12416107382550337,True,1.0,train,sort
MVI_20032,123,8,322.24081695062773,95.47479808624306,313.84751971082443,84.37143157217423,330.6341141904311,106.57816460031188,0.8275,False,0.0091609830353693,0.0036444666201090373,0.0004479972382845023,0.1818181818181818,0.6153846153846154,346,0.06623997217496189,0.12527964205816558,True,1.0,train,sort
MVI_20032,124,8,322.15576422170864,95.29547732691884,313.78261198944665,84.00364684759262,330.5289164539706,106.58730780624508,0.7783,False,0.0045047039549711,0.0017819688744189729,0.0003145949970069921,0.1818181818181818,0.6153846153846154,346,0.06652053078130035,0.12639821029082773,True,1.0,train,sort
MVI_20032,125,8,322.0245781677363,94.71768793577924,313.5331594967216,83.06326653376746,330.5159968387511,106.37210933779104,0.8097,False,0.01344802537832,0.005359270771998632,0.0005624408704703034,0.1818181818181818,0.6153846153846154,346,0.06665224186113114,0.12751677852348994,True,1.0,train,sort
MVI_20032,126,8,321.94897044311006,94.62122891659158,313.5271703039604,82.78922566353005,330.3707705822597,106.45323216965312,0.7582,False,0.0027817708858121,0.001092800785076492,0.0005668931080283453,0.1818181818181818,0.6153846153846154,346,0.06709831475804118,0.12863534675615212,True,1.0,train,sort
MVI_20032,127,8,321.7813003557794,94.89117424798648,313.31984108774435,83.12935904374653,330.2427596238145,106.6529894522264,0.8113,False,0.0072127276491938,0.0028651702759410038,0.000661163829619824,0.1818181818181818,0.6153846153846154,346,0.06736289104090891,0.1297539149888143,True,1.0,train,sort
MVI_20032,128,8,321.8113692464543,95.29266386465116,313.3559623846358,83.7157068087137,330.2667761082728,106.86962092058864,0.8349,False,0.0091382430266698,0.003635370684447003,0.0006607321725388844,0.1818181818181818,0.6153846153846154,346,0.06756173660092613,0.13087248322147652,True,1.0,train,sort
MVI_20032,129,8,321.79653421337787,95.74995202538167,313.2820314119542,84.32889469553835,330.3110370148016,107.17100935522498,0.8406,False,0.0103846575497285,0.004133932776475563,0.0007723470640859074,0.1818181818181818,0.6153846153846154,346,0.06791130868878655,0.1319910514541387,True,1.0,train,sort
MVI_20032,130,8,321.6651593985855,95.62129775433677,313.1398985110259,83.98421670245969,330.1904202861452,107.25837880621384,0.8147,False,0.0041735393011069,0.0016495040005090722,0.000596296226102173,0.1818181818181818,0.6153846153846154,346,0.06829342724673172,0.1331096196868009,True,1.0,train,sort
MVI_20032,131,8,321.52708039406355,95.5538323730314,313.0306348999204,83.85674809965496,330.0235258882067,107.25091664640784,0.7857,False,0.0034881066150297,0.0013753329702511996,0.0006097040846068223,0.1818181818181818,0.6153846153846154,346,0.06835003845145857,0.1342281879194631,True,1.0,train,sort
MVI_20032,132,8,321.2572999082846,95.1723970908458,312.5617167244921,83.27078531598843,329.95288309207706,107.07400886570318,0.8506,False,0.0106041336919869,0.004221722578832955,0.0006740806841085209,0.1818181818181818,0.6153846153846154,346,0.06830962897223045,0.1353467561521253,True,1.0,train,sort
MVI_20032,133,8,321.1126102913183,95.11766219595732,312.4987024199208,83.11919365905285,329.72651816271576,107.1161307328618,0.7945,False,0.0035111887519323,0.001384565756174141,0.0005672663968046184,0.1818181818181818,0.6153846153846154,346,0.06854546725778388,0.13646532438478748,True,1.0,train,sort
MVI_20032,134,8,320.88717259732294,94.96522857513268,312.270315640002,82.82685133319444,329.50402955464386,107.10360581707089,0.7832,False,0.0061767535626469,0.0024507837309184996,0.0004873908094229174,0.1818181818181818,0.6153846153846154,346,0.06827278518156556,0.1375838926174497,True,1.0,train,sort
MVI_20032,135,8,320.75648215376214,94.59768600705787,312.181565960456,82.36414386794026,329.3313983470682,106.83122814617552,0.8058,False,0.0088539039317836,0.003521635894479961,0.0005762347743003409,0.1818181818181818,0.6153846153846154,346,0.06839394287106389,0.13870246085011187,True,1.0,train,sort
MVI_20032,136,8,320.1772991489469,94.7410944518878,311.4080509857307,82.53644563510174,328.946547312163,106.94574326867384,0.7568,False,0.0135428589811276,0.0053972039302984665,0.0007670968409456977,0.1818181818181818,0.6153846153846154,346,0.06783036593052795,0.13982102908277405,True,1.0,train,sort
MVI_20032,137,8,319.83872007359366,94.7555068082486,311.1588863732327,82.53880865110764,328.51855377395464,106.9722049653896,0.7772,False,0.0076917831084702,0.0030567910309595245,0.0007118138035394246,0.1818181818181818,0.6153846153846154,346,0.06773769989053029,0.14093959731543626,True,1.0,train,sort
MVI_20032,138,8,319.6543784045663,95.24867638663386,310.9662423727672,83.2009709995119,328.3425144363653,107.29638177375584,0.7856,False,0.0119500279177775,0.0047600762552749325,0.0008720021626989893,0.1818181818181818,0.6153846153846154,346,0.06790756166893225,0.14205816554809844,True,1.0,train,sort
MVI_20032,139,8,319.4493760162577,95.9936721775836,310.59924291210297,84.26930486281506,328.2995091204125,107.7180394923521,0.758,False,0.017537885662622,0.006995202688486843,0.001087662287690577,0.1818181818181818,0.6153846153846154,346,0.06787854399760854,0.14317673378076065,True,1.0,train,sort
MVI_20032,140,8,319.4125105449709,96.49609463650732,310.5123360350873,84.80366819932763,328.31268505485457,108.188521073687,0.7958,False,0.0114342801266988,0.004553778676963454,0.0011366436962178096,0.1818181818181818,0.6153846153846154,346,0.0680543337368582,0.14429530201342283,True,1.0,train,sort
MVI_20032,141,8,319.297169468461,97.51440141170272,310.42739542983605,86.10596647084431,328.166943507086,108.92283635256116,0.8466,False,0.0232605842329743,0.009284265049764664,0.001321108221760273,0.1818181818181818,0.6153846153846154,346,0.06804658564823206,0.14541387024608504,True,1.0,train,sort
MVI_20032,142,8,319.0898821794284,98.34947532916044,310.10123833008885,86.9662641748832,328.07852602876795,109.7326864834377,0.8384,False,0.0195291127539858,0.007791687586575231,0.0015458076591450501,0.1818181818181818,0.6153846153846154,346,0.06804456737492046,0.14653243847874722,True,1.0,train,sort
MVI_20032,143,8,318.93418538479153,98.9420718906133,309.8402026102007,87.43406405051722,328.02816815938235,110.4500797307094,0.8441,False,0.0139068248607912,0.005542789196704685,0.0015829521153136767,0.1818181818181818,0.6153846153846154,346,0.0679571751877176,0.1476510067114094,True,1.0,train,sort
MVI_20032,144,8,318.80442004954034,99.39085573876172,309.63030199970336,87.69288114607798,327.9785380993774,111.08883033144544,0.8541,False,0.0106034437998675,0.004221446624042675,0.0014513206382998835,0.1818181818181818,0.6153846153846154,346,0.06795119706612583,0.14876957494407161,True,1.0,train,sort
MVI_20032,145,8,318.70167867568733,99.64481837304396,309.5770327302096,87.80034938033424,327.82632462116504,111.48928736575364,0.8426,False,0.0062180940269476,0.0024673197933486745,0.0013523055633625715,0.1818181818181818,0.6153846153846154,346,0.06820130138973228,0.1498881431767338,True,1.0,train,sort
MVI_20032,146,8,318.601674899626,100.22682544864844,309.5503749698914,88.24251730887715,327.6529748293607,112.21113358841971,0.7924,False,0.0134035650177387,0.005341486760360697,0.001165196921609619,0.13636363636363638,0.48717948717948717,346,0.06899128031811509,0.151006711409396,True,1.0,train,sort
MVI_20032,147,8,318.5828430453752,101.9410979747134,309.61823103239215,90.54228340649884,327.5474550583582,113.33991254292792,0.7643,False,0.0389116705261297,0.015544652890630428,0.0015331219483599376,0.13636363636363638,0.48717948717948717,346,0.06935634377476362,0.1521252796420582,True,1.0,train,sort
MVI_20032,148,8,318.4750416236094,101.50963619971334,309.53200560518417,89.41109414401802,327.4180776420346,113.60817825540866,0.7597,False,0.0100940498242606,0.0040176905529708444,0.001460746807070559,0.13636363636363638,0.48717948717948717,346,0.06939797279065424,0.1532438478747204,True,1.0,train,sort
MVI_20032,149,8,318.34776520611246,100.38616842822567,309.3345479092089,87.66839679423359,327.36098250301603,113.1039400622178,0.8279,False,0.0256627765304761,0.010245134804682492,0.0017466071905599908,0.13636363636363638,0.48717948717948717,346,0.06916521668101382,0.15436241610738255,True,1.0,train,sort
MVI_20032,150,8,318.27287292769864,99.81657694277276,309.17316257122764,86.94610511242485,327.37258328416965,112.68704877312068,0.8,False,0.013039450116798,0.005195841885888049,0.001876092042421936,0.13636363636363638,0.48717948717948717,346,0.06892007523151265,0.15548098434004476,True,1.0,train,sort
MVI_20032,151,8,318.1850261864277,99.1418878893136,308.9863765161059,86.11949512583882,327.3836758567495,112.1642806527884,0.8198,False,0.015442865580933,0.006157200903811307,0.0019148026049331207,0.1818181818181818,0.6153846153846154,346,0.06934266985171442,0.15659955257270694,True,1.0,train,sort
MVI_20032,152,8,318.09448692865004,98.6248727927852,308.8879436314165,85.60197211982661,327.3010302258836,111.64777346574378,0.8155,False,0.011913411967371,0.004745429984312493,0.00140231425746026,0.1818181818181818,0.6153846153846154,346,0.06917433364186938,0.15771812080536912,True,1.0,train,sort
MVI_20032,153,8,318.0766101556312,99.0356496333221,308.9862684000666,86.35970089263527,327.1669519111959,111.7115983740089,0.8484,False,0.0093323417250193,0.0037130095849242416,0.00138785530544351,0.1818181818181818,0.6153846153846154,346,0.06987932742658275,0.15883668903803133,True,1.0,train,sort
MVI_20032,154,8,317.81726547737776,99.58099762430372,308.7017799476801,87.08549337036574,326.93275100707547,112.0765018782417,0.839,False,0.013706302394773,0.00546258080831763,0.0011608942346739797,0.1818181818181818,0.6153846153846154,346,0.07004012586347913,0.1599552572706935,True,1.0,train,sort
MVI_20032,155,8,317.67753035120984,99.7897063758287,308.5394700570792,87.23535788180948,326.8155906453404,112.34405486984792,0.8322,False,0.0057008250945919,0.002260413763062866,0.0010215904420916519,0.1818181818181818,0.6153846153846154,346,0.0701332413357422,0.16107382550335572,True,1.0,train,sort
MVI_20032,156,8,317.6473049226287,100.11878530616104,308.55441388183675,87.5440656204381,326.74019596342066,112.69350499188396,0.8413,False,0.007500635994904,0.0029803327555930634,0.0008708288621573181,0.1818181818181818,0.6153846153846154,346,0.07033829600251792,0.1621923937360179,True,1.0,train,sort
MVI_20032,157,8,317.6332017759175,100.59993030000332,308.5515820351928,87.91921449213532,326.7148215166422,113.28064610787128,0.8457,False,0.0109253728243901,0.004350217273759454,0.0008520736322034016,0.1818181818181818,0.6153846153846154,346,0.07094484918772793,0.1633109619686801,True,1.0,train,sort
MVI_20032,158,8,317.5170672720625,100.57431192314522,308.37179669997107,87.72467667524336,326.6623378441539,113.42394717104706,0.88,False,0.0026993091514222,0.0010598163372470002,0.0007261635889693858,0.1818181818181818,0.6153846153846154,346,0.07088985523210409,0.1644295302013423,True,1.0,train,sort
MVI_20032,159,8,317.4451374375054,100.85520904258507,308.3467121183264,87.92765652192139,326.5435627566844,113.78276156324878,0.859,False,0.0065813145939898,0.002612606936929118,0.0005909151167080864,0.1818181818181818,0.6153846153846154,346,0.07133260395745261,0.16554809843400448,True,1.0,train,sort
MVI_20032,160,8,317.40146599237886,102.5645609946124,308.2105512453593,90.39106803235892,326.59238073939844,114.7380539568659,0.8695,False,0.0388102992957633,0.015504104700804329,0.0012194082353336544,0.1818181818181818,0.6153846153846154,346,0.07142494679818712,0.16666666666666669,True,1.0,train,sort
MVI_20032,161,8,317.40753724553167,103.327832413277,308.1757379767641,91.16932192637788,326.6393365142992,115.4863429001761,0.8655,False,0.0173247328527396,0.006909942200221729,0.0014058919358704125,0.1818181818181818,0.6153846153846154,346,0.07169524186172634,0.16778523489932887,True,1.0,train,sort
MVI_20032,162,8,317.3708983216036,104.02454180242808,308.12708582248064,91.94330479100827,326.6147108207266,116.10577881384788,0.8446,False,0.0158352591311181,0.006314157153645982,0.0014990927441424838,0.1818181818181818,0.6153846153846154,346,0.07190602138062031,0.16890380313199108,True,1.0,train,sort
MVI_20032,163,8,317.39132602866846,105.02679896100712,308.11867100131536,92.87763648160316,326.6639810560215,117.17596144041111,0.8753,False,0.0227532355039876,0.009081327071241362,0.001879761873390251,0.1818181818181818,0.6153846153846154,346,0.07251801263333131,0.17002237136465326,True,1.0,train,sort
MVI_20032,164,8,317.3004958187655,105.3849300701044,308.0469473157634,92.97037597134867,326.55404432176755,117.79948416886012,0.8847,False,0.0083859619767046,0.003334460507996473,0.0019140181848825589,0.1818181818181818,0.6153846153846154,346,0.07304628503976836,0.17114093959731547,True,1.0,train,sort
MVI_20032,165,8,317.20507943256234,105.70038088451412,307.892231305767,93.14805808809912,326.5179275593577,118.25270368092912,0.8796,False,0.0074802432062836,0.002972175700962547,0.0013193024688083243,0.1818181818181818,0.6153846153846154,346,0.0727935177153836,0.17225950782997765,True,1.0,train,sort
MVI_20032,166,8,317.1679833804716,106.0564332068992,307.797463786267,93.22829345677462,326.53850297467613,118.88457295702376,0.8718,False,0.0081251624218627,0.00323014146384494,0.001144673700166845,0.1818181818181818,0.6153846153846154,346,0.07312881960449864,0.17337807606263983,True,1.0,train,sort
MVI_20032,167,8,317.0764015156478,106.17991429499864,307.7320777488195,93.17439589308394,326.42072528247604,119.18543269691334,0.8779,False,0.0034893933624,0.0013758476653618174,0.0009103210906397578,0.1818181818181818,0.6153846153846154,346,0.07300122099312777,0.17449664429530204,True,1.0,train,sort
MVI_20032,168,8,316.9941857916275,105.16598397464652,307.57984792078446,91.581862649265,326.4085236624706,118.75010530002804,0.8827,False,0.0230889924017335,0.00921562882900845,0.0009166945201446242,0.13636363636363638,0.48717948717948717,346,0.07311467952853604,0.17561521252796422,True,1.0,train,sort
MVI_20032,169,8,316.91287998363055,103.93252492043312,307.50567282444587,89.8067215566983,326.3200871428152,118.05832828416791,0.8811,False,0.0280569213312474,0.011202785584908207,0.0012900940648180336,0.13636363636363638,0.48717948717948717,346,0.07372190275589759,0.17673378076062643,True,1.0,train,sort
MVI_20032,170,8,316.73753931809625,102.20165484606814,307.25876467501905,87.5239016800891,326.21631396117346,116.87940801204718,0.8826,False,0.0394871062341966,0.015774825457729316,0.0018976571157928114,0.13636363636363638,0.48717948717948717,346,0.07425995734705766,0.1778523489932886,True,1.0,train,sort
MVI_20032,171,8,316.839039656444,99.97349355972696,307.3708637609873,84.5712655726064,326.3072155519007,115.37572154684749,0.9014,False,0.050625645094427,0.020230207783241954,0.002704412932441414,0.13636363636363638,0.48717948717948717,346,0.07484967887333183,0.17897091722595082,True,1.0,train,sort
MVI_20032,172,8,316.759039683282,99.3722240033136,307.1751823103047,84.30347297519364,326.3428970562594,114.44097503143357,0.8784,False,0.0137674497968053,0.005487039586770009,0.00289951381814622,0.13636363636363638,0.48717948717948717,346,0.0748889880098515,0.180089485458613,True,1.0,train,sort
MVI_20032,173,8,316.610360909268,100.2991414849815,307.0583169961334,86.05167776895439,326.1624048224027,114.5466052010086,0.9041,False,0.0213074318893053,0.008503009937203501,0.0028656957479566143,0.13636363636363638,0.48717948717948717,346,0.07465117369346824,0.18120805369127518,True,1.0,train,sort
MVI_20032,174,8,316.4528207855791,100.8984219367379,306.834438845468,86.85776782257327,326.0712027256901,114.93907605090254,0.9032,False,0.0140641830133529,0.0056057319884385125,0.0026000817520927403,0.13636363636363638,0.48717948717948717,346,0.07454719186816801,0.18232662192393737,True,1.0,train,sort
MVI_20032,175,8,316.38103701377395,101.38783808391182,306.7072432835103,87.47099011223384,326.0548307440376,115.3046860555898,0.8945,False,0.0112272656275868,0.004470973494700098,0.002063645708234294,0.13636363636363638,0.48717948717948717,346,0.07521004143800906,0.18344519015659955,True,1.0,train,sort
MVI_20032,176,8,316.36988664127733,102.89750398927686,306.79980134296005,89.49703963468987,325.9399719395946,116.29796834386384,0.8894,False,0.0342662437972651,0.013686496053188736,0.001753107066707431,0.13636363636363638,0.48717948717948717,346,0.07539732505334783,0.18456375838926176,True,1.0,train,sort
MVI_20032,177,8,316.25618227737675,103.88340081791084,306.6555799290074,90.7037748157078,325.8567846257461,117.06302682011386,0.9065,False,0.0225255061940644,0.008990236026431534,0.001919354894890013,0.13636363636363638,0.48717948717948717,346,0.07550307076817267,0.18568232662192394,True,1.0,train,sort
MVI_20032,178,8,316.1823588739356,104.33663288111929,306.57137587137424,91.03954024888124,325.7933418764969,117.63372551335732,0.9033,False,0.0104227034440212,0.004149151020727986,0.0017127379947120265,0.13636363636363638,0.48717948717948717,346,0.07555748421858509,0.18680089485458615,True,1.0,train,sort
MVI_20032,179,8,315.9109165602021,104.94582850497062,306.17046718411405,91.5846437386234,325.6513659362902,118.30701327131784,0.9057,False,0.015137575186124,0.0060350856563583695,0.0017331134192830784,0.13636363636363638,0.48717948717948717,346,0.07560990301350702,0.18791946308724833,True,1.0,train,sort
MVI_20032,180,8,315.7337115162516,105.56571904422704,305.8521154327146,92.10409605012472,325.61530759978865,119.02734203832938,0.9207,False,0.0146334258422957,0.005833427422356852,0.0017977700865219983,0.13636363636363638,0.48717948717948717,346,0.07552822073964952,0.18903803131991054,True,1.0,train,sort
MVI_20032,181,8,315.51490450927827,105.5107123347582,305.53973141915105,91.6922168357636,325.4900775994054,119.3292078337528,0.9125,False,0.0051208525828632,0.0020284264880293936,0.001244524278189178,0.13636363636363638,0.48717948717948717,346,0.07541388779286633,0.19015659955257272,True,1.0,train,sort
MVI_20032,182,8,315.4293224103594,106.17394082190032,305.4586891808661,92.38334415360272,325.39995563985275,119.96453749019793,0.9189,False,0.0151782925499472,0.006051372480455865,0.001105057454030547,0.13636363636363638,0.48717948717948717,346,0.07541029727485093,0.1912751677852349,True,1.0,train,sort
MVI_20032,183,8,315.45714095982567,107.05033177822544,305.4329990798544,93.23250918105136,325.48128283979696,120.86815437539951,0.908,False,0.0199017091509783,0.007940725034174144,0.0012849905397098193,0.13636363636363638,0.48717948717948717,346,0.07598876493329174,0.1923937360178971,True,1.0,train,sort
MVI_20032,184,8,315.26615605550245,106.59313262372204,305.1080731088421,92.35747884607144,325.4242390021628,120.82878640137264,0.9186,False,0.0112461825537196,0.004478540208737108,0.0012111230576569087,0.13636363636363638,0.48717948717948717,346,0.0762445280051783,0.1935123042505593,True,1.0,train,sort
MVI_20032,185,8,315.0807392955872,106.19470706885356,304.9111813288073,91.76872697001689,325.2502972623671,120.62068716769024,0.9081,False,0.0099744743466549,0.003969860718539725,0.0011226855627806851,0.13636363636363638,0.48717948717948717,346,0.07637367238020887,0.1946308724832215,True,1.0,train,sort
MVI_20032,186,8,314.76599629627606,106.71067197156933,304.41717338456885,92.25149160181788,325.11481920798326,121.16985234132076,0.9213,False,0.0137179274142635,0.005467230781444401,0.0012858775947354845,0.13636363636363638,0.48717948717948717,346,0.07650268055734094,0.19574944071588368,True,1.0,train,sort
MVI_20032,187,8,314.6966566871354,107.288361460519,304.3658982908883,92.6717285406792,325.0274150833825,121.9049943803588,0.9045,False,0.0132060943054519,0.005262499064364949,0.0012484407868387625,0.13636363636363638,0.48717948717948717,346,0.076964687698456,0.1968680089485459,True,1.0,train,sort
MVI_20032,188,8,314.6583611482931,107.72442583980164,304.3981780608576,92.95630164467498,324.9185442357287,122.49255003492831,0.8711,False,0.0099355689728551,0.003954298685047706,0.0010592607810449336,0.13636363636363638,0.48717948717948717,346,0.07749383042021307,0.19798657718120807,True,1.0,train,sort
MVI_20032,189,8,314.46378528386776,108.64402721484336,304.0437714201031,94.07686009382309,324.8837991476324,123.2111943358636,0.8615,False,0.0213345549190686,0.00851385906821951,0.0012507610317354088,0.13636363636363638,0.48717948717948717,346,0.07771226802121267,0.19910514541387025,True,1.0,train,sort
MVI_20032,190,8,314.3135428309666,109.11147767710548,303.7775456722289,94.47518278283164,324.8495399897043,123.7477725713793,0.855,False,0.0111444042601149,0.004437829194829669,0.00127296896217297,0.13636363636363638,0.48717948717948717,346,0.07814079494027183,0.20022371364653246,True,1.0,train,sort
MVI_20032,191,8,314.2121216136345,109.87767024344228,303.7215363639777,95.32897185696602,324.7027068632914,124.42636862991851,0.8567,False,0.017542182687557,0.006996921485645765,0.0013455620244647126,0.13636363636363638,0.48717948717948717,346,0.07839078036734787,0.20134228187919465,True,1.0,train,sort
MVI_20032,192,8,314.0436687711315,110.28270087409112,303.5298295685609,95.6234018605895,324.55750797370206,124.94199988759274,0.8606,False,0.009956481197733,0.003962663512632144,0.0012838769773393034,0.13636363636363638,0.48717948717948717,346,0.07861548409639607,0.20246085011185685,True,1.0,train,sort
MVI_20032,193,8,313.90456778410777,110.24032477588662,303.3190689660499,95.3585317487207,324.49006660216565,125.12211780305256,0.8678,False,0.0033004699771309,0.0013002788746823576,0.0011579277087138146,0.13636363636363638,0.48717948717948717,346,0.07871379132479295,0.20357941834451904,True,1.0,train,sort
MVI_20032,194,8,313.7418515345712,111.30278610068927,303.114211439089,96.48197389186124,324.3694916300534,126.1235983095173,0.9159,False,0.024396151163721,0.009738488435450348,0.0012160437681861768,0.13636363636363638,0.48717948717948717,346,0.0786115550336873,0.20469798657718125,True,1.0,train,sort
MVI_20032,195,8,313.6367879345772,112.51662658876208,302.9900455925035,97.80586437333928,324.28353027665094,127.22738880418488,0.8708,False,0.0276538860696762,0.011041572682255973,0.0015294312791547496,0.13636363636363638,0.48717948717948717,346,0.07860575966709124,0.20581655480984343,True,1.0,train,sort
MVI_20032,196,8,313.51677313116204,113.49756542918588,302.85730501630536,98.70041900035856,324.1762412460187,128.29471185801322,0.8634,False,0.0224306612109698,0.008952298316050891,0.0016222257190134522,0.13636363636363638,0.48717948717948717,346,0.07870960080000933,0.2069351230425056,True,1.0,train,sort
MVI_20032,197,8,313.45640125255755,114.25931781457362,302.79951816673844,99.2665659368244,324.1132843383767,129.25206969232283,0.845,False,0.0173439218289183,0.006917617733465729,0.0017624561428717276,0.13636363636363638,0.48717948717948717,346,0.07899699278538908,0.20805369127516782,True,1.0,train,sort
MVI_20032,198,8,313.3704566315285,114.98728955509496,302.6850813368729,99.87043623354052,324.0558319261841,130.10414287664943,0.8369,False,0.0166377303963699,0.006635143266528358,0.0020156276775170068,0.13636363636363638,0.48717948717948717,346,0.07955458809525603,0.20917225950783,True,1.0,train,sort
MVI_20032,199,8,313.32640739782505,116.05356109242167,302.6207178343627,100.95848974728868,324.0320969612874,131.1486324375547,0.8942,False,0.0242221059747714,0.009668870878927305,0.0020123239040133857,0.13636363636363638,0.48717948717948717,346,0.07992346915379736,0.21029082774049218,True,1.0,train,sort
MVI_20032,200,8,313.2412076848269,116.8181006743524,302.5294579882221,101.60255262895404,323.95295738143176,132.03364871975077,0.8998,False,0.0174603868964039,0.006964203413124971,0.0018188281074268478,0.13636363636363638,0.48717948717948717,346,0.08011601429516613,0.21140939597315436,True,1.0,train,sort
MVI_20032,201,8,313.18693236507295,117.08280821683732,302.44734973532456,101.59378249211365,323.9265149948214,132.571833941561,0.9058,False,0.0061331347915074,0.002433336352547392,0.0015094639917959164,0.13636363636363638,0.48717948717948717,346,0.08044768101977161,0.21252796420581657,True,1.0,train,sort
MVI_20032,202,8,313.0109896011239,117.88847104696714,302.1204109595906,102.59801451756336,323.9015682426573,133.1789275763709,0.8949,False,0.0187173230484608,0.007466974125374053,0.001535534270361797,0.13636363636363638,0.48717948717948717,346,0.08039358305395804,0.21364653243847875,True,1.0,train,sort
MVI_20032,203,8,312.8664630740268,118.50530609732368,301.9814507276001,103.13824454830863,323.7514754204535,133.87236764633874,0.8548,False,0.0143796428514635,0.005731914982883622,0.0014926706333675992,0.13636363636363638,0.48717948717948717,346,0.08048289363357529,0.21476510067114096,True,1.0,train,sort
MVI_20032,204,8,312.6859832201983,119.00041599129833,301.7117201552183,103.5080651652614,323.66024628517823,134.49276681733522,0.8603,False,0.0119609879537295,0.0047644602369695185,0.0012599267288265791,0.13636363636363638,0.48717948717948717,346,0.08039541137789298,0.21588366890380314,True,1.0,train,sort
MVI_20032,205,8,312.551289752777,119.66195382306904,301.4642967970197,104.04199954484298,323.6382827085343,135.2819081012951,0.8595,False,0.015323179282162,0.006109326741244559,0.001219357667824164,0.13636363636363638,0.48717948717948717,346,0.08020882818457446,0.21700223713646533,True,1.0,train,sort
MVI_20032,206,8,312.402852637838,120.11978499185696,301.2256409864267,104.29246777727175,323.58006428924926,135.94710220644217,0.838,False,0.010924041899311,0.004349684907697068,0.0013102999803155646,0.13636363636363638,0.48717948717948717,346,0.08036308043979332,0.21812080536912754,True,1.0,train,sort
MVI_20032,207,8,312.3134956052673,120.16261468475692,301.0950136567119,104.05044697566768,323.5319775538228,136.27478239384615,0.8556,False,0.0022491002092907,0.0008797341030571751,0.0009976956584370662,0.13636363636363638,0.48717948717948717,346,0.08095269958291057,0.21923937360178972,True,1.0,train,sort
MVI_20032,208,8,312.2776208829158,120.32723194437096,301.0707438938392,104.07346490517362,323.4844978719924,136.5809989835683,0.8558,False,0.0038240597268868,0.0015097132130775942,0.0007973266849955637,0.13636363636363638,0.48717948717948717,346,0.08138141662356248,0.22035794183445193,True,1.0,train,sort
MVI_20032,209,8,312.2062611688897,120.1978685629394,301.00169305327535,103.60467630631416,323.410829284504,136.79106081956465,0.8551,False,0.0033532949870054,0.001321408721091588,0.0006339330966843252,0.13636363636363638,0.48717948717948717,346,0.08174345421180199,0.2214765100671141,True,1.0,train,sort
MVI_20032,210,8,311.82014895843724,119.91568599542823,300.2557740089045,102.87265211560192,323.38452390797,136.95871987525456,0.8923,False,0.0108546554717649,0.004321930543610458,0.0005491103523488161,0.13636363636363638,0.48717948717948717,346,0.08172936695743664,0.22259507829977632,True,1.0,train,sort
MVI_20032,211,8,311.6250865681883,120.51418809417588,300.0501469373225,103.6498257986518,323.2000261990541,137.3785503897,0.8451,False,0.0142876463298836,0.005695116648613824,0.0006129592140235366,0.13636363636363638,0.48717948717948717,346,0.08191428391718761,0.2237136465324385,True,1.0,train,sort
MVI_20032,212,8,311.4414659010673,121.68122133611706,299.8024772887699,105.0858544391494,323.0804545133648,138.2765882330847,0.8818,False,0.0268143468953829,0.010705759516305004,0.0010792634629445991,0.13636363636363638,0.48717948717948717,346,0.08209405945660027,0.22483221476510068,True,1.0,train,sort
MVI_20032,213,8,311.35343619929006,123.29994292197252,299.7086758985146,107.05691596317966,322.9981965000655,139.5429698807654,0.8548,False,0.0367948651403875,0.01469793704930412,0.0017051243326165995,0.13636363636363638,0.48717948717948717,346,0.08272734510809467,0.2259507829977629,True,1.0,train,sort
MVI_20032,214,8,311.24048342165577,124.18364730942938,299.6274990030855,107.79711817414945,322.853467840226,140.5701764447093,0.8579,False,0.0202208658303343,0.008068386754092265,0.002025309187819959,0.13636363636363638,0.48717948717948717,346,0.08291850168494354,0.22706935123042504,True,1.0,train,sort
MVI_20032,215,8,311.04811629721115,124.86692646593502,299.2699931465692,108.24999927436916,322.82623944785314,141.48385365750087,0.8574,False,0.0161114799777206,0.006424644668510715,0.0021250956721277823,0.13636363636363638,0.48717948717948717,346,0.08290805166234369,0.22818791946308728,True,1.0,train,sort
MVI_20032,216,8,310.9709332867928,125.84369802990356,299.1275688295378,109.07024951171282,322.81429774404774,142.61714654809427,0.8765,False,0.0222391636443832,0.008875699860521422,0.002276033554270842,0.13636363636363638,0.48717948717948717,346,0.08331677529003115,0.22930648769574943,True,1.0,train,sort
MVI_20032,217,8,310.9299140312598,126.4486252462204,299.09311403333123,109.40289687840657,322.76671402918834,143.49435361403425,0.8688,False,0.0137617317312995,0.00548475237762075,0.0020282652339148536,0.13636363636363638,0.48717948717948717,346,0.08377992638856334,0.23042505592841167,True,1.0,train,sort
MVI_20032,218,8,310.782036842781,127.00156486509272,298.8642641685969,109.7657543783426,322.6998095169651,144.2373753518428,0.8745,False,0.0129912908677439,0.005176578329892234,0.0015764192596130382,0.13636363636363638,0.48717948717948717,346,0.08385726931883013,0.23154362416107382,True,1.0,train,sort
MVI_20032,219,8,310.64072184185727,128.2104186691984,298.6658826769884,111.0222108990844,322.61556100672624,145.39862643931238,0.8968,False,0.0276245330284996,0.011029831553325218,0.0017169577006154071,0.13636363636363638,0.48717948717948717,346,0.08394477144431134,0.23266219239373603,True,1.0,train,sort
MVI_20032,220,8,310.5943762968462,129.14594862471426,298.57710356959353,111.85980233496412,322.6116490240988,146.43209491446444,0.8953,False,0.0212600246811852,0.00848404719533845,0.0018146887880196613,0.13636363636363638,0.48717948717948717,346,0.08453922830850585,0.23378076062639822,True,1.0,train,sort
MVI_20032,221,8,310.5071152583976,129.98199035727148,298.45799455952454,112.68051728869229,322.55623595727053,147.2834634258507,0.8843,False,0.0190789539705707,0.007611625415722381,0.0017547008213930318,0.13636363636363638,0.48717948717948717,346,0.08520757595247805,0.23489932885906042,True,1.0,train,sort
MVI_20032,222,8,310.34947299797875,130.64355273178467,298.2487726401453,113.06319180652734,322.4501733558122,148.223913657042,0.862,False,0.0154360835840693,0.00615448812529182,0.001786483827406052,0.13636363636363638,0.48717948717948717,346,0.08566593141980312,0.2360178970917226,True,1.0,train,sort
MVI_20032,223,8,310.21907760162526,131.30334068337336,298.0509962819758,113.57992828676132,322.38715892127465,149.0267530799854,0.8502,False,0.015265048619285,0.006086074649457435,0.0018296449205597017,0.13636363636363638,0.48717948717948717,346,0.08632313845372191,0.23713646532438482,True,1.0,train,sort
MVI_20032,224,8,310.1274766444748,132.1127137268527,297.92947717819794,114.41581235981944,322.3254761107517,149.80961509388598,0.8417,False,0.0184878427941416,0.007375182708027729,0.0016562097610516636,0.13636363636363638,0.48717948717948717,346,0.0871890781820387,0.238255033557047,True,1.0,train,sort
MVI_20032,225,8,309.7288731897,132.76608345621952,297.2361299635488,114.7850279355492,322.2216164158512,150.7471389768898,0.8422,False,0.0173716016058543,0.006928689561690417,0.0015823986479454378,0.13636363636363638,0.48717948717948717,346,0.08721000221596495,0.2393736017897092,True,1.0,train,sort
MVI_20032,226,8,309.7478904748517,133.9621990523524,297.31227205888905,116.09361531804754,322.18350889081444,151.83078278665724,0.8393,False,0.0271520012887733,0.010840820266670988,0.0017356434459449616,0.13636363636363638,0.48717948717948717,346,0.08785383751902574,0.2404921700223714,True,1.0,train,sort
MVI_20032,227,8,309.76889763873635,134.98905987898567,297.3349273238182,116.96821489260098,322.20286795365445,153.00990486537034,0.878,False,0.0233118239559362,0.00930476078613668,0.0018851429093832786,0.13636363636363638,0.48717948717948717,346,0.08857294348385349,0.2416107382550336,True,1.0,train,sort
MVI_20032,228,8,309.38283320793096,135.9910531001019,296.6182359180041,117.63744414740046,322.1474304978578,154.3446620528034,0.852,False,0.0243722302007418,0.00972892012159842,0.0020580179275500317,0.13636363636363638,0.48717948717948717,346,0.08845307342470207,0.24272930648769575,True,1.0,train,sort
MVI_20032,229,8,309.1928562945312,136.84481427708664,296.2219515111948,118.1630836259315,322.16376107786766,155.5265449282418,0.8497,False,0.0198520037246384,0.00792084301187521,0.0020839128044153597,0.13636363636363638,0.48717948717948717,346,0.0888910905408993,0.243847874720358,True,1.0,train,sort
MVI_20032,230,8,309.0781309506564,137.3832541595021,295.99412744380606,118.25571247500704,322.1621344575067,156.51079584399713,0.8537,False,0.0124954535810244,0.004978244893945134,0.0019913524254620515,0.13636363636363638,0.48717948717948717,346,0.08936949607922631,0.24496644295302014,True,1.0,train,sort
MVI_20032,231,8,309.0161544823685,138.11900938548143,295.9480615272602,118.87058494560192,322.08424743747673,157.36743382536096,0.8427,False,0.0167587840563691,0.006683564369508442,0.0017940655259100296,0.13636363636363638,0.48717948717948717,346,0.09035377805222604,0.24608501118568238,True,1.0,train,sort
MVI_20032,232,8,309.0446029634468,139.04336079622863,296.0882648622994,119.91973469028991,322.00094106459414,158.16698690216734,0.8488,False,0.0209901963822451,0.008376116680474142,0.0017499957546653806,0.13636363636363638,0.48717948717948717,346,0.09169537141801043,0.24720357941834453,True,1.0,train,sort
MVI_20032,233,8,308.8663813007099,139.8758765103832,295.7890774776057,120.57162995797538,321.9436851238141,159.18012306279098,0.8456,False,0.019323976205524,0.007709633578971372,0.001654168412986963,0.13636363636363638,0.48717948717948717,346,0.09274963596679257,0.24832214765100674,True,1.0,train,sort
MVI_20032,234,8,308.5386808963726,140.9609678048313,295.19857023541414,121.67274448128389,321.87879155733106,160.24919112837875,0.8394,False,0.0257272505242224,0.010270924209899536,0.0017656939588572976,0.13636363636363638,0.48717948717948717,346,0.09334430159484179,0.24944071588366892,True,1.0,train,sort
MVI_20032,235,8,308.2409204903239,142.11599074809357,294.73976211169344,122.76751843677096,321.7420788689544,161.4644630594162,0.8513,False,0.0270730051340059,0.010809222040355079,0.00204240903991812,0.13636363636363638,0.48717948717948717,346,0.09404018265070285,0.25055928411633116,True,1.0,train,sort
MVI_20032,236,8,308.0529424702837,142.7021386139309,294.4494239621831,123.04241374517026,321.6564609783843,162.36186348269155,0.8466,False,0.0139713704607187,0.0055686072441806745,0.0019894975906759684,0.13636363636363638,0.48717948717948717,346,0.09525250577530602,0.2516778523489933,True,1.0,train,sort
MVI_20032,237,8,307.8060658882489,143.02935472973857,294.0406268505142,122.95375541500204,321.5715049259837,163.1049540444751,0.8496,False,0.0093036266301133,0.00370152363259917,0.001767659918929049,0.13636363636363638,0.48717948717948717,346,0.09622331611078856,0.25279642058165547,True,1.0,train,sort
MVI_20032,238,8,307.45462357946064,144.03392043229053,293.5348781326041,123.79972060144596,321.3743690263171,164.26812026313507,0.8446,False,0.0241559624809998,0.009642413678679065,0.0018593820074460045,0.13636363636363638,0.48717948717948717,346,0.09709311478983984,0.2539149888143177,True,1.0,train,sort
MVI_20032,239,8,307.1234527465197,145.12152933497418,293.0973540253172,124.72723320177386,321.14955146772223,165.51582546817448,0.8562,False,0.0258047930890934,0.010301941004591959,0.001860853941676247,0.13636363636363638,0.48717948717948717,346,0.09784442582851177,0.2550335570469799,True,1.0,train,sort
MVI_20032,240,8,306.90230707553565,146.06529299791694,292.84954892544334,125.3192925066373,320.9550652256279,166.81129348919657,0.8612,False,0.0220010909467434,0.008780471491472144,0.0017645774757442947,0.13636363636363638,0.48717948717948717,346,0.09904071217413658,0.2561521252796421,True,1.0,train,sort
MVI_20032,241,8,306.7351675885907,147.28950035673776,292.6674019597992,126.53454858284694,320.8029332173822,168.04445213062857,0.8616,False,0.0280439495542621,0.011197596912799958,0.0020317070311056157,0.13636363636363638,0.48717948717948717,346,0.10044209117184248,0.25727069351230425,True,1.0,train,sort
MVI_20032,242,8,306.5696717619527,148.0215280613995,292.4642254807675,126.98020711392576,320.6751180431379,169.06284900887317,0.8671,False,0.0170343564206626,0.0067937924933835344,0.0021784538639243027,0.13636363636363638,0.48717948717948717,346,0.10136329394005836,0.25838926174496646,True,1.0,train,sort
MVI_20032,243,8,306.4155377083604,149.40023075318516,292.25276018378906,128.48479053692307,320.5783152329317,170.31567096944724,0.8714,False,0.031487748911059,0.012575106385040303,0.0023176278444752073,0.13636363636363638,0.48717948717948717,346,0.10233966278716325,0.2595078299776286,True,1.0,train,sort
MVI_20032,244,8,306.15781596779993,151.11777062675588,291.87467190996483,130.4821608643527,320.440960025635,171.75338038915905,0.863,False,0.0394199130155356,0.015747948370655962,0.0025760737844813465,0.13636363636363638,0.48717948717948717,346,0.10326793281498695,0.2606263982102909,True,1.0,train,sort
MVI_20032,245,8,306.0957639800428,152.7164726886071,291.8773699934943,132.13474550336764,320.31415796659115,173.29819987384656,0.8738,False,0.0363135104517975,0.014505396609417177,0.002847756056303429,0.13636363636363638,0.48717948717948717,346,0.10486929389843752,0.26174496644295303,True,1.0,train,sort
MVI_20032,246,8,306.0338843879164,154.19449570742893,291.7632322747283,133.26813523373949,320.3045365011045,175.12085618111837,0.8754,False,0.033576489548373,0.013410596410693105,0.0029527762476146036,0.13636363636363638,0.48717948717948717,346,0.10656025408957565,0.26286353467561524,True,1.0,train,sort
MVI_20032,247,8,305.8407507394111,155.85470827873513,291.40818813127663,134.81015686571374,320.2733133475455,176.89925969175655,0.8831,False,0.0379364261680668,0.015154558055886619,0.0033495450673625923,0.13636363636363638,0.48717948717948717,346,0.1080403429079016,0.2639821029082774,True,1.0,train,sort
MVI_20032,248,8,305.66247662029014,156.90405961356527,291.0921884016281,135.46800524048183,320.23276483895216,178.3401139866487,0.881,False,0.0241586914841489,0.009643505271799961,0.003210422889497815,0.13636363636363638,0.48717948717948717,346,0.10960775805372182,0.26510067114093966,True,1.0,train,sort
MVI_20032,249,8,305.3269167120058,157.84715014566072,290.4321333485783,136.01823713772382,320.2217000754333,179.67606315359762,0.8747,False,0.0227201946102041,0.009068110812266168,0.0028934242553013156,0.13636363636363638,0.48717948717948717,346,0.11071268038390306,0.2662192393736018,True,1.0,train,sort
MVI_20032,250,8,305.124012312815,159.86636625987555,290.09263503359466,138.25913751177634,320.1553895920353,181.47359500797475,0.875,False,0.046061521207447,0.01840457184008379,0.003078463668581912,0.13636363636363638,0.48717948717948717,346,0.11256156099361099,0.267337807606264,True,1.0,train,sort
MVI_20032,251,8,304.90725879508454,161.87171418836317,289.69923771761177,140.37690407436895,320.1152798725574,183.36652430235736,0.8661,False,0.0457810510284835,0.018292384604947476,0.003310134001353936,0.13636363636363638,0.48717948717948717,346,0.11392731595252728,0.2684563758389262,True,1.0,train,sort
MVI_20032,252,8,304.68681634910297,163.08890753286744,289.23986071612484,141.22335007826564,320.1337719820811,184.95446498746924,0.8764,False,0.0280764019435718,0.011210577771740761,0.0031229683176911835,0.13636363636363638,0.48717948717948717,346,0.11540864238421338,0.2695749440715884,True,1.0,train,sort
MVI_20032,253,8,304.5212867364305,163.8056612744512,288.9908542034751,141.45522712582917,320.051719269386,186.1560954230732,0.8765,False,0.0166965603995509,0.006658675092351433,0.002981320099164481,0.13636363636363638,0.48717948717948717,346,0.11698726184639104,0.2706935123042506,True,1.0,train,sort
MVI_20032,254,8,304.347415174028,164.67569188774436,288.6520884831787,141.87336523186107,320.0427418648772,187.47801854362768,0.8785,False,0.0201378035203791,0.008035162077827781,0.002932300443349541,0.13636363636363638,0.48717948717948717,346,0.119279551974367,0.2718120805369128,True,1.0,train,sort
MVI_20032,255,8,304.08771516695924,165.9091694570499,288.14203115784306,143.0305321034145,320.0333991760755,188.7878068106853,0.8787,False,0.0286103779336195,0.011424166575277716,0.0026010380562421845,0.13636363636363638,0.48717948717948717,346,0.12172740467009173,0.27293064876957496,True,1.0,train,sort
MVI_20032,256,8,303.9636029522254,167.04346673395136,287.893720531506,143.92056983226945,320.0334853729449,190.16636363563327,0.885,False,0.0258991192992611,0.010339671207348983,0.0022236337760993866,0.13636363636363638,0.48717948717948717,346,0.12387741506802714,0.27404921700223717,True,1.0,train,sort
MVI_20032,257,8,303.96609131154025,168.63500449234965,287.88210410041773,145.61670398461095,320.0500785226628,191.65330500008835,0.8886,False,0.0361236216686502,0.014429441662465571,0.002376388307643738,0.13636363636363638,0.48717948717948717,346,0.12674055276933516,0.2751677852348994,True,1.0,train,sort
MVI_20032,258,8,303.85187453994524,169.96736422846942,287.7116601746214,146.8541512725317,319.9920889052691,193.0805771844072,0.8891,False,0.0303518554775137,0.012120752399208918,0.0026355968633929435,0.13636363636363638,0.48717948717948717,346,0.12881022681875232,0.2762863534675616,True,1.0,train,sort
MVI_20032,259,8,303.69657475822555,171.21585497250072,287.4998236807605,147.87037045888468,319.89332583569063,194.5613394861168,0.9003,False,0.0285557320759159,0.011402308395167166,0.0027953882916134905,0.13636363636363638,0.48717948717948717,346,0.13095556034163486,0.27740492170022374,True,1.0,train,sort
MVI_20032,260,8,303.5550138312259,173.37579681400635,287.278493608627,150.21280884117118,319.8315340538247,196.53878478684152,0.903,False,0.0491299814454655,0.019631946784190498,0.0031848970323975403,0.13636363636363638,0.48717948717948717,346,0.1332155590504822,0.27852348993288595,True,1.0,train,sort
MVI_20032,261,8,303.3053076143753,175.16734975583793,286.87705500938534,151.94710217554072,319.73356021936536,198.3875973361352,0.8971,False,0.0410564561620376,0.016402560748577204,0.003472617757198651,0.13636363636363638,0.48717948717948717,346,0.13514894151757956,0.2796420581655481,True,1.0,train,sort
MVI_20032,262,8,303.0417403026552,176.6135537481851,286.38771888195475,153.06246046118764,319.6957617233557,200.16464703518253,0.8991,False,0.0333655701197465,0.013326229268269723,0.003420263666379556,0.13636363636363638,0.48717948717948717,346,0.13738628817057102,0.2807606263982103,True,1.0,train,sort
MVI_20032,263,8,302.9318582292014,178.06551504971213,286.1854424771837,154.16411069643743,319.6782739812191,201.96691940298683,0.8957,False,0.0330498087596542,0.013199925665931178,0.003471476955418698,0.13636363636363638,0.48717948717948717,346,0.14005937574036664,0.2818791946308725,True,1.0,train,sort
MVI_20032,264,8,302.8373586746105,180.06814581883205,286.0988721987188,156.37096439860426,319.57584515050223,203.76532723905984,0.9114,False,0.0455048484392215,0.01818190439296451,0.0037932097300438145,0.13636363636363638,0.48717948717948717,346,0.1429731128054169,0.2829977628635347,True,1.0,train,sort
MVI_20032,265,8,302.6364354433589,181.84966244771863,285.801127013033,157.8666457724688,319.4717438736847,205.83267912296853,0.9201,False,0.0406919348519227,0.016256753311646943,0.003633036415709033,0.13636363636363638,0.48717948717948717,346,0.14580073609323263,0.2841163310961969,True,1.0,train,sort
MVI_20032,266,8,302.4770528259637,184.0925336145672,285.5012540105095,160.1221569723627,319.4528516414179,208.0629102567717,0.9231,False,0.0510354471462934,0.020394127381831585,0.003822460359028842,0.13636363636363638,0.48717948717948717,346,0.14925772150885552,0.2852348993288591,True,1.0,train,sort
MVI_20032,267,8,302.21661848292723,185.9733220135257,285.050450842287,161.8287787285074,319.3827861235675,210.117865298544,0.9278,False,0.0430960979779189,0.01721841139208488,0.004007167907155335,0.13636363636363638,0.48717948717948717,346,0.15242251709984345,0.2863534675615213,True,1.0,train,sort
MVI_20032,268,8,302.01060817426253,187.21249576925416,284.71237929354925,162.59376006380262,319.3088370549757,211.8312314747057,0.9275,False,0.0285119016946818,0.011384776373389327,0.003921028110855078,0.13636363636363638,0.48717948717948717,346,0.1556242509007787,0.28747203579418346,True,1.0,train,sort
MVI_20032,269,8,301.8282059546196,188.18383925662667,284.40437893271064,162.95592355086671,319.25203297652854,213.41175496238665,0.9292,False,0.0224322020013689,0.008952914627615412,0.003483056809149596,0.13636363636363638,0.48717948717948717,346,0.15900668923032568,0.28859060402684567,True,1.0,train,sort
MVI_20032,270,8,301.47415439871907,189.46713173588225,283.84015460021845,163.74218630067304,319.1081541972197,215.19207717109143,0.9247,False,0.030215459624915,0.012066194464944209,0.003284189483512857,0.13636363636363638,0.48717948717948717,346,0.16262235724219576,0.2897091722595078,True,1.0,train,sort
MVI_20032,271,8,301.12862629921426,191.4162573436816,283.3292000714245,165.53408549414732,318.928052527004,217.29842919321567,0.9323,False,0.0449296092780386,0.017951810444033052,0.0031682867947439197,0.13636363636363638,0.48717948717948717,346,0.1663812528890426,0.2908277404921701,True,1.0,train,sort
MVI_20032,272,8,300.86456354695724,193.2788696191772,282.92403083880083,167.25076001734865,318.8050962551137,219.30697922100563,0.9352,False,0.0426989680930816,0.017059560622514517,0.0031607483663682735,0.13636363636363638,0.48717948717948717,346,0.16993284350768734,0.29194630872483224,True,1.0,train,sort
MVI_20032,273,8,300.6592661109818,194.4943875772051,282.6312380415208,167.9971178096256,318.6872941804427,220.99165734478456,0.9394,False,0.0279796882972919,0.011171892601658885,0.003150645745714514,0.13636363636363638,0.48717948717948717,346,0.1729481411156381,0.29306487695749445,True,1.0,train,sort
MVI_20032,274,8,300.37486207161373,195.91461396871023,282.11995166139394,168.88447595638564,318.62977248183347,222.9447519810348,0.936,False,0.0328752577055404,0.01313010576485107,0.0033488786928044163,0.13636363636363638,0.48717948717948717,346,0.1760913665669966,0.2941834451901566,True,1.0,train,sort
MVI_20032,275,8,299.8632579303051,198.7744745283429,281.35607576151085,172.01427791675366,318.37044009909937,225.5346711399322,0.9286,False,0.0659415202483331,0.026356512168111603,0.004027040572422055,0.13636363636363638,0.48717948717948717,346,0.17747120574595204,0.2953020134228188,True,1.0,train,sort
MVI_20032,276,8,299.38019374558814,201.47260955481943,280.7583052444331,174.62230722792478,318.0020822467432,228.32291188171405,0.9082,False,0.062214082357543,0.024865548128172116,0.004355139180196173,0.13636363636363638,0.48717948717948717,346,0.17736599001824305,0.296420581655481,True,1.0,train,sort
MVI_20032,277,8,299.034004972928,203.68082273323768,280.28329382189145,176.7272197219197,317.7847161239644,230.6344257445556,0.9152,False,0.0507326195576231,0.020272997249489336,0.004507636155298301,0.13636363636363638,0.48717948717948717,346,0.17704389707948515,0.29753914988814323,True,1.0,train,sort
MVI_20032,278,8,298.60190349882106,205.6940440326564,279.6724686574197,178.33802939718694,317.5313383402224,233.0500586681259,0.9101,False,0.0467353008668875,0.018674081694439917,0.004863660336291819,0.13636363636363638,0.48717948717948717,346,0.17665846737862456,0.2986577181208054,True,1.0,train,sort
MVI_20032,279,8,297.96294169261506,207.77043223533104,278.50764689129386,179.81900961159943,317.41823649393626,235.7218548590626,0.9075,False,0.0493093379933558,0.01970368886844973,0.005175616554897869,0.13636363636363638,0.48717948717948717,346,0.17569984275237566,0.2997762863534676,True,1.0,train,sort
MVI_20032,280,8,297.2331580189235,209.39270868046967,277.2121320272019,180.7153148096904,317.25418401064513,238.0701025512491,0.906,False,0.0403754242834055,0.016130150028172793,0.004690313910511285,0.13636363636363638,0.48717948717948717,346,0.17438982798655495,0.3008948545861298,True,1.0,train,sort
MVI_20032,281,8,296.7785233080524,212.03020851743287,276.85522436951084,183.4344913026576,316.7018222465939,240.6259257322084,0.9042,False,0.0607469192275173,0.024278687251697614,0.004662463817649053,0.13636363636363638,0.48717948717948717,346,0.17394044504319212,0.302013422818792,True,1.0,train,sort
MVI_20032,282,8,296.30430052136444,214.435924435407,276.27451749161867,185.4804887913339,316.3340835511102,243.3913600794801,0.9176,False,0.0556539718068398,0.02224152347217634,0.004755882275585655,0.13636363636363638,0.48717948717948717,346,0.1733762186237125,0.30313199105145416,True,1.0,train,sort
MVI_20032,283,8,295.76768601058427,215.9063056231836,275.5105839437728,186.28237806033053,316.0247880773958,245.5302331860366,0.9165,False,0.0355266878596022,0.014190669919088227,0.004543117309835563,0.09090909090909091,0.358974358974359,346,0.1729641172957933,0.3042505592841164,True,1.0,train,sort
MVI_20032,284,8,295.4777506885428,217.3645582867969,275.16060861636504,187.1151523886029,315.79489276072053,247.6139641849909,0.9027,False,0.0337462319908696,0.013478492881467134,0.004247694163953749,0.09090909090909091,0.358974358974359,346,0.17333740695744215,0.3053691275167785,True,1.0,train,sort
MVI_20032,285,8,295.0612988987722,219.8903888225211,274.56951983554484,189.2940849550368,315.55307796199946,250.48669269000536,0.8915,False,0.0581034930306734,0.02322132465647731,0.004584213226336945,0.09090909090909091,0.358974358974359,346,0.17373315322926175,0.3064876957494408,True,1.0,train,sort
MVI_20032,286,8,294.4965494149297,222.3024113938557,273.71680206055896,191.46856205828504,315.2762967693004,253.1362607294264,0.9088,False,0.0562269609929188,0.022470717437776375,0.004498414139656808,0.09090909090909091,0.358974358974359,346,0.17420637392273958,0.30760626398210295,True,1.0,train,sort
MVI_20032,287,8,293.9502321203384,224.5317970139937,272.8762111549158,193.33256369023297,315.024253085761,255.7310303377544,0.9185,False,0.0520981572852981,0.020819208268102043,0.004430916693327116,0.09090909090909091,0.358974358974359,346,0.17496756555912218,0.3087248322147651,True,1.0,train,sort
MVI_20032,288,8,293.53805040638565,227.0911497164219,272.2957018597426,195.3973520162254,314.7803989530287,258.7849474166184,0.9156,False,0.0588388615869027,0.023515469885871793,0.004873434767724499,0.13636363636363638,0.48717948717948717,346,0.17623415016579286,0.3098434004474273,True,1.0,train,sort
MVI_20032,289,8,293.0082904527953,230.0342554074945,271.52700462154024,198.10551548636164,314.4895762840503,261.96299532862736,0.8884,False,0.067874038148871,0.027129513564958668,0.0055212581428034134,0.13636363636363638,0.48717948717948717,346,0.17745272552707753,0.3109619686800895,True,1.0,train,sort
MVI_20032,290,8,292.38597759694056,232.8807668198201,270.5107305762016,200.45516802766105,314.26122461767955,265.3063656119792,0.9038,False,0.0661340483187555,0.02643352282210211,0.005673696345434949,0.09090909090909091,0.358974358974359,346,0.17828721396940528,0.3120805369127517,True,1.0,train,sort
MVI_20032,291,8,291.8287685200113,236.96421154504856,269.6755022240709,204.57297808036125,313.9820348159517,269.3554450097359,0.9037,False,0.0935419930574416,0.037396618978579696,0.006382020516678213,0.04545454545454544,0.23076923076923078,346,0.17998743759880415,0.3131991051454139,True,1.0,train,sort
MVI_20032,292,8,291.0575319344712,240.82641159814125,268.70746690751093,208.29376934492703,313.4075969614315,273.35905385135544,0.9086,False,0.0893921202496221,0.03573668223166048,0.007089944748483899,0.04545454545454544,0.23076923076923078,346,0.18149232864005754,0.3143176733780761,True,1.0,train,sort
MVI_20032,293,8,290.13401109326946,243.92957706337225,267.2195519137272,210.7739490710296,313.0484702728117,277.0852050557148,0.893,False,0.073486370054555,0.02937442958951684,0.0073679877708827165,0.04545454545454544,0.23076923076923078,346,0.18263054439778037,0.31543624161073824,True,1.0,train,sort
MVI_20032,294,8,289.37680293085384,247.4363318609124,266.13652373916585,213.8312925760138,312.6170821225418,281.041371145811,0.9068,False,0.081428189839956,0.032551133818706016,0.007625276395126486,0.04545454545454544,0.23076923076923078,346,0.1850246435749458,0.3165548098434005,True,1.0,train,sort
MVI_20032,295,8,288.71008678947305,250.8905865645893,265.1501391909863,216.66867298174475,312.2700343879598,285.1125001474339,0.915,False,0.0798492295880119,0.03191955442687784,0.007885621726980924,0.04545454545454544,0.23076923076923078,346,0.18758144905661372,0.31767337807606266,True,1.0,train,sort
MVI_20032,296,8,288.1415956539868,253.6684258645137,264.32526829425615,218.77400425212733,311.9579230137175,288.56284747690006,0.9145,False,0.0643561875612325,0.025722383821225416,0.0073316087636683645,0.04545454545454544,0.23076923076923078,346,0.1907169504659993,0.31879194630872487,True,1.0,train,sort
MVI_20032,297,8,287.5270206800124,256.3890598677337,263.57509488684843,220.4637048134136,311.4789464731763,292.3144149220539,0.9172,False,0.0633069070102665,0.025302674730119254,0.0068364520928253245,0.04545454545454544,0.23076923076923078,346,0.19416436477445237,0.319910514541387,True,1.0,train,sort
MVI_20032,298,8,286.94355294945615,258.8134781024792,262.97074545688764,221.7878659279393,310.9163604420246,295.8390902770192,0.9109,False,0.0565988348669077,0.02261946587832861,0.0065158882689634505,0.04545454545454544,0.23076923076923078,346,0.19736207969806485,0.32102908277404923,True,1.0,train,sort
MVI_20032,299,8,286.1540357831417,261.696437627696,261.9838870766017,224.31410423405936,310.32418448968167,299.0787710213326,0.9142,False,0.0678447200886277,0.027117786428296913,0.00625804312126049,0.04545454545454544,0.23076923076923078,346,0.20132724737779611,0.32214765100671144,True,1.0,train,sort
MVI_20032,300,8,285.06384197124936,265.0211503546516,260.5187153410216,227.08882077788147,309.6089686014772,302.95347993142167,0.9112,False,0.0794153042291142,0.031745985577418825,0.006249806231106109,0.04545454545454544,0.23076923076923078,346,0.20519812732740084,0.32326621923937365,True,1.0,train,sort
MVI_20032,301,8,284.0915509922771,269.023901679268,259.5261095566341,230.9033705959833,308.65699242792016,307.14443276255275,0.9377,False,0.0934934199476012,0.03737718987950365,0.0068028971663278755,0.04545454545454544,0.23076923076923078,346,0.2094094797947742,0.3243847874720358,True,1.0,train,sort
MVI_20032,302,8,282.8398993836974,273.69212154064246,257.86527621998493,235.67128068205216,307.81452254740987,311.7129623992328,0.9138,False,0.1096983461072115,0.04385911201522899,0.0076835121848090665,0.04545454545454544,0.23076923076923078,346,0.2136939350927189,0.325503355704698,True,1.0,train,sort
MVI_20032,303,8,281.5612151409325,277.51056540002344,256.09563683411034,238.66678548851635,307.02679344775464,316.3543453115305,0.9396,False,0.0913986136187673,0.03653927359533265,0.00834409112793412,0.04545454545454544,0.23076923076923078,346,0.21751979711333647,0.3266219239373602,True,1.0,train,sort
MVI_20032,304,8,280.45242574540435,281.578272267455,254.5416999223289,242.17998751832727,306.36315156847974,320.9765570165828,0.9472,False,0.095694414759745,0.03825758124031156,0.008872741669174098,0.04545454545454544,0.23076923076923078,346,0.22276230484245435,0.32774049217002243,True,1.0,train,sort
MVI_20032,305,8,279.5025107624058,286.543393805372,253.25451841113005,247.14168326890663,305.7505031136816,325.9451043418373,0.9236,False,0.1147386667677029,0.045875225247625176,0.009543259423316922,0.04545454545454544,0.23076923076923078,346,0.2294012307667096,0.3288590604026846,True,1.0,train,sort
MVI_20032,306,8,278.6632442724053,291.31246423366065,252.1677023931393,251.2646386439362,305.1587861516713,331.3602898233852,0.9412,False,0.1099082831808499,0.04394308621858686,0.009854850858523454,0.04545454545454544,0.23076923076923078,346,0.23496694375653265,0.3299776286353468,True,1.0,train,sort
MVI_20032,307,8,277.6451627085938,296.1223205573332,250.6479790800108,255.481860379894,304.64234633717683,336.7627807347724,0.9273,False,0.1115894109281798,0.04461553230387416,0.009890747569526237,0.04545454545454544,0.23076923076923078,346,0.24107412271643686,0.33109619686800895,True,1.0,train,sort
MVI_20032,308,8,276.6828308247942,300.7030957824457,249.2713591496237,258.9869778198908,304.09430249996467,342.4192137450006,0.9199,False,0.1062406885758655,0.04247605931449839,0.01017248390638208,0.04545454545454544,0.23076923076923078,346,0.24704765124157785,0.3322147651006712,True,1.0,train,sort
MVI_20032,309,8,275.2604645637241,305.68136464964107,247.16652126675376,263.4404085891027,303.3544078606945,347.9223207101794,0.9079,False,0.1175146839468336,0.04698562384033271,0.010586682239684442,0.04545454545454544,0.23076923076923078,346,0.2534853042445932,0.33333333333333337,True,1.0,train,sort
MVI_20032,310,8,273.8062076263557,310.8881181262988,245.15253935512388,267.9055140724543,302.45987589758744,353.8707221801433,0.8938,False,0.1227021422715358,0.04906059169960304,0.01073784711545662,0.04545454545454544,0.23076923076923078,346,0.2610199179326773,0.3344519015659956,True,1.0,train,sort
MVI_20032,311,8,272.35415011586133,314.9935662025507,243.07767681973,270.75857621109947,301.6306234119928,359.228556194002,0.9062,False,0.0988392254477568,0.03951549613671489,0.010527731226190338,0.04545454545454544,0.23076923076923078,346,0.2670829916134539,0.33557046979865773,True,1.0,train,sort
MVI_20032,312,8,271.3947261873778,320.62094632764234,241.8765495628624,275.8192843469509,300.9129028118932,365.4226083083338,0.9294,False,0.1295692677230314,0.05180742140030206,0.010869029798338536,0.04545454545454544,0.23076923076923078,346,0.27629322286438285,0.33668903803131994,False,0.98,train,sort
MVI_20032,313,8,270.08846503765585,325.92032406986823,239.9699205436908,280.73728673167284,300.2070095316209,371.1033614080637,0.9374,False,0.12388166613978,0.049532397729194454,0.011203895671997019,0.04545454545454544,0.23076923076923078,346,0.28418876900989387,0.33780760626398215,False,0.96,train,sort
MVI_20032,314,8,269.0113436118814,331.59680274035395,238.4096775523454,285.6944052065011,299.61300967141733,377.4992002742068,0.9477,False,0.1311396111197979,0.052435554075757305,0.011462527775846002,0.09090909090909091,0.358974358974359,346,0.2941388619053081,0.3389261744966443,False,0.9400000000000001,train,sort
MVI_20032,315,8,267.67440487737167,337.10923313610635,236.79919125909944,290.3815429396121,298.5496184956439,383.83692333260063,0.9138,False,0.1287443921611532,0.051477473635585684,0.011577223420167235,0.09090909090909091,0.358974358974359,346,0.3037661878250709,0.3400447427293065,False,0.92,train,sort
MVI_20032,316,8,266.18189279418255,343.08326910043445,234.79792393896165,295.726769298916,297.5658616494034,390.4397689019529,0.8406,False,0.1397619858190237,0.055884478240850466,0.012354030479446795,0.09090909090909091,0.358974358974359,346,0.31364014853948663,0.34116331096196867,False,0.9,train,sort
MVI_20032,317,8,264.29618489544026,349.1499931865728,232.14001817669487,300.92000780818034,296.45235161418566,397.3799785649652,0.7982,False,0.144196579103641,0.05765830232936399,0.012631690115200881,0.09090909090909091,0.358974358974359,346,0.32399067197184017,0.34228187919463093,False,0.88,train,sort
MVI_20032,318,8,263.5873162165193,355.62716978492944,231.5663895524969,306.9656408305446,295.6082428805417,404.2886987393143,0.7598,False,0.1478920872472013,0.05913649456563597,0.013087462512842355,0.04545454545454544,0.23076923076923078,346,0.33625352614108367,0.3434004474272931,False,0.86,train,sort
MVI_20032,319,8,262.3159210739095,362.0011704009612,229.7016142716157,311.67175082238754,294.9302278762033,412.3305899795348,0.7318,False,0.1475224167043794,0.0589886274509795,0.01339844542097098,0.04545454545454544,0.23076923076923078,346,0.3476810588272446,0.3445190156599553,False,0.84,train,sort
MVI_20032,320,8,259.58621909970253,368.8476118625461,225.1514713422829,317.1257680115381,294.0209668571221,420.569455713554,0.8269,False,0.1672914746703232,0.06689619167989111,0.014130156711609604,0.04545454545454544,0.23076923076923078,346,0.35956481708295823,0.34563758389261745,False,0.8200000000000001,train,sort
MVI_20032,321,8,257.27655777258747,376.1309713756602,222.4007088261859,322.91371431410124,292.152406718989,429.3482284372191,0.779,False,0.1734254284297288,0.06934975489029971,0.014769165410495144,0.04545454545454544,0.23076923076923078,346,0.3726198709968283,0.34675615212527966,False,0.8,train,sort
MVI_20032,322,8,255.4586142108248,383.92398175807193,220.36533969348204,329.41893972897145,290.5518887281675,438.4290237871724,0.8517,False,0.1816291987805938,0.07263123856445658,0.015479721662042641,0.04545454545454544,0.23076923076923078,346,0.38737311746654784,0.34787472035794187,False,0.78,train,sort
MVI_20032,323,8,253.8620480948388,390.8994484389484,218.9297754148916,334.85955257790584,288.79432077478594,446.93934429999086,0.8855,False,0.1624182800344224,0.06494692835890956,0.015755461836928105,0.04545454545454544,0.23076923076923078,346,0.40043446953432565,0.3489932885906041,False,0.76,train,sort
MVI_20032,324,8,252.1231197216684,400.1535320381462,216.9314370437002,343.3133921261647,287.3148023996366,456.9936719501276,0.8325,False,0.2137186444234086,0.08546692112089714,0.01701201678393808,0.04545454545454544,0.23076923076923078,346,0.417361089262636,0.35011185682326623,False,0.74,train,sort
MVI_20032,325,8,250.1039943927672,409.2455672313633,214.6927343530004,351.79509923393994,285.5152544325339,466.6960352287866,0.8412,False,0.2113919529817972,0.08453625148316847,0.01784914415655812,0.04545454545454544,0.23076923076923078,346,0.4330752256965901,0.35123042505592844,False,0.72,train,sort
MVI_20032,326,8,247.97878037204043,418.9576197241095,211.89986144397577,360.2377725960133,284.0576993001051,477.67746685220567,0.7808,False,0.2256530826820392,0.09024066083215079,0.018840543811535757,0.04545454545454544,0.23076923076923078,346,0.4504170181087161,0.35234899328859065,False,0.7000000000000001,train,sort
MVI_20032,327,8,245.66136111335044,426.59050082072304,208.33026409590823,365.6720428783525,282.9924581307926,487.5089587630936,0.7798,False,0.1810544593304482,0.07240134449844976,0.018829633949687022,0.04545454545454544,0.23076923076923078,346,0.46526601899539505,0.35346756152125286,False,0.68,train,sort
MVI_20032,328,8,242.77684475050097,436.44707831210496,204.02528097951216,374.24961614299656,281.5284085214898,498.64454048121337,0.8446,False,0.2331006798242645,0.09321967747799498,0.02017134664515125,0.04545454545454544,0.23076923076923078,346,0.4853114836931434,0.354586129753915,False,0.66,train,sort
MVI_20032,329,8,240.19820398215063,445.72802765515337,200.14522682296564,380.7914063727183,280.2511811413357,510.6646489375885,0.8162,False,0.2186319613708433,0.08743223324683508,0.02026461257478597,0.04545454545454544,0.23076923076923078,346,0.5041628379874334,0.3557046979865772,False,0.64,train,sort
MVI_20032,330,8,237.9462244437316,455.0714482252904,196.9348675322614,388.47450190617104,278.9575813552018,521.6683945444097,0.7977,False,0.2181430806110687,0.08723668240091939,0.020392764330751035,0.04545454545454544,0.23076923076923078,346,0.5240743791964173,0.3568232662192394,False,0.62,train,sort
MVI_20032,331,8,235.3442085153117,465.5137730495039,193.662303162618,397.1230831317828,277.0261138680055,533.904462967225,0.87,False,0.2442596770777732,0.09768324309980565,0.020745959807904286,0.04545454545454544,0.23076923076923078,346,0.546251928237424,0.35794183445190164,False,0.6,train,sort
MVI_20032,332,8,233.1805209838048,476.2735413511434,190.538076680146,405.2832586131811,275.8229652874635,547.2638240891057,0.5304,False,0.2491062966280545,0.0996218764657946,0.022037738444783368,0.04545454545454544,0.23076923076923078,346,0.5672140523405143,0.3590604026845638,False,0.58,train,sort
MVI_20032,333,8,229.7165628863125,488.66532913497656,184.93198283972777,416.1768780309962,274.50114293289715,561.1537802389569,0.8325,False,0.2920421228506109,0.11679607890685886,0.023156581079336866,0.04545454545454544,0.23076923076923078,346,0.5906705461786738,0.360178970917226,False,0.56,train,sort
MVI_20032,334,8,226.132167927084,501.29582762271946,179.68781731305282,426.2712319955986,272.57651854111515,576.3204232498402,0.7509,False,0.2979984085052033,0.11917857540520356,0.024663136742849652,0.04545454545454544,0.23076923076923078,346,0.6149522778671038,0.36129753914988816,False,0.54,train,sort
MVI_20032,335,8,222.95549716395288,515.2507058073958,175.87529620852578,437.9836582995504,270.03569811938,592.5177533152412,0.8785,False,0.3248407049940741,0.12991541394869363,0.026688500307700286,0.04545454545454544,0.23076923076923078,346,0.6430993495467845,0.36241610738255037,False,0.52,train,sort
MVI_20032,336,8,219.758399003041,527.7710293993938,171.69029558677212,448.5688941973015,267.8265024193099,606.9731646014861,0.8498,False,0.293295876726272,0.11729757671804014,0.02761931889622201,0.04545454545454544,0.23076923076923078,346,0.6694253172410557,0.3635346756152126,False,0.5,train,sort
MVI_20032,337,8,216.7733032729308,538.4928076954789,167.96705250564588,458.2905085722051,265.5795540402157,618.6951068187526,0.8692,False,0.2526109601815459,0.10102373143519679,0.02768584538084946,0.04545454545454544,0.23076923076923078,346,0.692429732807284,0.36465324384787473,False,0.48,train,sort
MVI_20032,338,8,212.16518140562567,548.2110300989152,160.45776636286595,469.1984164504312,263.8725964483854,627.2236437473991,0.782,False,0.2441183260695415,0.09762670311806552,0.02677614272860237,0.04545454545454544,0.23076923076923078,346,0.7125159379192513,0.36577181208053694,False,0.46,train,sort
MVI_20032,339,8,208.4244189141368,557.9209632573704,155.45479851820178,482.8614636346924,261.39403931007183,632.9804628800484,0.914,False,0.2361783705953586,0.09445074460780363,0.02560265781659689,0.04545454545454544,0.23076923076923078,346,0.7322393797618426,0.3668903803131991,False,0.44,train,sort
MVI_20032,340,8,205.7187365621953,566.5285400900552,152.86149556720687,495.6520945403969,258.57597755718376,637.4049856397135,0.8179,False,0.2047932359576191,0.08189678435291924,0.023323883839716328,0.04545454545454544,0.23076923076923078,346,0.7502066328791769,0.36800894854586136,False,0.42,train,sort
MVI_20032,341,8,202.88875117734824,575.5256503198841,148.9503637273091,510.2523416999371,256.8271386273874,640.7989589398311,0.512,False,0.2140737454703424,0.0856089604806491,0.021820067619782463,0.04545454545454544,0.23076923076923078,346,0.768588741797261,0.3691275167785235,False,0.4,train,sort
MVI_20032,342,8,200.99606403769857,583.6629264157816,147.5213047854425,524.0763111601764,254.47082328995464,643.2495416713867,0.6694,False,0.1896242277573349,0.07582922631149547,0.020624436192572242,0.04545454545454544,0.23076923076923078,346,0.784538030909522,0.3702460850111857,False,0.38,train,sort
MVI_20032,343,8,198.39490778350708,591.9104811172291,145.49738862069503,538.8840809563587,251.29242694631915,644.9368812780995,0.6095,False,0.1962864263227383,0.07849408586891318,0.01971647795502976,0.04545454545454544,0.23076923076923078,346,0.801318636573652,0.3713646532438479,False,0.36,train,sort
MVI_20032,344,8,194.29715809547577,601.0860090041424,140.70839861839076,556.0242210215315,247.8859175725608,646.1477969867532,0.5071,False,0.2280843569511977,0.0912131632889998,0.019562835168481472,0.04545454545454544,0.23076923076923078,346,0.8194161144141784,0.3724832214765101,False,0.34,train,sort
MVI_20032,345,8,189.96889792174653,608.4489393401183,135.6069420335564,569.8672599328011,244.33085380993663,647.0306187474355,0.3459,False,0.1938546725220953,0.07752139160090049,0.019355196357756028,0.04545454545454544,0.23076923076923078,346,0.8336850794957726,0.3736017897091723,False,0.32,train,sort
MVI_20032,45,14,377.896681897229,63.80050816800236,370.92812160167335,56.09950215159149,384.8652421927847,71.50151418441322,0.5522,False,,,,,,15,,,True,,train,sort
MVI_20032,46,14,377.375347798195,63.480158118829934,370.0138129203614,55.78876446466101,384.7368826760286,71.17155177299885,0.4316,False,0.0138883130679003,0.005535384534756246,0.0012749244300308423,0.31818181818181823,1.0,15,0.06524031757696018,0.0011185682326621926,True,0.04,train,sort
MVI_20032,47,14,377.2296767618368,63.8011334996572,369.947428490801,56.310347039207386,384.51192503287257,71.29191996010701,0.4173,False,0.0080004367826483,0.0031802515801297097,0.0009955112244544244,0.31818181818181823,1.0,15,0.06418923629461477,0.002237136465324385,True,0.06,train,sort
MVI_20032,48,14,377.11946884039287,63.53418022245864,369.9379811009279,56.03461636172266,384.3009565798578,71.0337440831946,-1.0,True,0.2888076144357048,0.11550228518720428,0.00978630490535272,0.31818181818181823,1.0,15,0.06419566101636417,0.0033557046979865775,True,0.08,train,sort
MVI_20032,49,14,377.00926091894894,63.26722694526008,369.92853371105474,55.75888568423794,384.0899881268431,70.7755682062822,-1.0,True,0.2888076144357048,0.11550228518720428,0.014181701745801871,0.31818181818181823,1.0,15,0.06447074209721926,0.00447427293064877,True,0.1,train,sort
MVI_20032,50,14,376.899052997505,63.00027366806152,369.9190863211816,55.48315500675322,383.87901967382834,70.51739232936981,-1.0,True,0.2888076144357048,0.11550228518720428,0.01681893985007136,0.31818181818181823,1.0,15,0.06480377710414441,0.005592841163310963,True,0.12,train,sort
MVI_20032,51,14,376.7888450760611,62.73332039086296,369.9096389313085,55.2074243292685,383.6680512208136,70.25921645245741,0.2532,False,0.0262205887164019,0.010468258015483772,0.01705303448820979,0.31818181818181823,1.0,15,0.06444202595043956,0.006711409395973155,True,0.14,train,sort
MVI_20032,52,14,376.52742869995234,62.01143930050048,369.6853655636881,54.32968838298106,383.3694918362166,69.69319021801991,0.2845,False,0.0174259955884113,0.006950446992493484,0.017231953030154293,0.31818181818181823,1.0,15,0.06536038392713259,0.007829977628635349,True,0.16,train,sort
MVI_20032,53,14,376.1950650795313,60.99922118522594,369.1314355797143,53.13000478716182,383.25869457934834,68.86843758329006,0.4987,False,0.0241814039901596,0.009652590206468513,0.012208745737206634,0.2727272727272727,0.8717948717948718,15,0.0654045662153857,0.00894854586129754,True,0.18,train,sort
MVI_20032,54,14,376.195882980617,60.2797053417591,369.2552338657896,52.57415382389179,383.1365320954444,67.9852568596264,0.3802,False,0.0163310628361494,0.006512477157018002,0.007036521115739031,0.2727272727272727,0.8717948717948718,15,0.06397174105218593,0.010067114093959733,True,0.2,train,sort
MVI_20032,55,14,376.1958024397942,59.80798184509425,369.4067405857387,52.36069122916449,382.9848642938496,67.255272461024,0.4703,False,0.010706840259703,0.004262804899616557,0.0017575359590409987,0.2727272727272727,0.8717948717948718,15,0.06341089602949582,0.011185682326621926,True,0.22,train,sort
MVI_20032,56,14,375.9835759088912,59.37810006373096,369.23682397621695,52.14976675315094,382.73032784156544,66.60643337431098,0.4738,False,0.0108814093019793,0.004332631995908023,0.0014663634490593538,0.2727272727272727,0.8717948717948718,15,0.06257880608783667,0.012304250559284118,True,0.24,train,sort
MVI_20032,57,14,375.69531201362855,58.67232516443491,369.08415549517935,51.517069310495934,382.30646853207776,65.82758101837389,0.4523,False,0.0173038183171486,0.006901576448358965,0.0014640442465925776,0.2727272727272727,0.8717948717948718,15,0.062031819996303444,0.01342281879194631,True,0.26,train,sort
MVI_20032,58,14,375.550676682814,58.29574247686234,369.09614477611433,51.23903029574878,382.0052085895136,65.3524546579759,0.4275,False,0.0091561484113936,0.003642532784937105,0.0011788307249441193,0.2727272727272727,0.8717948717948718,15,0.06167624104009492,0.014541387024608502,True,0.28,train,sort
MVI_20032,59,14,375.2843405636354,58.23752972890578,368.9072654787525,51.31839754452542,381.6614156485184,65.15666191328616,0.4822,False,0.0061878151241641,0.002455208322536345,0.0009862888153757763,0.2727272727272727,0.8717948717948718,15,0.061182282983859845,0.015659955257270698,True,0.3,train,sort
MVI_20032,60,14,375.0058879611016,57.87248318083815,368.6752859343869,50.9934829377792,381.3364899878163,64.75148342389708,0.3689,False,0.0104208654770516,0.004148415839421545,0.0009808603636309735,0.2727272727272727,0.8717948717948718,15,0.06012589232975385,0.016778523489932886,True,0.32,train,sort
MVI_20032,61,14,374.7769751432881,57.28459004854255,368.5388684047234,50.278827819017366,381.0150818818528,64.29035227806773,0.3143,False,0.0143194367462996,0.005707832720371357,0.0010461219433610652,0.2727272727272727,0.8717948717948718,15,0.05890488513760041,0.01789709172259508,True,0.34,train,sort
MVI_20032,62,14,374.44382627058144,56.82398522848197,368.2488777177484,49.79077742283102,380.6387748234145,63.85719303413293,0.2502,False,0.0129024596346151,0.005141046101563031,0.0009625741459008028,0.2727272727272727,0.8717948717948718,15,0.058235744636173675,0.019015659955257273,True,0.36,train,sort
MVI_20032,314,36,609.5688708783744,574.425526316182,579.1247307380639,509.1900718620228,640.0130110186848,639.6609807703411,0.7809,False,,,,,,123,,,False,,train,sort
MVI_20032,315,36,606.8200850989099,564.8829680365899,573.8391241606462,491.8479273288811,639.8010460371737,637.9180087442987,0.7403,False,0.2253969482938853,0.09013820784076147,0.0213494990007007,0.09090909090909091,0.358974358974359,123,0.8352801908400194,0.0011185682326621926,False,0.0,train,sort
MVI_20032,316,36,602.7965762841152,557.8661787324381,565.7116813623963,477.2822234405979,639.8814712058341,638.4501340242783,0.8945,False,0.1835871188232397,0.07341440074238975,0.01936538488025662,0.09090909090909091,0.358974358974359,123,0.8161842827236647,0.002237136465324385,False,0.0,train,sort
MVI_20032,317,36,599.682321250431,549.6006683372517,559.434868860223,461.947461940078,639.9297736406388,637.2538747344254,0.8608,False,0.2004791060547621,0.08017114525785063,0.019238427396407853,0.09090909090909091,0.358974358974359,123,0.7984449438745419,0.0033557046979865775,False,0.0,train,sort
MVI_20032,318,36,596.6027917275836,537.3800875325472,553.2459914200226,445.19060914093,639.9595920351446,629.5695659241645,0.8572,False,0.2860452498044795,0.11439734757294275,0.02120524866043014,0.04545454545454544,0.23076923076923078,123,0.7749994415079277,0.00447427293064877,False,0.0,train,sort
MVI_20032,319,36,593.2416432126968,523.1311663047682,546.5049525704378,431.5634894854362,639.9783338549558,614.6988431241001,0.8242,False,0.3322877669422086,0.13289421651849764,0.023263129559857224,0.04545454545454544,0.23076923076923078,123,0.751596407209809,0.005592841163310963,False,0.0,train,sort
MVI_20032,320,36,590.2706294467537,508.7859012581687,540.5510326790355,418.9765507482808,639.9902262144718,598.5952517680565,0.9199,False,0.3325082147161474,0.1329823949706295,0.025296344991326686,0.04545454545454544,0.23076923076923078,123,0.7329971058726226,0.006711409395973155,False,0.0,train,sort
MVI_20032,321,36,588.3800221788099,492.6722752104612,536.7622681265289,405.93420604502415,639.997776231091,579.4103443758983,0.8848,False,0.3682442767928114,0.14727671322526784,0.028801557800919544,0.04545454545454544,0.23076923076923078,123,0.7163283777471621,0.007829977628635349,False,0.0,train,sort
MVI_20032,322,36,586.3820378062566,478.67711032439206,532.7615558757257,396.0006903800132,640.0025197367875,561.3535302687709,0.8727,False,0.3208728970792177,0.12832830261598563,0.031086905756745373,0.04545454545454544,0.23076923076923078,123,0.7022798884368836,0.00894854586129754,False,0.0,train,sort
MVI_20032,323,36,583.6872197249054,462.9042039682744,527.3690157336526,382.0778027850053,640.0054237161582,543.7306051515435,0.8646,False,0.3631895389776766,0.14525483317401072,0.032551279808475254,0.04545454545454544,0.23076923076923078,123,0.6885729206767348,0.010067114093959733,False,0.0,train,sort
MVI_20032,324,36,579.8320481989408,451.21323122935786,522.791048995451,374.5207887616035,636.8730474024305,527.9056736971122,0.8696,False,0.2794082054765321,0.11174254963548969,0.03154750547200634,0.04545454545454544,0.23076923076923078,123,0.6763083835840807,0.011185682326621926,False,0.0,train,sort
MVI_20032,325,36,575.375549911226,438.7754150282244,518.2149248335531,365.5216159046608,632.536174988899,512.029214151788,0.86,False,0.2998787815959828,0.11993071903365925,0.03092812462481816,0.04545454545454544,0.23076923076923078,123,0.6658575162878563,0.012304250559284118,False,0.0,train,sort
MVI_20032,326,36,570.445601394457,426.61272681638775,514.5744527172076,355.3482603322649,626.3167500717063,497.8771933005106,0.9203,False,0.2978756395116979,0.1191294681739366,0.02959236785533513,0.04545454545454544,0.23076923076923078,123,0.6574788361375575,0.01342281879194631,False,0.0,train,sort
MVI_20032,327,36,565.3433528623774,414.2136315270311,511.1535556251781,344.6113547134108,619.5331500995767,483.81590834065145,0.8819,False,0.3043217733171816,0.12170790247175862,0.029278189885405544,0.04545454545454544,0.23076923076923078,123,0.6520272015442192,0.014541387024608502,False,0.0,train,sort
MVI_20032,328,36,560.0102493727638,401.6373380666222,507.20893430074256,334.420163250273,612.8115644447852,468.8545128829714,0.8652,False,0.3100527735128212,0.12400028545839335,0.02826953323209328,0.04545454545454544,0.23076923076923078,123,0.6504059173382878,0.015659955257270698,False,0.0,train,sort
MVI_20032,329,36,554.4351761758219,390.8495850378336,502.7314377608427,326.2765515520383,606.138914590801,455.4226185236288,0.8352,False,0.2756173724503494,0.11022622773045712,0.02819757460006131,0.04545454545454544,0.23076923076923078,123,0.6501070155994209,0.016778523489932886,False,0.0,train,sort
MVI_20032,330,36,548.4757578112055,379.882155631026,498.4153733500291,318.2790059382541,598.536142272382,441.4853053237978,0.9191,False,0.283306399485879,0.11330181561360418,0.027882993098339203,0.04545454545454544,0.23076923076923078,123,0.6511612780948774,0.01789709172259508,False,0.0,train,sort
MVI_20032,331,36,543.4534544322547,369.0424763202165,495.3757679769103,310.30922588078744,591.5311408875992,427.7757267596455,0.8832,False,0.2711562014396069,0.10844177263075654,0.02737579739780292,0.04545454545454544,0.23076923076923078,123,0.6581022573293797,0.019015659955257273,False,0.0,train,sort
MVI_20032,332,36,538.7748997861473,359.4920183055824,492.5723730674658,302.5072376123136,584.9774265048288,416.4767989988512,0.8964,False,0.2413822572939521,0.09653228376763597,0.026181062245263894,0.04545454545454544,0.23076923076923078,123,0.6669717821556133,0.020134228187919465,False,0.0,train,sort
MVI_20032,333,36,534.3270232316205,351.7922179733,489.5767242357026,297.16496972174923,579.0773222275384,406.41946622485074,0.8986,False,0.2018278693651592,0.0807106465595787,0.024126707437107178,0.04545454545454544,0.23076923076923078,123,0.6810357204624589,0.021252796420581657,False,0.0,train,sort
MVI_20032,334,36,529.7739954373686,343.6839874101045,486.6196896477034,290.69982369431017,572.9283012270338,396.6681511258989,0.9476,False,0.211064521992037,0.08440528006376526,0.02290134752790997,0.04545454545454544,0.23076923076923078,123,0.6979150214338358,0.022371364653243853,False,0.0,train,sort
MVI_20032,335,36,525.7933654434971,335.04589283969983,484.1558545923963,283.6236195898825,567.4308762945979,386.4681660895173,0.9532,False,0.2158773725394406,0.08633040592931275,0.021621391247904916,0.04545454545454544,0.23076923076923078,123,0.7046886420288467,0.02348993288590604,False,0.0,train,sort
MVI_20032,336,36,521.8400838849132,326.9603656612769,481.9258254243268,277.6383070309171,561.7543423454995,376.2824242916368,0.9321,False,0.2042807933541759,0.08169180883980484,0.020351943912933858,0.04545454545454544,0.23076923076923078,123,0.6910778728128614,0.024608501118568236,False,0.0,train,sort
MVI_20032,337,36,518.0032539562524,317.5177705954684,479.1966943685237,268.6774886861178,556.809813543981,366.358052504819,0.9373,False,0.2313384697219799,0.09251479869253856,0.020161289983017385,0.04545454545454544,0.23076923076923078,123,0.6769394013645292,0.02572706935123043,False,0.0,train,sort
MVI_20032,338,36,514.1832730334536,310.61724343040044,476.4364115304239,263.5864569310847,551.9301345364833,357.64802992971624,0.9504,False,0.1790202939438586,0.07158768441032637,0.019728350332036338,0.04545454545454544,0.23076923076923078,123,0.6645582504291729,0.02684563758389262,False,0.0,train,sort
MVI_20032,339,36,510.3393579500633,303.8936651324293,473.7519902664651,258.86586806509166,546.9267256336615,348.9214621997669,0.9403,False,0.1757862739698786,0.07029408606558556,0.019058688954015773,0.04545454545454544,0.23076923076923078,123,0.6523138209295352,0.027964205816554812,False,0.0,train,sort
MVI_20032,340,36,507.5617495607714,297.3579828407263,472.2818830175036,254.0311865125542,542.8416161040392,340.68477916889844,0.9339,False,0.1611830518082223,0.06445284075226339,0.01802046635952183,0.04545454545454544,0.23076923076923078,123,0.6425781872056311,0.029082774049217004,False,0.0,train,sort
MVI_20032,341,36,503.8617769022552,291.10042725650607,469.2818271485346,248.9842822899776,538.4417266559758,333.2165722230346,0.9423,False,0.1649996995848673,0.06597948848049329,0.017274821865861382,0.04545454545454544,0.23076923076923078,123,0.6313217647157896,0.0302013422818792,False,0.0,train,sort
MVI_20032,342,36,500.4731406630475,285.81158103498893,466.6634707508489,245.5642110654745,534.2828105752461,326.0589510045034,0.9645,False,0.142568458974696,0.05700705913334547,0.015589765179186126,0.04545454545454544,0.23076923076923078,123,0.6212880981804737,0.031319910514541395,False,0.0,train,sort
MVI_20032,343,36,497.7117562808304,279.8414874494873,464.6909459358932,240.7972996503781,530.7325666257675,318.8856752485965,0.9463,False,0.1492978350724749,0.05969878950336915,0.015025565314343958,0.04545454545454544,0.23076923076923078,123,0.6124642636096941,0.03243847874720358,False,0.0,train,sort
MVI_20032,344,36,494.9045375029626,274.4868231276829,462.7774050390917,236.5530041851688,527.0316699668335,312.42064207019706,0.9343,False,0.137225483665913,0.054869884944242754,0.01429359381858555,0.04545454545454544,0.23076923076923078,123,0.6040847905992787,0.03355704697986577,False,0.0,train,sort
MVI_20032,345,36,492.25397048936816,269.41190301336934,460.98010910120985,232.7662293216542,523.5278318775264,306.0575767050845,0.9406,False,0.1299512316512614,0.05196020583245907,0.013700742843920819,0.04545454545454544,0.23076923076923078,123,0.5961226889350015,0.03467561521252797,False,0.0,train,sort
MVI_20032,346,36,489.4664690775476,264.16214219153954,458.5437647188522,228.4189266600789,520.389173436243,299.9053577230002,0.9642,False,0.1349107528341601,0.05394399951478728,0.013129586205654372,0.0,0.10256410256410259,123,0.5882214299319771,0.03579418344519016,False,0.0,train,sort
MVI_20032,347,36,487.04566757918144,259.412366026826,456.743506946967,224.67325949395493,517.347828211396,294.15147255969697,0.927,False,0.1210015233279069,0.0483803491939249,0.012720196719083551,0.0,0.10256410256410259,123,0.5814210340804826,0.03691275167785235,False,0.0,train,sort
MVI_20032,348,36,484.58424846784624,254.89498878861696,454.8426500736,221.18761588031933,514.3258468620926,288.6023616969146,0.9474,False,0.1167648333685294,0.04668568584529816,0.012102646359481639,0.0,0.10256410256410259,123,0.5743300056771355,0.03803131991051455,False,0.0,train,sort
MVI_20032,349,36,482.54778789530025,250.73220882100807,453.5730620548852,217.93616568058903,511.5225137357153,283.5282519614271,0.9332,False,0.1051839758219395,0.04205337736437334,0.01149442567110804,0.04545454545454544,0.23076923076923078,123,0.5686057495154027,0.039149888143176735,False,0.0,train,sort
MVI_20032,350,36,480.6907045374047,245.83667942967907,452.3893794528712,213.6683802256164,508.9920296219381,278.0049786337417,0.9672,False,0.1188413751633605,0.04751629637033854,0.011283535328690088,0.04545454545454544,0.23076923076923078,123,0.5630392932399515,0.04026845637583893,False,0.0,train,sort
MVI_20032,351,36,478.54466709743326,241.7967762754313,450.7311266097655,210.3796247733536,506.358207585101,273.21392777750907,0.9299,False,0.1038293107629138,0.04151151538079468,0.010693538872085335,0.04545454545454544,0.23076923076923078,123,0.5576021805361119,0.04138702460850112,False,0.0,train,sort
MVI_20032,352,36,476.4854617593999,237.80748524729995,448.9349420720816,207.0521636022871,504.03598144671815,268.5628068923128,0.9135,False,0.101897311614696,0.0407387214833286,0.010330897486554236,0.04545454545454544,0.23076923076923078,123,0.5523978259632554,0.042505592841163314,False,0.0,train,sort
MVI_20032,353,36,474.3711738305923,233.7229879187296,447.30620434815,203.285532426,501.4361433130346,264.16044341145914,0.9174,False,0.104391034014953,0.041736203006377294,0.010096014634059371,0.04545454545454544,0.23076923076923078,123,0.5472020789437837,0.04362416107382551,False,0.0,train,sort
MVI_20032,354,36,472.6333862095543,229.72074451410663,446.0720575352571,199.8953718456366,499.1947148838515,259.5461171825767,0.9444,False,0.099033664740934,0.03959327127410744,0.009979267742570477,0.04545454545454544,0.23076923076923078,123,0.5428649540729316,0.044742729306487705,False,0.0,train,sort
MVI_20032,355,36,470.6819120874758,226.3049542630997,444.7565491905184,197.4009843490968,496.6072749844332,255.20892417710263,0.928,False,0.0892897083625035,0.035695717782237076,0.009418309899645953,0.04545454545454544,0.23076923076923078,123,0.5383758291395174,0.04586129753914989,False,0.0,train,sort
MVI_20032,356,36,468.9558093222943,222.82734978444785,443.45294681984245,194.4636176774344,494.45867182474615,251.19108189146127,0.9247,False,0.0881203097873914,0.03522796183970167,0.009120117335378385,0.04545454545454544,0.23076923076923078,123,0.5344412201635389,0.04697986577181208,False,0.0,train,sort
MVI_20032,357,36,467.4862838488909,219.8524138549716,442.1970388721495,192.31163927703173,492.7755288256324,247.39318843291133,0.9296,False,0.0753117110907346,0.03010456056025523,0.008615462175881867,0.04545454545454544,0.23076923076923078,123,0.531008644770573,0.04809843400447428,False,0.0,train,sort
MVI_20032,358,36,465.8690373861362,216.95947080029447,441.0613275472264,190.3603413731856,490.676747225046,243.55860022740336,0.9256,False,0.0752256662369309,0.030070142875346213,0.008061837166940398,0.04545454545454544,0.23076923076923078,123,0.5097963740412136,0.04921700223713647,False,0.0,train,sort
MVI_20032,359,36,464.197825269024,214.3065530035155,439.6292895940392,188.11249740779976,488.7663609440088,240.5006085992312,0.9165,False,0.0711657368158797,0.028446183214895192,0.007532840517074235,0.04545454545454544,0.23076923076923078,123,0.4903033456865792,0.05033557046979866,False,0.0,train,sort
MVI_20032,360,36,462.53389833908375,211.11370401363263,438.45495633989,185.52369677423263,486.6128403382775,236.70371125303257,0.9202,False,0.0817194662567884,0.03266764351676229,0.007389140105498289,0.04545454545454544,0.23076923076923078,123,0.47120096446592985,0.05145413870246086,False,0.0,train,sort
MVI_20032,361,36,460.85889524235694,208.16482529355187,437.0568269056766,182.95731391145927,484.6609635790373,233.3723366756444,0.9277,False,0.0769753101988429,0.030769995242129724,0.007177582667106843,0.04545454545454544,0.23076923076923078,123,0.4531936258477665,0.052572706935123045,False,0.0,train,sort
MVI_20032,362,36,459.3190880139705,205.3940884511549,435.6112668169826,180.6698020352972,483.0269092109584,230.1183748670126,0.8929,False,0.0719471147290893,0.0287587320498676,0.0071137149763244876,0.04545454545454544,0.23076923076923078,123,0.4353284599203568,0.05369127516778524,False,0.0,train,sort
MVI_20032,363,36,457.9591181491692,201.79899884324533,434.7147201368068,177.27620931516148,481.20351616153147,226.3217883713292,0.9218,False,0.0872419990591976,0.034876640167819314,0.007341812301096923,0.04545454545454544,0.23076923076923078,123,0.4168143763490738,0.05480984340044743,False,0.0,train,sort
MVI_20032,364,36,456.7931532781751,199.1349232292212,433.9792763099721,175.33415785243116,479.607030246378,222.9356886060112,0.9266,False,0.0660048948276755,0.026381861810845925,0.007243847783261558,0.04545454545454544,0.23076923076923078,123,0.4024812405486375,0.055928411633109625,False,0.0,train,sort
MVI_20032,365,36,455.6074629670033,196.24686293504809,433.0412247346308,172.60211353446886,478.1737011993758,219.8916123356273,0.9025,False,0.0708604335805472,0.028324062831271184,0.0070377186472178836,0.04545454545454544,0.23076923076923078,123,0.38808551197031266,0.05704697986577182,False,0.0,train,sort
MVI_20032,366,36,454.29390606062697,193.2861313082763,432.1022692242193,169.91266603609327,476.4855428970346,216.6595965804593,0.9158,False,0.0735173383614932,0.029386816819935005,0.0069720784775501215,0.04545454545454544,0.23076923076923078,123,0.37210849720399924,0.05816554809843401,False,0.0,train,sort
MVI_20032,367,36,452.9875146520172,190.4803359726074,431.2199389269448,167.72058145014637,474.7550903770896,213.24009049506847,0.8991,False,0.0702485239981861,0.02807930082323101,0.006939835362505545,0.04545454545454544,0.23076923076923078,123,0.35740047260346786,0.059284116331096204,False,0.0,train,sort
MVI_20032,368,36,451.923059569873,188.44212005512907,430.5467591994965,166.19796792088854,473.2993599402495,210.6862721893696,0.9294,False,0.052190857102748,0.020856287918622395,0.006274484974101699,0.04545454545454544,0.23076923076923078,123,0.3449543921748405,0.0604026845637584,False,0.0,train,sort
MVI_20032,369,36,450.6701010277727,186.458489196868,429.5070359709568,164.72961066630413,471.8331660845886,208.18736772743176,0.9178,False,0.053252560824177,0.021280966240864015,0.006032416673079567,0.04545454545454544,0.23076923076923078,123,0.3311514089391686,0.061521252796420595,False,0.0,train,sort
MVI_20032,370,36,449.4897234488377,183.81172430914523,428.6203869051171,162.28451580133864,470.3590599925584,205.3389328169518,0.911,False,0.0657777015807825,0.02629098518964949,0.005935934860464221,0.04545454545454544,0.23076923076923078,123,0.3197753165046965,0.06263982102908279,False,0.0,train,sort
MVI_20032,371,36,448.2138729820822,181.61345878653867,427.3794097687618,160.63425030851425,469.0483361954026,202.59266726456303,0.9239,False,0.0576893488941319,0.02305566823696705,0.005635483624015332,0.04545454545454544,0.23076923076923078,123,0.3087185578366219,0.06375838926174497,False,0.0,train,sort
MVI_20032,372,36,447.11115920856616,179.17808256889478,426.2904680374725,158.32351504208177,467.93185037965975,200.0326500957078,0.9343,False,0.0606787690463973,0.024251427382494577,0.005453827911285244,0.04545454545454544,0.23076923076923078,123,0.2988452585745114,0.06487695749440715,False,0.0,train,sort
MVI_20032,373,36,445.8606470733319,176.3889799165188,425.17404987261455,155.73988183007629,466.5472442740492,197.0380780029613,0.896,False,0.0693767671595825,0.027730600687639,0.005780055568734913,0.04545454545454544,0.23076923076923078,123,0.28910627690525526,0.06599552572706935,False,0.0,train,sort
MVI_20032,374,36,444.78311744156576,174.0464588855548,424.4515523088944,153.75695930813404,465.1146825742372,194.3359584629756,0.9037,False,0.0585241108464192,0.02338957052836276,0.005880121576830942,0.04545454545454544,0.23076923076923078,123,0.2806256959023129,0.06711409395973154,False,0.0,train,sort
MVI_20032,375,36,443.7019756064305,172.16857233777273,423.6230233964632,152.2621222837776,463.78092781639776,192.07502239176785,0.8941,False,0.0491820540496203,0.019652775670555737,0.005565098444506422,0.04545454545454544,0.23076923076923078,123,0.27007380068873715,0.06823266219239374,True,0.02,train,sort
MVI_20032,376,36,442.9800235539238,170.02586303805862,423.307928646692,150.2838729794975,462.6521184611556,189.7678530966197,0.8941,False,0.051320039459169,0.02050796345823924,0.0054441944662085885,0.04545454545454544,0.23076923076923078,123,0.26210560090274226,0.06935123042505593,True,0.04,train,sort
MVI_20032,377,36,442.0505405562468,167.37711820885986,422.598357792666,147.66894976704708,461.5027233198276,187.08528665067263,0.919,False,0.0637134422453107,0.025465287611722693,0.005501799465043848,0.04545454545454544,0.23076923076923078,123,0.253826786258464,0.07046979865771813,True,0.06,train,sort
MVI_20032,378,36,441.01991954076897,164.9813615005876,421.9199745218244,145.5233217295007,460.1198645597135,184.4394012716745,0.9295,False,0.0591952270596158,0.023658015012164607,0.005308530678866236,0.04545454545454544,0.23076923076923078,123,0.24684464241321313,0.07158836689038033,True,0.08,train,sort
MVI_20032,379,36,440.1766117065508,163.38320528979528,421.402503173918,144.3587690642454,458.9507202391837,182.4076415153452,0.9223,False,0.0410141247979233,0.016385628329176748,0.004976151322074154,0.04545454545454544,0.23076923076923078,123,0.2396736437646939,0.07270693512304252,True,0.1,train,sort
MVI_20032,380,36,439.3806880465164,161.30801321845365,420.8207816105822,142.44780884255394,457.94059448245065,180.16821759435337,0.8983,False,0.0504467992734634,0.02015866998823022,0.005000159062733829,0.04545454545454544,0.23076923076923078,123,0.23206633743185495,0.0738255033557047,True,0.12,train,sort
MVI_20032,381,36,438.5731296958703,159.50666019943884,420.0239676934997,140.9233496254599,457.1222916982408,178.0899707734178,0.9267,False,0.0448064259193476,0.017902537467927665,0.004876515864346244,0.09090909090909091,0.358974358974359,123,0.22589870152741875,0.0749440715883669,True,0.14,train,sort
MVI_20032,382,36,437.5454872719319,157.84372265783458,419.0793680286935,139.66141765706638,456.0116065151703,176.02602765860277,0.9255,False,0.0443696127365316,0.017727813497513737,0.004509325988111251,0.04545454545454544,0.23076923076923078,123,0.21892703882652426,0.0760626398210291,True,0.16,train,sort
MVI_20032,383,36,436.6852168671941,155.04140993739995,418.61389185432927,136.58337656029454,454.7565418800589,173.49944331450536,0.8697,False,0.0665344794537288,0.02659369408188151,0.004648641689639153,0.04545454545454544,0.23076923076923078,123,0.21334706505190515,0.07718120805369127,True,0.18,train,sort
MVI_20032,384,36,435.8948436470863,152.48926858446737,418.0293646548788,133.97125321892946,453.76032263929386,171.0072839500053,0.8577,False,0.0606408929274288,0.02423627704786552,0.005021202384360709,0.04545454545454544,0.23076923076923078,123,0.20732368016699254,0.07829977628635347,True,0.2,train,sort
MVI_20032,385,36,434.9894292899049,150.41844172054397,417.2483043981187,132.02122518653593,452.7305541816912,168.815658254552,0.8515,False,0.051298357896747,0.02049929089793158,0.0050373669036638,0.04545454545454544,0.23076923076923078,123,0.20150498405968814,0.07941834451901567,True,0.22,train,sort
MVI_20032,386,36,434.2421415012823,148.51261774943436,416.6075174860911,130.35540735647416,451.8767655164734,166.66982814239452,0.8838,False,0.0464635214747186,0.01856537074810286,0.005068822345907544,0.04545454545454544,0.23076923076923078,123,0.19636337515227048,0.08053691275167786,True,0.24,train,sort
MVI_20032,387,36,433.28615640364967,146.2756365093209,415.6996210600559,128.48279032463364,450.8726917472436,164.06848269400814,0.8802,False,0.0552155008388564,0.022066136392639473,0.005274701968044609,0.04545454545454544,0.23076923076923078,123,0.19126601301691576,0.08165548098434006,True,0.26,train,sort
MVI_20032,388,36,432.4803209331303,144.39353557421572,415.19939136429485,126.80456531966136,449.7612505019658,161.98250582877012,0.8785,False,0.0464694567453946,0.01856774483867242,0.0048938222047287755,0.04545454545454544,0.23076923076923078,123,0.1858452806596979,0.08277404921700224,True,0.28,train,sort
MVI_20032,389,36,431.735935712172,143.17036541969955,414.5793560707588,126.02174509136395,448.8925153535852,160.31898574803512,0.8837,False,0.0324995766419736,0.012979834459821836,0.004359636022036437,0.04545454545454544,0.23076923076923078,123,0.1822449789171215,0.08389261744966443,True,0.3,train,sort
MVI_20032,390,36,430.9363971979284,141.69534657865773,413.8542668659093,124.66216249109524,448.01852752994745,158.72853066622022,0.8683,False,0.0380810193911406,0.015212394913894273,0.004108740878040933,0.04545454545454544,0.23076923076923078,123,0.1782594951824918,0.08501118568232663,True,0.32,train,sort
MVI_20032,391,36,430.3349231861864,140.40804323230415,413.4415040972417,123.54422049926862,447.2283422751311,157.27186596533969,0.8496,False,0.0322502777281331,0.012880115637772391,0.0038389411876622566,0.04545454545454544,0.23076923076923078,123,0.1738058653799776,0.08612975391498882,True,0.34,train,sort
MVI_20032,392,36,429.6645097189661,139.53269553879704,412.89858397932784,123.01869430773002,446.4304354586045,156.04669676986407,0.8562,False,0.0250256195133329,0.009990273898025148,0.0032658685816181884,0.04545454545454544,0.23076923076923078,123,0.16895499612552206,0.08724832214765102,True,0.36,train,sort
MVI_20032,393,36,429.167069563626,138.53407609690683,412.56655630446807,122.408083739382,445.767582822784,154.66006845443164,0.8753,False,0.0253223479189125,0.010108964375320818,0.002864448362876094,0.04545454545454544,0.23076923076923078,123,0.16447715206158603,0.08836689038031321,True,0.38,train,sort
MVI_20032,394,36,428.4570059718803,136.73713390272206,412.0851825851637,120.67103430103572,444.82882935859686,152.80323350440838,0.8993,False,0.0438544779155909,0.017521761105429332,0.0030799902126131306,0.04545454545454544,0.23076923076923078,123,0.16080437254736352,0.08948545861297541,True,0.4,train,sort
MVI_20032,395,36,427.739868526905,135.0242743532552,411.6049398779787,119.02699811836013,443.87479717583136,151.0215505881503,0.8728,False,0.0421471673078536,0.016838841954064508,0.003157174947394493,0.04545454545454544,0.23076923076923078,123,0.156593247553535,0.09060402684563759,True,0.42,train,sort
MVI_20032,396,36,427.1112951259953,132.9969798713959,411.1114553667463,116.92216195724627,443.1111348852442,149.0717977855454,0.887,False,0.0481750892582408,0.019249992757085447,0.0034594640867891525,0.04545454545454544,0.23076923076923078,123,0.1531138357941103,0.09172259507829977,True,0.44,train,sort
MVI_20032,397,36,426.6327080269988,130.63671455899146,410.8213547536325,114.21854059670828,442.444061300365,147.05488852127468,0.8508,False,0.054661806967972,0.021844660495572682,0.004022026323941172,0.04545454545454544,0.23076923076923078,123,0.14979410375222396,0.09284116331096197,True,0.46,train,sort
MVI_20032,398,36,426.0323455346406,128.8331092143095,410.4053079303,112.60214657377192,441.6593831389813,145.0640718548471,0.8754,False,0.0431452979295552,0.017238091226009895,0.004360346448484261,0.04545454545454544,0.23076923076923078,123,0.14634559975842337,0.09395973154362416,True,0.48,train,sort
MVI_20032,399,36,425.5549508453195,127.79110223154466,410.169150351967,112.1116905004219,440.940751338672,143.4705139626674,0.8636,False,0.0260147288125902,0.010385914667897208,0.004021707438963359,0.04545454545454544,0.23076923076923078,123,0.1423736200860793,0.09507829977628636,True,0.5,train,sort
MVI_20032,400,36,424.9725285030592,126.88655040525384,409.7262447030461,111.63537163849234,440.2188123030721,142.13772917201536,0.8479,False,0.0244186211042373,0.009747476344644557,0.003685179313372827,0.04545454545454544,0.23076923076923078,123,0.13883741012547007,0.09619686800894856,True,0.52,train,sort
MVI_20032,401,36,424.3940852411184,125.87109995702887,409.3281706275351,110.95837415815176,439.4599998547018,140.78382575590604,0.8666,False,0.0265251117038357,0.010590066302275223,0.003274213502539739,0.09090909090909091,0.358974358974359,123,0.13538157419597496,0.09731543624161075,True,0.54,train,sort
MVI_20032,402,36,423.7268865271053,124.4818118218991,408.7704156610156,109.63404555882325,438.683357393195,139.32957808497497,0.8514,False,0.0349808868611832,0.013972351147468568,0.002900624880135739,0.09090909090909091,0.358974358974359,123,0.13244997392412183,0.09843400447427295,True,0.56,train,sort
MVI_20032,403,36,423.2024224051616,123.40796721366172,408.2367001742832,108.6696243823599,438.16814463604,138.14631004496354,0.8669,False,0.0271249571518516,0.010830002692556302,0.0025965223783670126,0.09090909090909091,0.358974358974359,123,0.12929166708226963,0.09955257270693513,True,0.58,train,sort
MVI_20032,404,36,422.7326786392885,122.41681878925382,407.7774324607953,107.7887260568201,437.6879248177816,137.04491152168754,0.8488,False,0.0248950401862127,0.009938042556605171,0.002575268141818108,0.09090909090909091,0.358974358974359,123,0.12619300691510088,0.10067114093959732,True,0.6,train,sort
MVI_20032,405,36,421.994200403846,121.00086187764708,406.84352234312365,106.2263004451431,437.1448784645684,135.77542331015104,0.8671,False,0.0362466678191906,0.014478659755719898,0.0027997913680693686,0.09090909090909091,0.358974358974359,123,0.12340116263207211,0.10178970917225952,True,0.62,train,sort
MVI_20032,406,36,421.5143740621779,120.03922962163615,406.487264700417,105.48847507515674,436.5414834239388,134.5899841681156,0.8634,False,0.024392658942273,0.009737091557286042,0.0027593125649843938,0.09090909090909091,0.358974358974359,123,0.12054332241873845,0.10290827740492171,True,0.64,train,sort
MVI_20032,407,36,420.81327745129806,119.13910318275173,405.7499491698892,104.91953283458308,435.8766057327069,133.35867353092036,0.8684,False,0.0258964329380848,0.010338596670890049,0.0025868689694610206,0.09090909090909091,0.358974358974359,123,0.11879603300521514,0.10402684563758391,True,0.66,train,sort
MVI_20032,408,36,420.3289892632517,117.77158142418313,405.481664702647,103.53115303717192,435.1763138238565,132.01200981119433,0.8968,False,0.0329278847625341,0.013151156430698334,0.0026970217326561328,0.09090909090909091,0.358974358974359,123,0.11614737124287881,0.10514541387024609,True,0.68,train,sort
MVI_20032,409,36,419.8645866005872,116.4070900643625,405.1301708625985,102.24199976674856,434.599002338576,130.57218036197645,0.8832,False,0.0327148553140538,0.013065945286626137,0.0028454596077764314,0.09090909090909091,0.358974358974359,123,0.11305607902222677,0.10626398210290829,True,0.7000000000000001,train,sort
MVI_20032,410,36,419.2829175347215,115.45503054717535,404.64840850279467,101.51314531977242,433.91742656664826,129.39691577457833,0.8851,False,0.0253230470281831,0.010109244016944094,0.002638104442426796,0.09090909090909091,0.358974358974359,123,0.11070290915518761,0.10738255033557048,True,0.72,train,sort
MVI_20032,411,36,418.8374266636313,114.36978551014276,404.3061936262481,100.5523105770605,433.36865970101456,128.18726044322503,0.8928,False,0.0266267136510931,0.010630706778169645,0.0026805118815360776,0.09090909090909091,0.358974358974359,123,0.10818598551891712,0.10850111856823266,True,0.74,train,sort
MVI_20032,412,36,418.65301553095287,112.82781767201324,404.46721212768057,98.96674614893188,432.8388189342251,126.6888891950946,0.8492,False,0.0352478761323837,0.014079146059703911,0.002858023540619652,0.09090909090909091,0.358974358974359,123,0.1056755930476384,0.10961968680089486,True,0.76,train,sort
MVI_20032,413,36,418.222599548836,111.68526988605902,404.0672000267701,97.96031359667512,432.37799907090186,125.4102261754429,0.9189,False,0.0277118202335351,0.011064746175021862,0.002759010773371695,0.09090909090909091,0.358974358974359,123,0.10309084479150132,0.11073825503355705,True,0.78,train,sort
MVI_20032,414,36,417.7621009104406,111.11968909157324,403.72077695702666,97.61810705196082,431.8034248638546,124.62127113118568,0.9184,False,0.0165540929704135,0.006601688545578541,0.0024522427509317056,0.09090909090909091,0.358974358974359,123,0.10046616784632854,0.11185682326621925,True,0.8,train,sort
MVI_20032,415,36,417.1105858589179,110.39519144768305,403.0157815925021,97.06295009655088,431.20539012533374,123.7274327988152,0.8754,False,0.0221152199009384,0.008826122732782183,0.0023913508967462827,0.09090909090909091,0.358974358974359,123,0.09816722152135535,0.11297539149888144,True,0.8200000000000001,train,sort
MVI_20032,416,36,416.4469702289621,109.38264030983254,402.390347022004,96.05910636037753,430.5035934359203,122.70617425928758,0.8594,False,0.0274781999200018,0.010971298746336816,0.002407514042598787,0.09090909090909091,0.358974358974359,123,0.09614580897372972,0.11409395973154364,True,0.84,train,sort
MVI_20032,417,36,415.9338804179616,108.50543367774284,401.972090895107,95.53685332653396,429.89566994081616,121.47401402895171,0.8769,False,0.0230659827320663,0.009206425029763545,0.0021762740015334766,0.09090909090909091,0.358974358974359,123,0.09414412460801781,0.11521252796420584,True,0.86,train,sort
MVI_20032,418,36,415.4001782824397,107.80872449078764,401.5478104035448,95.06598914787054,429.2525461613346,120.55145983370475,0.8624,False,0.0199199071751641,0.00794800418957631,0.002028365771147214,0.09090909090909091,0.358974358974359,123,0.09245178403863183,0.11633109619686802,True,0.88,train,sort
MVI_20032,419,36,415.124761981272,105.77426701142024,401.6957204893354,94.33222978357558,428.5538034732084,117.21630423926489,0.8261,False,0.0465978598381195,0.01861910569282452,0.002598664792485222,0.09090909090909091,0.358974358974359,123,0.09267537681081413,0.11744966442953021,True,0.9,train,sort
MVI_20032,420,36,414.7446758608304,105.47355805589874,401.47231308370607,93.79128501836212,428.0170386379548,117.15583109343537,0.8752,False,0.0110003703254946,0.004380216050535431,0.0023876796699103197,0.13636363636363638,0.48717948717948717,123,0.09019090059841045,0.11856823266219241,True,0.92,train,sort
MVI_20032,421,36,414.41553354345456,104.88675866755162,401.2307662448357,93.02224060544351,427.6003008420735,116.75127672965972,0.8918,False,0.0152708705223004,0.006088403393300901,0.002155956795767562,0.13636363636363638,0.48717948717948717,123,0.08711140072739,0.1196868008948546,True,0.9400000000000001,train,sort
MVI_20032,422,36,414.1026058072533,103.74880696920928,400.9557185124869,91.75436208458642,427.24949310201976,115.74325185383212,0.9045,False,0.0267871928132687,0.010694897964441213,0.002226593825965796,0.13636363636363638,0.48717948717948717,123,0.08488145459287767,0.1208053691275168,True,0.96,train,sort
MVI_20032,423,36,413.738971243151,102.87795694268206,400.5892182130756,90.9503204923564,426.8887242732264,114.80559339300773,0.885,False,0.0214199058958573,0.008547999204391898,0.0022550672130143127,0.13636363636363638,0.48717948717948717,123,0.08249803119385615,0.121923937360179,True,0.98,train,sort
MVI_20032,424,36,413.2907991386662,101.90956108938198,399.9592886998305,89.95060040752836,426.62230957750194,113.8685217712356,0.8987,False,0.0242196965403464,0.009667907112342987,0.0018302787807162244,0.13636363636363638,0.48717948717948717,123,0.08125179035298495,0.12304250559284119,True,1.0,train,sort
MVI_20032,425,36,412.9000948339948,101.03806127039608,399.7455416600678,88.97442482812622,426.05464800792186,113.10169771266592,0.8875,False,0.0216775274767484,0.008651047068440833,0.002032955505670358,0.13636363636363638,0.48717948717948717,123,0.07944592561833938,0.12416107382550337,True,1.0,train,sort
MVI_20032,426,36,412.4717156513222,100.2998696805194,399.3830917428186,88.29468171758869,425.56033955982576,112.30505764345014,0.8908,False,0.0193717730940719,0.0077287521918453506,0.0021107999628445237,0.13636363636363638,0.48717948717948717,123,0.07785591714859821,0.12527964205816558,True,1.0,train,sort
MVI_20032,427,36,411.91848244403445,99.42238165612724,398.983470010273,87.62927205584094,424.853494877796,111.21549125641351,0.9051,False,0.023544554681768,0.009397852382394161,0.00204924731663038,0.13636363636363638,0.48717948717948717,123,0.07652817442117103,0.12639821029082773,True,1.0,train,sort
MVI_20032,428,36,411.5428222866744,98.9161687743436,398.8570573291827,87.43217838565874,424.2285872441663,110.40015916302843,0.9008,False,0.0143077867419424,0.005703172753372418,0.0019142431205527977,0.13636363636363638,0.48717948717948717,123,0.06972440001756013,0.12751677852348994,True,1.0,train,sort
MVI_20032,429,36,411.2063118480603,98.4884753174092,398.73613371356,87.24832513935444,423.6764899825606,109.728625495464,0.8815,False,0.0123520123892701,0.004920868845029564,0.0016889674856196016,0.09090909090909091,0.358974358974359,123,0.22423219971254077,0.12863534675615212,True,1.0,train,sort
MVI_20032,430,36,410.8576066220584,97.41348885034606,398.5382232459585,85.94440915782525,423.1769899981583,108.88256854286684,0.901,False,0.02565085072171,0.010240364516742513,0.0017643901970272337,0.09090909090909091,0.358974358974359,123,0.2231839508220846,0.1297539149888143,True,1.0,train,sort
MVI_20032,431,36,410.4427034927463,96.35556303318064,398.1668733652408,84.72424227670956,422.718533620252,107.98688378965169,0.9117,False,0.0257926560803483,0.010297086237290242,0.001886273158618692,0.09090909090909091,0.358974358974359,123,0.22144456344403524,0.13087248322147652,True,1.0,train,sort
MVI_20032,432,36,410.0640165356732,95.5772647033444,397.7425838347887,83.87681893025206,422.3854492365576,107.27771047643677,0.9151,False,0.0196453065018154,0.00783816473918126,0.0018122565604080565,0.09090909090909091,0.358974358974359,123,0.2200824025674865,0.1319910514541387,True,1.0,train,sort
MVI_20032,433,36,409.7811502201063,94.25219389364432,397.5726579087916,82.56428814647387,421.989642531421,105.9400996408148,0.8858,False,0.0307531471561435,0.012281267873884524,0.0021244269014664184,0.09090909090909091,0.358974358974359,123,0.21858388632339115,0.1331096196868009,True,1.0,train,sort
MVI_20032,434,36,409.4447407325008,93.493434887492,397.3882395798024,81.98994057109795,421.5012418851991,104.99692920388604,0.8991,False,0.018838558486234,0.007515467938921637,0.0022475562982311992,0.09090909090909091,0.358974358974359,123,0.21778323493058177,0.1342281879194631,True,1.0,train,sort
MVI_20032,435,36,409.1304974769682,93.10893183372303,397.308879900166,82.0161274678115,420.9521150537704,104.20173619963457,0.8838,False,0.0112710088391266,0.004488470648860215,0.0019745941963501715,0.09090909090909091,0.358974358974359,123,0.21628019156422734,0.1353467561521253,True,1.0,train,sort
MVI_20032,436,36,408.7583970054153,91.52553999762884,397.1644098851746,81.12590556327417,420.3523841256559,101.92517443198348,0.8834,False,0.0369177268539147,0.014747081368303269,0.002185773340510714,0.09090909090909091,0.358974358974359,123,0.21500622302125422,0.13646532438478748,True,1.0,train,sort
MVI_20032,349,41,609.6688254085609,564.5283428867651,579.3376508171218,491.0886012974293,640.0,637.9680844761009,0.692,False,,,,,,80,,,False,,train,sort
MVI_20032,350,41,606.8519971216945,555.9073067239158,573.7039942433889,473.3098086272093,640.0,638.5048048206222,0.6567,False,0.2058541735191647,0.08232115621349241,0.019494667451559596,0.04545454545454544,0.23076923076923078,80,0.6827016376308767,0.0011185682326621926,False,0.0,train,sort
MVI_20032,351,41,602.661967878566,543.0867816328732,565.323935757132,456.7342999623787,640.0,629.4392633033676,0.8986,False,0.3061375962566916,0.12243422623221512,0.02425368602731552,0.04545454545454544,0.23076923076923078,80,0.6642954875500752,0.002237136465324385,False,0.0,train,sort
MVI_20032,352,41,599.6473846622868,527.8395606623632,559.2947693245735,438.9054042401047,640.0,616.7737170846216,0.887,False,0.3527696594409898,0.14108691243465046,0.027315329904053658,0.04545454545454544,0.23076923076923078,80,0.6420545200858018,0.0033557046979865775,False,0.0,train,sort
MVI_20032,353,41,596.8843630274107,511.26766254404953,553.7687260548213,423.0987608387303,640.0,599.4365642493688,0.8742,False,0.3813292232271993,0.15251065277565198,0.02952380868172801,0.04545454545454544,0.23076923076923078,80,0.6178230183732967,0.00447427293064877,False,0.0,train,sort
MVI_20032,354,41,593.3566218142291,496.8090466677876,546.7132436284581,411.7503964792458,640.0,581.8676968563293,0.8444,False,0.3377981543809778,0.13509835506031992,0.030022577262326485,0.04545454545454544,0.23076923076923078,80,0.5965694856547658,0.005592841163310963,False,0.0,train,sort
MVI_20032,355,41,590.6046374387168,481.724334433196,541.2092748774337,400.63375220741807,640.0,562.814916658974,0.9227,False,0.3480329844320935,0.13919225655732675,0.032721454439602234,0.04545454545454544,0.23076923076923078,80,0.5739590448805333,0.006711409395973155,False,0.0,train,sort
MVI_20032,356,41,588.9356179445413,468.06598775974953,537.8712358890826,389.6762679591092,640.0,546.4557075603899,0.8886,False,0.3123132972804215,0.12490448822385009,0.0328386832899464,0.04545454545454544,0.23076923076923078,80,0.5550240174083795,0.007829977628635349,False,0.0,train,sort
MVI_20032,357,41,586.7191096606321,453.0089463947561,533.6282415632286,377.9651227355281,639.8099777580355,528.0527700539841,0.9183,False,0.3454369396246052,0.1381538463765427,0.03269949159160031,0.04545454545454544,0.23076923076923078,80,0.5319862658246673,0.00894854586129754,False,0.0,train,sort
MVI_20032,358,41,582.8867632554538,439.1768099005402,529.2261734830884,368.09507132875785,636.5473530278194,510.2585484723225,0.8408,False,0.3257790117815161,0.13029073386534842,0.03164502224486052,0.04545454545454544,0.23076923076923078,80,0.5097963740412136,0.010067114093959733,False,0.0,train,sort
MVI_20032,359,41,578.1957508573963,427.4554186235238,524.1254743279765,358.18925929148696,632.2660273868162,496.7215779555607,0.8505,False,0.2865585356962534,0.1146026603988745,0.030672377751967666,0.04545454545454544,0.23076923076923078,80,0.4903033456865792,0.011185682326621926,False,0.0,train,sort
MVI_20032,360,41,573.1683454121107,415.5831435852591,519.3125830629172,349.0558604999058,627.0241077613043,482.1104266706124,0.8603,False,0.2926327437813564,0.11703232551774215,0.0296207551919828,0.04545454545454544,0.23076923076923078,80,0.47120096446592985,0.012304250559284118,False,0.0,train,sort
MVI_20032,361,41,568.2660421095256,404.4772171038283,516.2848950528494,340.7414161959073,620.2471891662019,468.2130180117493,0.9131,False,0.2755399083967571,0.11019524234004205,0.028922712640128943,0.04545454545454544,0.23076923076923078,80,0.4531936258477665,0.01342281879194631,False,0.0,train,sort
MVI_20032,362,41,563.1025554533576,393.8408437962186,512.5464245587021,331.84825944068285,613.658686348013,455.8334281517544,0.8866,False,0.2683602098434069,0.10732338433079118,0.02745962101930424,0.04545454545454544,0.23076923076923078,80,0.4353284599203568,0.014541387024608502,False,0.0,train,sort
MVI_20032,363,41,557.9303614297226,382.1238174566013,508.3737235910114,321.6106364745058,607.4869992684336,442.6369984386967,0.9038,False,0.290702710851808,0.11626031810187995,0.026793793056370866,0.04545454545454544,0.23076923076923078,80,0.4168143763490738,0.015659955257270698,False,0.0,train,sort
MVI_20032,364,41,553.1010758647989,373.5655753668876,505.5676012327098,316.380965717417,600.6345504968879,430.7501850163583,0.8867,False,0.2230410596725428,0.08919585941821544,0.025588086908613486,0.04545454545454544,0.23076923076923078,80,0.4024812405486375,0.016778523489932886,False,0.0,train,sort
MVI_20032,365,41,548.3099794003656,364.7162186944089,502.45253763884864,310.6231761847947,594.1674211618825,418.8092612040231,0.876,False,0.228404698140538,0.0913412988093791,0.024368892533530504,0.04545454545454544,0.23076923076923078,80,0.38808551197031266,0.01789709172259508,False,0.0,train,sort
MVI_20032,366,41,543.4072050050625,354.9122152416106,499.33136381883946,302.4365848896926,587.4830461912856,407.3878455935287,0.9562,False,0.2487974710133798,0.09949834714093851,0.023861260253760466,0.04545454545454544,0.23076923076923078,80,0.37210849720399924,0.019015659955257273,False,0.0,train,sort
MVI_20032,367,41,539.0354560858518,345.6743859924272,496.43788943904406,294.41682988780315,581.6330227326597,396.9319420970512,0.9646,False,0.2319676166049027,0.09276645556939643,0.023170446069265507,0.04545454545454544,0.23076923076923078,80,0.35740047260346786,0.020134228187919465,False,0.0,train,sort
MVI_20032,368,41,535.0165022042977,338.392723633427,494.377865915142,288.788497417897,575.6551384934535,387.996949848957,0.9297,False,0.1887761509229922,0.0754899981069867,0.021235648158214087,0.04545454545454544,0.23076923076923078,80,0.3449543921748405,0.021252796420581657,False,0.0,train,sort
MVI_20032,369,41,530.341337670582,330.6745103334634,490.5732778908055,282.7732562413571,570.1093974503585,378.5757644255697,0.9368,False,0.204814471134888,0.0819052783604969,0.020889666056464775,0.04545454545454544,0.23076923076923078,80,0.3311514089391686,0.022371364653243853,False,0.0,train,sort
MVI_20032,370,41,526.5290359938757,323.19712027297567,487.9992214891727,276.78767113212945,565.0588504985787,369.6065694138219,0.9478,False,0.1905017254766667,0.07618022278225767,0.020170181435538562,0.04545454545454544,0.23076923076923078,80,0.3197753165046965,0.02348993288590604,False,0.0,train,sort
MVI_20032,371,41,522.7824710241728,316.25549173544186,485.48356469767634,271.5081070882061,560.0813773506693,361.0028763826776,0.9379,False,0.1790396114970462,0.07159541137399045,0.01884601861707515,0.04545454545454544,0.23076923076923078,80,0.3087185578366219,0.024608501118568236,False,0.0,train,sort
MVI_20032,372,41,519.2066272700481,309.73206919263305,482.9591835761068,266.15835359076027,555.4540709639894,353.3057847945058,0.9376,False,0.1688496079646081,0.06751944035076808,0.01764789526873243,0.04545454545454544,0.23076923076923078,80,0.2988452585745114,0.02572706935123043,False,0.0,train,sort
MVI_20032,373,41,515.6719485243485,302.8246326550527,480.4794394058393,260.3657071404445,550.8644576428577,345.283558169661,0.9403,False,0.1761148508558314,0.07042551584004843,0.017407554998853346,0.04545454545454544,0.23076923076923078,80,0.28910627690525526,0.02684563758389262,False,0.0,train,sort
MVI_20032,374,41,512.2031629120431,297.1171240740436,478.0061483342112,256.7675950770278,546.400177489875,337.4666530710594,0.9586,False,0.1515935789035474,0.0606170801891776,0.016397301428190268,0.04545454545454544,0.23076923076923078,80,0.2806256959023129,0.027964205816554812,False,0.0,train,sort
MVI_20032,375,41,509.1904085326091,290.47801087811183,475.8975207571255,250.6400077579781,542.4832963080928,330.3160139982456,0.931,False,0.1654793778906775,0.0661713583722678,0.01592232036464034,0.04545454545454544,0.23076923076923078,80,0.27007380068873715,0.029082774049217004,True,0.02,train,sort
MVI_20032,376,41,506.3177121997463,285.1213646263309,474.06065807932777,246.61305721111543,538.5747663201649,323.6296720415463,0.9144,False,0.137961457937713,0.05516427245805909,0.015142563589252714,0.04545454545454544,0.23076923076923078,80,0.26210560090274226,0.0302013422818792,True,0.04,train,sort
MVI_20032,377,41,503.681177777579,278.84231149702964,472.315992468293,240.97852488954828,535.0463630868651,316.706098104511,0.933,False,0.1545713437244612,0.06180817723692432,0.014871529662035214,0.04545454545454544,0.23076923076923078,80,0.253826786258464,0.031319910514541395,True,0.06,train,sort
MVI_20032,378,41,500.953108373106,273.52708793312803,470.2425164154694,236.95957179463224,531.6637003307426,310.09460407162385,0.9538,False,0.1356035938972648,0.05422113387376209,0.014102533873378734,0.04545454545454544,0.23076923076923078,80,0.24684464241321313,0.03243847874720358,True,0.08,train,sort
MVI_20032,379,41,498.352143106296,268.9383249895329,468.3212396069742,233.74288276412813,528.3830466056179,304.1337672149376,0.927,False,0.1197198467061456,0.047867682367577824,0.013497497948336094,0.04545454545454544,0.23076923076923078,80,0.2396736437646939,0.03355704697986577,True,0.1,train,sort
MVI_20032,380,41,495.8963755255055,263.5775887551746,466.4807065231979,228.89410567269607,525.3120445278131,298.2610718376531,0.9374,False,0.13383369152156,0.05351317820187831,0.012896790851741075,0.04545454545454544,0.23076923076923078,80,0.23206633743185495,0.03467561521252797,True,0.12,train,sort
MVI_20032,381,41,493.55731796569626,259.2150159294632,464.7459759415512,225.572796100762,522.3686599898413,292.85723575816445,0.937,False,0.1123532121273524,0.044921050505651004,0.012410688107430073,0.09090909090909091,0.358974358974359,80,0.22589870152741875,0.03579418344519016,True,0.14,train,sort
MVI_20032,382,41,491.5947098696951,254.21460782154665,463.4073977237124,221.2637158294856,519.7820220156779,287.16549981360765,0.9702,False,0.1219245632778961,0.04874956242112903,0.011790977968535147,0.04545454545454544,0.23076923076923078,80,0.21892703882652426,0.03691275167785235,True,0.16,train,sort
MVI_20032,383,41,489.6611606706053,248.9201847181793,462.18948134592887,216.38294571279937,517.1328399952819,281.45742372355926,0.9278,False,0.1279320009342182,0.05115251956761443,0.011645353687192725,0.04545454545454544,0.23076923076923078,80,0.21334706505190515,0.03803131991051455,True,0.18,train,sort
MVI_20032,384,41,487.51152447961175,243.79064197577296,460.3276112296404,211.6400214158562,514.6954377295831,275.9412625356897,0.9398,False,0.1262367610565622,0.050474428672283446,0.011769059542472178,0.04545454545454544,0.23076923076923078,80,0.20732368016699254,0.039149888143176735,True,0.2,train,sort
MVI_20032,385,41,485.314747416665,239.21762453608545,458.5055646285971,207.83437779209825,512.1239302047329,270.6008712800726,0.9359,False,0.1151499858016597,0.04603975163452687,0.011414400317018004,0.04545454545454544,0.23076923076923078,80,0.20150498405968814,0.04026845637583893,True,0.22,train,sort
MVI_20032,386,41,483.3258190373525,235.15769702517508,457.1213216494859,204.8177341153637,509.5303164252191,265.4976599349864,0.9334,False,0.1026129112903914,0.041024959219466445,0.011229507255528187,0.04545454545454544,0.23076923076923078,80,0.19636337515227048,0.04138702460850112,True,0.24,train,sort
MVI_20032,387,41,481.4385171941945,230.6147751373752,455.7116552176772,200.99052765750125,507.1653791707116,260.23902261724913,0.914,False,0.1116559618990593,0.044642152493750316,0.011034585848280962,0.04545454545454544,0.23076923076923078,80,0.19126601301691576,0.042505592841163314,True,0.26,train,sort
MVI_20032,388,41,479.78725034140655,226.19532028611803,454.5965172608804,197.0845502402621,504.9779834219327,255.306090331974,0.9286,False,0.1070827329355611,0.042812874547139015,0.010638819325807077,0.04545454545454544,0.23076923076923078,80,0.1858452806596979,0.04362416107382551,True,0.28,train,sort
MVI_20032,389,41,478.105297651558,223.50320512313016,453.0875564373759,195.27981056342247,503.12303886574,251.72659968283784,0.9177,False,0.0720489342834356,0.02879945956794863,0.009610211138517307,0.04545454545454544,0.23076923076923078,80,0.1822449789171215,0.044742729306487705,True,0.3,train,sort
MVI_20032,390,41,476.59756362383854,220.21119520470023,452.0273045272501,192.78406796580924,501.16782272042695,247.63832244359128,0.9336,False,0.0821835592191181,0.03285327931762493,0.008984433389015343,0.04545454545454544,0.23076923076923078,80,0.1782594951824918,0.04586129753914989,True,0.32,train,sort
MVI_20032,391,41,474.82787009193794,217.11192679618165,450.5343961563385,190.2135396193539,499.12134402753736,244.01031397300943,0.9113,False,0.081005061018523,0.032381883552034266,0.008574267249811585,0.04545454545454544,0.23076923076923078,80,0.1738058653799776,0.04697986577181208,True,0.34,train,sort
MVI_20032,392,41,473.0996518759518,214.1383092762958,449.188456170279,188.0261598128495,497.0108475816246,240.2504587397421,0.9029,False,0.0780639247144447,0.031205437801784128,0.007936613988305016,0.04545454545454544,0.23076923076923078,80,0.16895499612552206,0.04809843400447428,True,0.36,train,sort
MVI_20032,393,41,471.3931809784141,211.3379232039501,447.70744602567135,186.2066060585341,495.0789159311568,236.4692403493662,0.9251,False,0.074432561490166,0.029752903341924715,0.007316839480540414,0.04545454545454544,0.23076923076923078,80,0.16447715206158603,0.04921700223713647,True,0.38,train,sort
MVI_20032,394,41,469.9507107994074,207.9124372263537,446.51328248485214,183.1095248008547,493.38813911396255,232.71534965185265,0.9176,False,0.0843614691927317,0.03372443681186694,0.007550559394553904,0.04545454545454544,0.23076923076923078,80,0.16080437254736352,0.05033557046979866,True,0.4,train,sort
MVI_20032,395,41,468.60403470090233,204.2079757305228,445.5963388025884,179.6334083405799,491.6117305992163,228.78254312046568,0.9203,False,0.0894646364986835,0.03576568851501908,0.00768877080010458,0.04545454545454544,0.23076923076923078,80,0.156593247553535,0.05145413870246086,True,0.42,train,sort
MVI_20032,396,41,467.348984007152,200.59612177189467,444.7433059630337,176.28564223088193,489.9546620512704,224.90660131290736,0.9302,False,0.0867874680664696,0.03469482912628059,0.007798534036350654,0.04545454545454544,0.23076923076923078,80,0.1531138357941103,0.052572706935123045,True,0.44,train,sort
MVI_20032,397,41,466.0194311477717,196.87423389101227,443.74879561918726,172.6848595754625,488.2900666763562,221.06360820656204,0.9139,False,0.0897049791813602,0.0358618248713133,0.008019507724472316,0.04545454545454544,0.23076923076923078,80,0.14979410375222396,0.05369127516778524,True,0.46,train,sort
MVI_20032,398,41,464.5192492709024,193.66557730755807,442.5220811954192,170.22102408103737,486.5164173463857,217.1101305340789,0.9201,False,0.0803945933733416,0.03213769831456565,0.008132680648597746,0.04545454545454544,0.23076923076923078,80,0.14634559975842337,0.05480984340044743,True,0.48,train,sort
MVI_20032,399,41,463.2168565890557,190.87944662275063,441.5975430610804,167.99735403052608,484.8361701170311,213.7615392149752,0.9143,False,0.0698056703127383,0.027902160669779005,0.00785637848274064,0.04545454545454544,0.23076923076923078,80,0.1423736200860793,0.055928411633109625,True,0.5,train,sort
MVI_20032,400,41,462.1072734798541,188.2967684321493,440.84514956709575,165.83465801386524,483.3693973926125,210.7588788504334,0.928,False,0.0638007623273412,0.025500215384119323,0.007369219785626979,0.04545454545454544,0.23076923076923078,80,0.13883741012547007,0.05704697986577182,True,0.52,train,sort
MVI_20032,401,41,460.9528750847167,185.6757798282071,440.0647528599332,163.6778637845226,481.84099730950015,207.67369587189165,0.9052,False,0.0650039029296414,0.025981468036900768,0.0069557181786717125,0.09090909090909091,0.358974358974359,80,0.13538157419597496,0.05816554809843401,True,0.54,train,sort
MVI_20032,402,41,459.40969880400473,183.1602733904524,438.66444779251054,161.66304864971053,480.154949815499,204.65749813119425,0.9173,False,0.0669826127649714,0.02677294606990595,0.006524395988388065,0.09090909090909091,0.358974358974359,80,0.13244997392412183,0.059284116331096204,True,0.56,train,sort
MVI_20032,403,41,458.0797325909834,180.78882565272448,437.4326755486205,159.75714396276086,478.72678963334624,201.82050734268813,0.9289,False,0.0617122900632024,0.024664832706936243,0.006169763383860546,0.09090909090909091,0.358974358974359,80,0.12929166708226963,0.0604026845637584,True,0.58,train,sort
MVI_20032,404,41,456.9539068306348,178.44282173336978,436.3627409060104,157.67983994872515,477.5450727552592,199.2058035180144,0.9224,False,0.0590618718524193,0.02360467332699261,0.005965821655303241,0.09090909090909091,0.358974358974359,80,0.12619300691510088,0.061521252796420595,True,0.6,train,sort
MVI_20032,405,41,455.7621079918146,175.72103730756106,435.5038611555116,155.0247395824692,476.0203548281176,196.4173350326529,0.9083,False,0.067439935133433,0.026955873653413356,0.006034901431448917,0.09090909090909091,0.358974358974359,80,0.12340116263207211,0.06263982102908279,True,0.62,train,sort
MVI_20032,406,41,454.6305605169434,173.53763463958694,434.6783391571663,153.33010908762876,474.5827818767205,193.74516019154512,0.9201,False,0.0558170681499248,0.022306761523006438,0.005860514414430154,0.09090909090909091,0.358974358974359,80,0.12054332241873845,0.06375838926174497,True,0.64,train,sort
MVI_20032,407,41,453.5473005786855,171.88032964550587,433.76618291667097,152.2721730440889,473.32841824069993,191.4884862469228,0.9136,False,0.0449389625316957,0.017955551717601582,0.005442075800853123,0.09090909090909091,0.358974358974359,80,0.11879603300521514,0.06487695749440715,True,0.66,train,sort
MVI_20032,408,41,452.5766350209223,169.30678668210834,433.2182809258782,149.7407623824375,471.9349891159663,188.8728109817792,0.9226,False,0.0624291347733609,0.024951568453146222,0.005455683143715782,0.09090909090909091,0.358974358974359,80,0.11614737124287881,0.06599552572706935,True,0.68,train,sort
MVI_20032,409,41,451.5386944166387,166.53716775891814,432.5395441537171,146.9668099941208,470.5378446795602,186.10752552371548,0.9355,False,0.0671322058340675,0.026832782851411455,0.005608876436416773,0.09090909090909091,0.358974358974359,80,0.11305607902222677,0.06711409395973154,True,0.7000000000000001,train,sort
MVI_20032,410,41,450.6586584807252,164.42626321967958,431.9792127538203,145.24338222481896,469.33810420763,183.60914421454007,0.9288,False,0.0519087391238789,0.020743441568438107,0.005314059014771211,0.09090909090909091,0.358974358974359,80,0.11070290915518761,0.06823266219239374,True,0.72,train,sort
MVI_20032,411,41,449.52383346173696,162.33720623666989,431.0509723100388,143.44756106876173,467.9966946134351,181.22685140457807,0.9134,False,0.0539603031921595,0.02156406107734962,0.005278813393177519,0.09090909090909091,0.358974358974359,80,0.10818598551891712,0.06935123042505593,True,0.74,train,sort
MVI_20032,412,41,448.4229190164317,159.93945817434104,430.0930005115704,141.41923634646824,466.7528375212931,178.45968000221387,0.9152,False,0.0598847340543119,0.023933815753719213,0.005562518126675883,0.09090909090909091,0.358974358974359,80,0.1056755930476384,0.07046979865771813,True,0.76,train,sort
MVI_20032,413,41,447.1471557720979,157.85210798642692,428.8230449024999,139.7381964448981,465.4712666416959,175.9660195279557,0.8953,False,0.0555253709435921,0.022190083510404954,0.0054314689884968105,0.09090909090909091,0.358974358974359,80,0.10309084479150132,0.07158836689038033,True,0.78,train,sort
MVI_20032,414,41,445.92819443535006,156.26390672634707,427.6959961651135,138.63118281899784,464.16039270558656,173.8966306336963,0.8788,False,0.0454413481549391,0.01815650446862912,0.005019727179926004,0.09090909090909091,0.358974358974359,80,0.10046616784632854,0.07270693512304252,True,0.8,train,sort
MVI_20032,415,41,445.0963199968732,154.33900862089723,427.0742205141698,136.70739911336784,463.1184194795766,171.97061812842665,0.8965,False,0.0475953229380404,0.019018087958048373,0.004937848731053756,0.09090909090909091,0.358974358974359,80,0.09816722152135535,0.0738255033557047,True,0.8200000000000001,train,sort
MVI_20032,416,41,444.1673162358544,152.3355080115128,426.27160127387,134.75825347483342,462.0630311978389,169.9127625481922,0.8822,False,0.0501248373550723,0.02002988618106414,0.0048650428667658995,0.09090909090909091,0.358974358974359,80,0.09614580897372972,0.0749440715883669,True,0.84,train,sort
MVI_20032,417,41,443.121161486614,150.65032552413004,425.3927802973077,133.2294526483834,460.8495426759203,168.07119839987672,0.8945,False,0.0450200971668651,0.017988005329700688,0.004582878253161205,0.09090909090909091,0.358974358974359,80,0.09414412460801781,0.0760626398210291,True,0.86,train,sort
MVI_20032,418,41,442.2812407515301,149.17698900976512,424.84363687981937,132.04165516957752,459.7188446232407,166.31232284995272,0.9015,False,0.0384930560385193,0.015377208344024595,0.004259566181001411,0.09090909090909091,0.358974358974359,80,0.09245178403863183,0.07718120805369127,True,0.88,train,sort
MVI_20032,419,41,441.5002117242957,147.59460081478989,424.3209175264645,130.7915380902086,458.6795059221268,164.39766353937114,0.9246,False,0.0400525558657838,0.016001003624017945,0.004157274648044455,0.09090909090909091,0.358974358974359,80,0.09267537681081413,0.07829977628635347,True,0.9,train,sort
MVI_20032,420,41,440.69749132532,146.13925899723998,423.8199985851429,129.7240407974006,457.5749840654972,162.55447719707936,0.8979,False,0.0377238062945213,0.01506951074056685,0.003969890812132316,0.13636363636363638,0.48717948717948717,80,0.09019090059841045,0.07941834451901567,True,0.92,train,sort
MVI_20032,421,41,439.79424174705184,144.15140092838317,423.1171579200837,127.74384146166491,456.47132557402,160.5589603951014,0.8968,False,0.0495583003253862,0.019803273058778933,0.003959136650878022,0.13636363636363638,0.48717948717948717,80,0.08711140072739,0.08053691275167786,True,0.9400000000000001,train,sort
MVI_20032,422,41,438.87860842639327,142.1190622679979,422.2975760801053,125.67689195554344,455.45964077268127,158.56123258045233,0.8729,False,0.0505939866783129,0.020217544511211532,0.004064941750066225,0.13636363636363638,0.48717948717948717,80,0.08488145459287767,0.08165548098434006,True,0.96,train,sort
MVI_20032,423,41,438.0513383058827,140.1751830661671,421.6031074375106,123.58383168180872,454.4995691742548,156.76653445052548,0.856,False,0.0479500765325147,0.01915998833785279,0.004244457506404233,0.13636363636363638,0.48717948717948717,80,0.08249803119385615,0.08277404921700224,True,0.98,train,sort
MVI_20032,424,41,437.3654059451188,138.6422541237187,421.1060382395691,122.32363944838782,453.6247736506684,154.96086879904954,0.8609,False,0.038117743712145,0.015227084532772698,0.004207730371536229,0.13636363636363638,0.48717948717948717,80,0.08125179035298495,0.08389261744966443,True,1.0,train,sort
MVI_20032,425,41,436.4962027648265,137.0402854485614,420.4546484888631,121.01332734721088,452.53775704079,153.0672435499119,0.84,False,0.0413677320887684,0.016527070190948127,0.004276900370206443,0.13636363636363638,0.48717948717948717,80,0.07944592561833938,0.08501118568232663,True,1.0,train,sort
MVI_20032,426,41,435.7072076374324,135.61908843584655,419.75042640632427,119.84535004493247,451.6639888685405,151.39282682676065,0.824,False,0.0368948749017602,0.014737940655593054,0.004036519756228121,0.13636363636363638,0.48717948717948717,80,0.07785591714859821,0.08612975391498882,True,1.0,train,sort
MVI_20032,427,41,434.8195290450088,134.19309809084288,419.1106493234031,118.74265224500608,450.5284087666146,149.64354393667966,0.8263,False,0.0381248209411531,0.015229915403269456,0.0037998266328885355,0.13636363636363638,0.48717948717948717,80,0.07652817442117103,0.08724832214765102,True,1.0,train,sort
MVI_20032,428,41,434.0162978011665,129.98495237749827,419.1153167683089,117.94354628665997,448.91727883402416,142.0263584683366,0.7097,False,0.0972378340411611,0.03887494434992274,0.004735420361694232,0.13636363636363638,0.48717948717948717,80,0.06972440001756013,0.08836689038031321,True,1.0,train,sort
MVI_20032,420,45,603.8033302328008,560.4809913163808,567.6066604656015,482.60457519868953,640.0,638.3574074340722,0.8764,False,,,,,,17,,,False,,train,sort
MVI_20032,421,45,600.4039675620428,551.1564876175663,560.8079351240856,463.1863202848548,640.0,639.1266549502778,0.9201,False,0.2252663960798522,0.09008598734449547,0.021337108111065522,0.13636363636363638,0.48717948717948717,17,0.8952806429565674,0.0011185682326621926,False,0.0,train,sort
MVI_20032,422,45,597.6374455454762,541.197020593466,555.2748910909525,445.7801953129199,640.0,636.6138458740121,0.8853,False,0.2346119625518977,0.09382418606193418,0.02178060837489111,0.13636363636363638,0.48717948717948717,17,0.8786300187575733,0.002237136465324385,False,0.0,train,sort
MVI_20032,423,45,594.2329851802111,528.720257156045,548.4659703604223,430.0621174379748,640.0,627.3783968741153,0.8566,False,0.2935417122985195,0.11739591021378121,0.023792809578685,0.13636363636363638,0.48717948717948717,17,0.8564261358119979,0.0033557046979865775,False,0.0,train,sort
MVI_20032,424,45,590.7703950154108,513.6827572333426,541.5407900308217,416.1881544314596,640.0,611.1773600352257,0.9317,False,0.3502418493567635,0.14007579593967406,0.026144282118147025,0.13636363636363638,0.48717948717948717,17,0.8283874864770141,0.00447427293064877,False,0.0,train,sort
MVI_20032,425,45,588.8458299672011,497.14469678170735,537.6916599344021,403.17108626945736,640.0,591.1183072939573,0.8884,False,0.3779021357111928,0.15113982798988793,0.028080220782456963,0.13636363636363638,0.48717948717948717,17,0.7990302777661301,0.005592841163310963,False,0.0,train,sort
MVI_20032,426,45,586.8691933362395,482.7542937974516,533.738386672479,390.923991614786,640.0,574.5845959801173,0.9196,False,0.3296898351717602,0.13185505155815708,0.030062415138480843,0.13636363636363638,0.48717948717948717,17,0.7734153436673257,0.006711409395973155,False,0.0,train,sort
MVI_20032,427,45,584.2036931035739,467.7445269858731,528.4073862071476,379.030617083212,640.0,556.4584368885342,0.9064,False,0.3460110694320971,0.1383834965873062,0.03217702353334211,0.13636363636363638,0.48717948717948717,17,0.746232808003742,0.007829977628635349,False,0.0,train,sort
MVI_20032,428,45,581.3186393152764,455.6775665104716,522.9203729910304,372.17664866149534,639.7169056395223,539.1784843594478,0.8811,False,0.2816064483701643,0.11262184023710006,0.03195046508054476,0.13636363636363638,0.48717948717948717,17,0.7296455832252481,0.00894854586129754,False,0.0,train,sort
MVI_20032,429,45,576.2546310261159,441.4360109265321,518.5893232758972,360.5135906040634,633.9199387763348,522.3584312490008,0.9083,False,0.3430715289850304,0.13720768917510137,0.03181435609299051,0.09090909090909091,0.358974358974359,17,0.7775043191894654,0.010067114093959733,False,0.0,train,sort
MVI_20032,430,45,571.9298481517909,429.432761819656,515.9424854070598,351.8973139200114,627.917210896522,506.9682097193007,0.9009,False,0.28958538897983,0.1158133926852893,0.03013790338816033,0.09090909090909091,0.358974358974359,17,0.7535781689263904,0.011185682326621926,False,0.0,train,sort
MVI_20032,431,45,566.3773790090979,416.4940200479394,511.8200930350892,341.61991201076614,620.9346649831067,491.3681280851128,0.8785,False,0.3195733059395417,0.12780847003589932,0.029945868656101715,0.09090909090909091,0.358974358974359,17,0.7268360609747021,0.012304250559284118,False,0.0,train,sort
MVI_20032,432,45,560.2598296621333,404.4311419942983,506.9228776526781,331.7473211764257,613.5967816715885,477.11496281217086,0.914,False,0.3069906178436312,0.12277543232301588,0.029205171743791784,0.09090909090909091,0.358974358974359,17,0.7006590423738444,0.01342281879194631,False,0.0,train,sort
MVI_20032,433,45,553.9330600081021,391.9819711790305,501.85582916384936,321.7176373171272,606.0102908523548,462.2463050409338,0.8666,False,0.3169582806013695,0.12676246769944752,0.02987622991744686,0.09090909090909091,0.358974358974359,17,0.6745057628923383,0.014541387024608502,False,0.0,train,sort
MVI_20032,434,45,548.2010406612583,382.1898234995053,498.0379546666692,314.36320841247914,598.3641266558473,450.0164385865316,0.9105,False,0.2575338226811217,0.10299286175352342,0.02825252972008403,0.09090909090909091,0.358974358974359,17,0.6528319878275964,0.015659955257270698,False,0.0,train,sort
MVI_20032,435,45,543.6591589417174,372.9933609093762,495.5093045591306,307.8400587665753,591.809013324304,438.146663052177,0.9178,False,0.2328033025137785,0.09310072744067202,0.027174676583900655,0.09090909090909091,0.358974358974359,17,0.6326200775813725,0.016778523489932886,False,0.0,train,sort
MVI_20032,436,45,539.0123964659992,362.9364494747504,493.04134703209365,299.29756333754364,584.9834458999047,426.5753356119572,0.8969,False,0.2514525362831711,0.10056036533062644,0.025881589454084752,0.09090909090909091,0.358974358974359,17,0.6129969641589178,0.01789709172259508,False,0.0,train,sort
MVI_20032,11,2000,437.52252252790686,200.96360348796247,418.9133357398318,177.24636944583594,456.13170931598194,224.6808375300889,0.8663,False,0.0416849909651811,0.016653972795348793,0.003913145241534144,0.2727272727272727,0.8717948717948718,277,0.1962730219683877,0.0,True,0.02,train,sort
MVI_20032,12,2000,436.7073267708482,198.7196779413456,418.2735404536942,174.9854282208332,455.1411130880023,222.453927661858,0.8681,False,0.054187804885427,0.02165506107617598,0.004506474847479117,0.22727272727272727,0.7435897435897436,277,0.19392112466493583,0.0011185682326621926,True,0.04,train,sort
MVI_20032,13,2000,435.85732109593255,197.54844334416825,417.4641461977752,174.00759356995587,454.2504959940898,221.0892931183805,0.8688,False,0.032846815236968,0.013118728862246376,0.0040290838533421,0.22727272727272727,0.7435897435897436,277,0.19254501734911456,0.002237136465324385,True,0.06,train,sort
MVI_20032,14,2000,435.17447662108407,195.9516005475812,416.9688015072443,172.7886993510162,453.3801517349238,219.1145017441462,0.854,False,0.0394187353849709,0.015747477321942142,0.003946325844289875,0.2727272727272727,0.8717948717948718,277,0.19067070972876476,0.0033557046979865775,True,0.08,train,sort
MVI_20032,15,2000,434.4574683832941,193.97918722894715,416.3808744749552,170.98155108686868,452.534062291633,216.97682337102563,0.8791,False,0.0476346370064252,0.019033813468155542,0.004052627536416148,0.2727272727272727,0.8717948717948718,277,0.1879171472661052,0.00447427293064877,True,0.1,train,sort
MVI_20032,16,2000,433.599615014557,192.44201613759628,415.60006945813774,169.60996526842018,451.5991605709762,215.2740670067724,0.8727,False,0.0399549965675147,0.01596198019566238,0.004019788308357501,0.2727272727272727,0.8717948717948718,277,0.18534066114335573,0.005592841163310963,True,0.12,train,sort
MVI_20032,17,2000,432.9133971951061,191.29983170653145,415.26603783072494,168.8028632639947,450.5607565594872,213.7968001490682,0.8752,False,0.030243477121057,0.012077401379844147,0.0035652705126780634,0.2727272727272727,0.8717948717948718,277,0.18305297205627058,0.006711409395973155,True,0.14,train,sort
MVI_20032,18,2000,432.0178842663807,189.58933699653232,414.3722127735186,167.07125965489126,449.6635557592428,212.10741433817336,0.8645,False,0.0438224199164275,0.017508938001370905,0.0037736124504534076,0.22727272727272727,0.7435897435897436,277,0.18097167640713585,0.007829977628635349,True,0.16,train,sort
MVI_20032,19,2000,431.4976649476639,187.7026938598143,413.9618485063393,165.18546518580044,449.0334813889884,210.2199225338281,0.8989,False,0.0444197444811071,0.017747866045835513,0.0038685429765018793,0.22727272727272727,0.7435897435897436,277,0.17844972368928586,0.00894854586129754,True,0.18,train,sort
MVI_20032,20,2000,431.0675107991376,186.32972056338403,413.5839937913256,164.03476188589087,448.5510278069496,208.6246792408772,0.8935,False,0.0326563949252731,0.013042561305460882,0.003584221877957255,0.22727272727272727,0.7435897435897436,277,0.17635254916667892,0.010067114093959733,True,0.2,train,sort
MVI_20032,21,2000,430.5903443375808,185.27393653151583,413.1981349114324,163.3322726106719,447.9825537637291,207.21560045235967,0.8995,False,0.0262972032727111,0.010498903609519068,0.003324965900370913,0.22727272727272727,0.7435897435897436,277,0.174722054368959,0.011185682326621926,True,0.22,train,sort
MVI_20032,22,2000,430.0623998480788,184.3007394201836,412.8544183472539,162.77765704721588,447.2703813489038,205.82382179315127,0.8981,False,0.025129876144206,0.010031976239448787,0.003227898124367568,0.22727272727272727,0.7435897435897436,277,0.17278123069731566,0.012304250559284118,True,0.24,train,sort
MVI_20032,23,2000,429.44993368982375,183.01556539374263,412.5326010717931,161.70042772992136,446.3672663078544,204.330703057564,0.8827,False,0.0323130439055925,0.012905221921567936,0.0030094239928083284,0.22727272727272727,0.7435897435897436,277,0.17072695314232167,0.01342281879194631,True,0.26,train,sort
MVI_20032,24,2000,428.7867999812929,181.60617331655143,412.0418779719972,160.31177403352208,445.5317219905887,202.90057259958087,0.8802,False,0.0353533889732475,0.014121350881377415,0.002837323946365997,0.2727272727272727,0.8717948717948718,277,0.16863769044457905,0.014541387024608502,True,0.28,train,sort
MVI_20032,25,2000,428.18069344773016,180.2113465901344,411.5128897465116,159.05288320245097,444.8484971489488,201.36980997781785,0.8767,False,0.0345185756867652,0.013787428056456772,0.0028726723722311614,0.2727272727272727,0.8717948717948718,277,0.16656352383893663,0.015659955257270698,True,0.3,train,sort
MVI_20032,26,2000,427.5263649032257,179.29018230879478,411.00207803467566,158.43781169841023,444.0506517717758,200.1425529191793,0.8628,False,0.0256458115870457,0.010238348877905042,0.002860307476628073,0.22727272727272727,0.7435897435897436,277,0.16449192812296637,0.016778523489932886,True,0.32,train,sort
MVI_20032,27,2000,426.9882980626951,178.5813929326795,410.58316146848097,157.91537679625054,443.3934346569093,199.24740906910856,0.8537,False,0.0201980068164793,0.008059243216722954,0.0027666893806231807,0.22727272727272727,0.7435897435897436,277,0.1630048050457083,0.01789709172259508,True,0.34,train,sort
MVI_20032,28,2000,426.7297384757924,177.54748878970236,410.519156548339,156.89647811074838,442.9403204032458,198.1984994686564,0.8467,False,0.0241894955618961,0.009655826811031533,0.002612485958309252,0.22727272727272727,0.7435897435897436,277,0.16116103016997263,0.019015659955257273,True,0.36,train,sort
MVI_20032,29,2000,426.3412069948248,176.780037420855,410.2689457795898,156.22985925011614,442.4134682100598,197.33021559159383,0.8407,False,0.0195241243958418,0.007789692258194447,0.0023120105173718352,0.22727272727272727,0.7435897435897436,277,0.15926208623744165,0.020134228187919465,True,0.38,train,sort
MVI_20032,30,2000,425.7948927499895,175.9946793578633,409.940533871818,155.62396210709076,441.6492516281609,196.36539660863585,0.8518,False,0.0217141511216783,0.008665696417189724,0.002068953419025266,0.22727272727272727,0.7435897435897436,277,0.157642800970681,0.021252796420581657,True,0.4,train,sort
MVI_20032,31,2000,425.1205503870108,174.67264162637562,409.4513050791242,154.52994896000897,440.78979569489735,194.81533429274228,0.8623,False,0.0336847923785636,0.013453917219776726,0.002221551556873478,0.22727272727272727,0.7435897435897436,277,0.15631140710432706,0.022371364653243853,True,0.42,train,sort
MVI_20032,32,2000,424.5819160521859,173.41939716025342,409.149137637772,153.43262008196112,440.0146944665997,193.40617423854576,0.8447,False,0.0309611913023293,0.01236448491190661,0.002425861276283484,0.22727272727272727,0.7435897435897436,277,0.1549789373036914,0.02348993288590604,True,0.44,train,sort
MVI_20032,33,2000,424.0268808399284,172.15323169230044,408.65010516106486,152.2229510458411,439.4036565187919,192.0835123387598,0.8249,False,0.0313784376682442,0.012531382213914434,0.0025623237467106803,0.22727272727272727,0.7435897435897436,277,0.1531996684047614,0.024608501118568236,True,0.46,train,sort
MVI_20032,34,2000,423.4774804821441,170.91910964441865,408.0043892798319,151.03606156559306,438.9505716844563,190.80215772324425,0.805,False,0.030661479247698,0.012244600983888484,0.002773736070613883,0.22727272727272727,0.7435897435897436,277,0.15134745768392988,0.02572706935123043,True,0.48,train,sort
MVI_20032,35,2000,422.93238627859193,169.5993323441752,407.4666750320428,149.64255721017366,438.3980975251411,189.5561074781767,0.8335,False,0.0324097746191335,0.012943913918503318,0.002976763328815486,0.22727272727272727,0.7435897435897436,277,0.14969092135791112,0.02684563758389262,True,0.5,train,sort
MVI_20032,36,2000,422.3446006902184,168.39268258196276,406.826754305701,148.46496733332413,437.86244707473577,188.3203978306014,0.8531,False,0.030464243938542,0.012165707448442966,0.002915629995182471,0.22727272727272727,0.7435897435897436,277,0.14832420611137248,0.027964205816554812,True,0.52,train,sort
MVI_20032,37,2000,421.7923323978787,166.89624672914923,406.2398470381255,146.99758119444323,437.3448177576319,186.79491226385528,0.8569,False,0.0362042636447862,0.014461698212420543,0.0030151554321516155,0.22727272727272727,0.7435897435897436,277,0.14658157154826723,0.029082774049217004,True,0.54,train,sort
MVI_20032,38,2000,421.2634421327317,165.52216028760404,405.8367690931081,145.86470988051246,436.6901151723554,185.1796106946956,0.8629,False,0.0334185241544094,0.013347410724209524,0.003053880913268151,0.22727272727272727,0.7435897435897436,277,0.14462432550360665,0.0302013422818792,True,0.56,train,sort
MVI_20032,39,2000,420.7438071709702,164.4313503228443,405.3990692293695,145.0943665422499,436.0885451125709,183.76833410343872,0.8758,False,0.0274241647685799,0.010949684846917662,0.002992429322083394,0.22727272727272727,0.7435897435897436,277,0.1431741465838568,0.031319910514541395,True,0.58,train,sort
MVI_20032,40,2000,420.1746780853948,163.10068850935454,405.0133424353941,143.88638239257318,435.3360137353955,182.31499462613587,0.8596,False,0.0328489219021349,0.013119571522030403,0.0030007653362330764,0.2727272727272727,0.8717948717948718,277,0.14242671557581577,0.03243847874720358,True,0.6,train,sort
MVI_20032,41,2000,419.5819352699351,162.25328766076746,404.49044447995504,143.28223253357223,434.6734260599152,181.22434278796268,0.8409,False,0.0234720188265179,0.009368838256618531,0.0028680370017362213,0.2727272727272727,0.8717948717948718,277,0.14113913340576711,0.03355704697986577,True,0.62,train,sort
MVI_20032,42,2000,418.9946766168033,162.0093792598546,404.0394744278982,143.49441468511137,433.94987880570847,180.52434383459783,0.8233,False,0.0144331148650463,0.0057533036288465915,0.002454771085476039,0.2727272727272727,0.8717948717948718,277,0.13927674399996665,0.03467561521252797,True,0.64,train,sort
MVI_20032,43,2000,418.5016112086725,161.40382704725369,403.6550577247696,143.03440216490466,433.3481646925752,179.77325192960268,0.8252,False,0.0177243371693153,0.007069782735107893,0.002156859724437099,0.2727272727272727,0.8717948717948718,277,0.13737020358626473,0.03579418344519016,True,0.66,train,sort
MVI_20032,44,2000,417.9267533142166,160.73894308604042,403.1716949083997,142.52534006626522,432.6818117200336,178.95254610581563,0.8324,False,0.0199495050711664,0.007959843259707118,0.0020149736843463125,0.2727272727272727,0.8717948717948718,277,0.13575302802221334,0.03691275167785235,True,0.68,train,sort
MVI_20032,45,2000,417.8456162082512,159.45288322043297,403.4407760163915,141.26490720549057,432.2504564001108,177.6408592353754,0.8274,False,0.0292480953884867,0.01167925165535325,0.001946621808039188,0.31818181818181823,1.0,277,0.13507022533964524,0.03803131991051455,True,0.7000000000000001,train,sort
MVI_20032,46,2000,417.1125864991551,158.49572294462783,402.5253670489644,140.31976544687893,431.6998059493458,176.67168044237673,0.8107,False,0.0273640002131274,0.010925619204166024,0.0020205004659858716,0.31818181818181823,1.0,277,0.13392072947930456,0.039149888143176735,True,0.72,train,sort
MVI_20032,47,2000,416.7393440270764,157.71360018555532,402.2241300079484,139.63206966692655,431.2545580462043,175.79513070418406,0.8767,False,0.0196698605255038,0.007847986275428879,0.002119905808142389,0.31818181818181823,1.0,277,0.1319195889985496,0.04026845637583893,True,0.74,train,sort
MVI_20032,48,2000,416.27641605805616,156.84529707930943,401.8106340445317,138.8002207957823,430.7421980715807,174.89037336283656,0.8752,False,0.0223340837970315,0.0089136676384994,0.0022074092827226227,0.31818181818181823,1.0,277,0.13007170545295232,0.04138702460850112,True,0.76,train,sort
MVI_20032,49,2000,415.6663076596132,155.893113610252,401.3542640061552,137.96539306869514,429.9783513130711,173.82083415180884,0.855,False,0.0256678598508272,0.010247168117662886,0.002315956661247567,0.31818181818181823,1.0,277,0.12827479139338938,0.042505592841163314,True,0.78,train,sort
MVI_20032,50,2000,415.2359079202192,155.1926536056502,401.0775177453248,137.61896195741716,429.3942980951136,172.76634525388326,0.8668,False,0.0186599822016939,0.007444037957675512,0.0021149701932446268,0.31818181818181823,1.0,277,0.1249575447547296,0.04362416107382551,True,0.8,train,sort
MVI_20032,51,2000,414.8342621533752,153.68910115480617,400.9536914793336,135.99444787486703,428.7148328274168,171.38375443474527,0.7911,False,0.03532319000682,0.014109271384869101,0.002266053716491689,0.31818181818181823,1.0,277,0.12374704549304573,0.044742729306487705,True,0.8200000000000001,train,sort
MVI_20032,52,2000,414.4865774995845,152.29806709756937,400.6717979404267,134.32887550527613,428.3013570587423,170.26725868986262,0.8311,False,0.0325439763000673,0.01299759419064578,0.002510433712487392,0.31818181818181823,1.0,277,0.12103316874231261,0.04586129753914989,True,0.84,train,sort
MVI_20032,53,2000,414.19377214888254,150.76588919176646,400.4272185668857,132.73485989523118,427.9603257308794,168.7969184883017,0.8565,False,0.035405603587401,0.01414223657131861,0.0027585608856436016,0.2727272727272727,0.8717948717948718,277,0.11925309985845893,0.04697986577181208,True,0.86,train,sort
MVI_20032,54,2000,413.90144648980913,149.47540608693964,400.2682743970516,131.5095849336596,427.5346185825666,167.4412272402197,0.8244,False,0.030032548892003,0.011993030717275945,0.002841412609915995,0.2727272727272727,0.8717948717948718,277,0.1167355725819942,0.04809843400447428,True,0.88,train,sort
MVI_20032,55,2000,413.5627452521149,148.44228084267112,399.90627006763793,130.75856090709078,427.2192204365917,166.12600077825147,0.819,False,0.0246771343564029,0.009850880874544025,0.0029556318421508515,0.2727272727272727,0.8717948717948718,277,0.11388906977886831,0.04921700223713647,True,0.9,train,sort
MVI_20032,56,2000,413.1720246191234,147.2677294460331,399.4211395831464,129.7695849422645,426.92290965510045,164.7658739498017,0.8571,False,0.0280954697738436,0.011218204846983283,0.002818433274690189,0.2727272727272727,0.8717948717948718,277,0.11166691970954559,0.05033557046979866,True,0.92,train,sort
MVI_20032,57,2000,413.0359617283984,145.71508136526057,399.3530731853022,128.4481250249222,426.71885027149455,162.98203770559894,0.8548,False,0.0353759451483112,0.014130373284133366,0.002872190483955091,0.2727272727272727,0.8717948717948718,277,0.11023183684841865,0.05145413870246086,True,0.9400000000000001,train,sort
MVI_20032,58,2000,412.7322081824044,144.46002142415355,399.13627450733634,127.40561272288735,426.3281418574724,161.51443012541975,0.7862,False,0.0293088739699611,0.011703562906682414,0.0027564606905008033,0.2727272727272727,0.8717948717948718,277,0.10882591143450027,0.052572706935123045,True,0.96,train,sort
MVI_20032,59,2000,412.39001086595545,143.70257371703275,398.8623716723537,127.12245145080472,425.9176500595571,160.28269598326077,0.8219,False,0.0188650584541086,0.007526067847040374,0.0025444763246395934,0.2727272727272727,0.8717948717948718,277,0.1064582468933433,0.05369127516778524,True,0.98,train,sort
MVI_20032,60,2000,412.0495639354437,142.3680350448773,398.5404068075547,125.69000654838509,425.5587210633327,159.0460635413695,0.8324,False,0.0312604876893041,0.012484202574101853,0.002669443342903592,0.2727272727272727,0.8717948717948718,277,0.10398873361376139,0.05480984340044743,True,1.0,train,sort
MVI_20032,61,2000,411.8411668445202,141.06176097457086,398.6049566368156,124.43438237244784,425.0773770522249,157.68913957669386,0.856,False,0.030023802362502,0.01198953213156043,0.002706047480892299,0.2727272727272727,0.8717948717948718,277,0.1024228664633547,0.055928411633109625,True,1.0,train,sort
MVI_20032,62,2000,411.4506880129747,139.54909570608825,398.4239540512664,122.95309165491118,424.47742197468295,156.1450997572653,0.8685,False,0.0354588604508701,0.014163539157877745,0.002707621401902653,0.2727272727272727,0.8717948717948718,277,0.10086946391935031,0.05704697986577182,True,1.0,train,sort
MVI_20032,63,2000,411.0934443288721,137.87156862958778,398.325264817641,121.38055541416593,423.8616238401033,154.36258184500963,0.8633,False,0.0389291108938182,0.015551628985693235,0.002890235377269796,0.22727272727272727,0.7435897435897436,277,0.09913035390651703,0.05816554809843401,True,1.0,train,sort
MVI_20032,64,2000,410.5985418646278,136.5292154615842,397.8395152052782,120.10122460934136,423.3575685239775,152.95720631382702,0.8141,False,0.0324725060348713,0.012969006297713888,0.003148535678706322,0.22727272727272727,0.7435897435897436,277,0.09727647716885016,0.059284116331096204,True,1.0,train,sort
MVI_20032,65,2000,410.1392808949828,135.81590771656255,397.3374199012156,119.60677216526808,422.94114188875005,152.025043267857,0.8486,False,0.019255649909755,0.007682303264433961,0.0029206565559869416,0.22727272727272727,0.7435897435897436,277,0.09562470493799194,0.0604026845637584,True,1.0,train,sort
MVI_20032,66,2000,409.81167997944925,135.0539782131056,397.0321980310444,119.2007438302024,422.5911619278541,150.90721259600878,0.8442,False,0.0188245020579192,0.007509845409516352,0.0027080683665132925,0.22727272727272727,0.7435897435897436,277,0.09412990241016826,0.061521252796420595,True,1.0,train,sort
MVI_20032,67,2000,409.56203792313215,134.15307372004443,397.0045060516212,118.55862516910337,422.1195697946432,149.74752227098548,0.8816,False,0.0212186190914639,0.008467485082934266,0.0024377562000447196,0.22727272727272727,0.7435897435897436,277,0.09199104077897981,0.06263982102908279,True,1.0,train,sort
MVI_20032,68,2000,409.1764006980471,133.5324564584457,396.6769795221049,118.1452345676818,421.67582187398926,148.9196783492096,0.8983,False,0.0165842710874266,0.006613759702383277,0.00201360032339806,0.22727272727272727,0.7435897435897436,277,0.09029234491474854,0.06375838926174497,True,1.0,train,sort
MVI_20032,69,2000,408.8760141650454,133.6714105120173,396.48337334156815,118.8424800075614,421.2686549885226,148.5003410164732,0.8083,False,0.0075120897384059,0.0029849142188352073,0.0015397948565687807,0.22727272727272727,0.7435897435897436,277,0.08845137678022363,0.06487695749440715,True,1.0,train,sort
MVI_20032,70,2000,408.5695624775707,133.27249354849263,396.3144578910813,118.57398745207394,420.82466706406007,147.97099964491133,0.8334,False,0.0114175975506147,0.004547105696282431,0.0013910107973229156,0.22727272727272727,0.7435897435897436,277,0.08801792191851494,0.06599552572706935,True,1.0,train,sort
MVI_20032,71,2000,408.2399494626417,131.35201130796355,396.2852309742468,117.88980654098444,420.1946679510367,144.81421607494266,0.8336,False,0.0442270734927652,0.01767079822510344,0.0018732093742375058,0.22727272727272727,0.7435897435897436,277,0.08886946074776347,0.06711409395973154,True,1.0,train,sort
MVI_20032,72,2000,407.5839734163407,131.1679252527334,395.51192779441385,117.43867563992808,419.6560190382674,144.8971748655387,0.832,False,0.0154640323690972,0.006165667555951041,0.0017639742310405293,0.22727272727272727,0.7435897435897436,277,0.08807479613323065,0.06823266219239374,True,1.0,train,sort
MVI_20032,73,2000,406.9646803249917,129.68416717941454,394.8417089887995,115.12315878381064,419.087651661184,144.24517557501844,0.8194,False,0.0364929763566303,0.014577182436127293,0.0021418867338611407,0.22727272727272727,0.7435897435897436,277,0.08733229943761324,0.06935123042505593,True,1.0,train,sort
MVI_20032,74,2000,406.07318052894,128.1045788858341,393.7875547636909,113.2703063061008,418.3588062941892,142.93885146556738,0.8124,False,0.0411683296629805,0.01644730981531287,0.0027807587093834174,0.22727272727272727,0.7435897435897436,277,0.08409804523911639,0.07046979865771813,True,1.0,train,sort
MVI_20032,75,2000,405.4657740909572,126.87481882094728,393.09853807830297,111.9365758183225,417.8330101036115,141.81306182357204,0.8609,False,0.0311313060592361,0.012432530307334348,0.0031549697302222946,0.22727272727272727,0.7435897435897436,277,0.08296123857718896,0.07158836689038033,True,1.0,train,sort
MVI_20032,76,2000,405.0567194397523,126.42504368233656,392.7717358538527,111.81417563855848,417.341703025652,141.03591172611462,0.8559,False,0.0137991878456895,0.005499734711670985,0.0025773792608805557,0.22727272727272727,0.7435897435897436,277,0.08123568299028147,0.07270693512304252,True,1.0,train,sort
MVI_20032,77,2000,404.7112752023555,126.0814331013918,392.5240457644709,111.78549231907026,416.8985046402401,140.37737388371335,0.8747,False,0.0110589557849656,0.004403650059603834,0.0024937608891926304,0.22727272727272727,0.7435897435897436,277,0.07983022349589679,0.0738255033557047,True,1.0,train,sort
MVI_20032,78,2000,404.4146851174397,125.74818193049532,392.2864405767755,111.64618806908048,416.542929658104,139.8501757919102,0.8618,False,0.0101256841020838,0.004030344169756898,0.0019932497171310276,0.22727272727272727,0.7435897435897436,277,0.07812843648281774,0.0749440715883669,True,1.0,train,sort
MVI_20032,79,2000,404.286577790732,125.72923275999396,392.54845513192816,111.74987279746976,416.02470044953566,139.70859272251812,0.8754,False,0.002939324720253,0.0011558218489784008,0.0012675762620824112,0.22727272727272727,0.7435897435897436,277,0.07719565868401031,0.0760626398210291,True,1.0,train,sort
MVI_20032,80,2000,403.9783055578344,125.14532384546555,392.36566189415055,111.0228596152612,415.5909492215183,139.2677880756699,0.8702,False,0.0149867610764749,0.005974760462273227,0.0009611160820337844,0.22727272727272727,0.7435897435897436,277,0.07621388662019876,0.07718120805369127,True,1.0,train,sort
MVI_20032,81,2000,403.5380437029967,124.10554445699816,391.94747094166246,109.73752061627556,415.1286164643309,138.47356829772073,0.7954,False,0.0256285524174177,0.010231445261526062,0.0011856643242037323,0.22727272727272727,0.7435897435897436,277,0.07567875462809,0.07829977628635347,True,1.0,train,sort
MVI_20032,82,2000,403.1964883200495,123.4301977505048,391.6944867152626,109.08993821789852,414.69848992483634,137.77045728311106,0.7805,False,0.0171774063832418,0.006851012051795861,0.001301806431272622,0.22727272727272727,0.7435897435897436,277,0.07495373207136269,0.07941834451901567,True,1.0,train,sort
MVI_20032,83,2000,402.8344432225728,122.95403208371592,391.3475968904636,108.86163035170424,414.3212895546821,137.04643381572762,0.8275,False,0.01357688953405,0.0054108160499777335,0.001367318159177899,0.22727272727272727,0.7435897435897436,277,0.07339562287160999,0.08053691275167786,True,1.0,train,sort
MVI_20032,84,2000,402.5763531421375,122.9471208466152,391.1674131207304,109.21611526937156,413.98529316354455,136.67812642385886,0.828,False,0.005860042657802,0.00232410031351072,0.0014227600279929245,0.22727272727272727,0.7435897435897436,277,0.07132568352019089,0.08165548098434006,True,1.0,train,sort
MVI_20032,85,2000,402.31570014363865,122.48481841728804,390.9263278426204,108.83631944198136,413.7050724446569,136.13331739259468,0.8364,False,0.0120458960317646,0.004798423214961328,0.001366935721264988,0.22727272727272727,0.7435897435897436,277,0.07197003902407842,0.08277404921700224,True,1.0,train,sort
MVI_20032,86,2000,402.2008450607698,122.38851866235169,391.0731901379372,108.88752091720283,413.3284999836024,135.88951640750054,0.8167,False,0.0034019680983793,0.0013408778204828298,0.0009450246027074974,0.22727272727272727,0.7435897435897436,277,0.07136832437151466,0.08389261744966443,True,1.0,train,sort
MVI_20032,87,2000,402.0037064749372,122.39041208758955,391.08586718645086,109.08158908438917,412.9215457634236,135.69923509078995,0.8325,False,0.0044747159807423,0.0017699737741609237,0.0007038986501328856,0.22727272727272727,0.7435897435897436,277,0.06914748987402704,0.08501118568232663,True,1.0,train,sort
MVI_20032,88,2000,401.74333879752544,121.6906162527216,390.9942811110087,108.13952660233952,412.4923964840422,135.24170590310368,0.8285,False,0.0169472174035091,0.006758937146397749,0.0007678751379682649,0.22727272727272727,0.7435897435897436,277,0.06774683123498769,0.08612975391498882,True,1.0,train,sort
MVI_20032,89,2000,401.3653398140005,121.30746490808964,390.6404714111573,107.7450810742726,412.0902082168436,134.86984874190668,0.8595,False,0.0122162862030252,0.004866578775309189,0.0008885310959641073,0.22727272727272727,0.7435897435897436,277,0.06677218753738645,0.08724832214765102,True,1.0,train,sort
MVI_20032,90,2000,401.01915043979,120.55488123926948,390.3176467193231,107.04334551311436,411.72065416025686,134.0664169654246,0.8617,False,0.0188021894478486,0.007500920432031254,0.0010167809103110174,0.22727272727272727,0.7435897435897436,277,0.06582456318804655,0.08836689038031321,True,1.0,train,sort
MVI_20032,91,2000,400.7813675326788,119.0446033633645,390.0722166843585,105.19988945776672,411.4905183809991,132.8893172689623,0.7749,False,0.034701460789654,0.01386058155219216,0.0016109164635793754,0.22727272727272727,0.7435897435897436,277,0.06499041311863628,0.08948545861297541,True,1.0,train,sort
MVI_20032,92,2000,400.5131387621433,118.2833743557675,389.7453149783443,104.4791670981183,411.2809625459423,132.08758161341672,0.8546,False,0.0183190568478953,0.007307668832901257,0.0018737135383394606,0.22727272727272727,0.7435897435897436,277,0.06434002772050124,0.09060402684563759,True,1.0,train,sort
MVI_20032,93,2000,400.25423127569405,117.90491514980542,389.45289921922665,104.27840014748642,411.0555633321615,131.5314301521244,0.7836,False,0.0104077473465015,0.004143168626323851,0.001749579524452227,0.22727272727272727,0.7435897435897436,277,0.06382325457383833,0.09172259507829977,True,1.0,train,sort
MVI_20032,94,2000,400.03662328899566,117.2435153840298,389.2586581938455,103.69999219388936,410.81458838414574,130.78703857417025,0.8141,False,0.015803613728252,0.0063014990868759755,0.001817675159259421,0.22727272727272727,0.7435897435897436,277,0.06268109811163906,0.09284116331096197,True,1.0,train,sort
MVI_20032,95,2000,399.7172033319741,116.79094296770994,388.8992592283003,103.36273501858513,410.5351474356479,130.21915091683476,0.8529,False,0.0125729592866762,0.0050092469450597615,0.0016994302041494656,0.22727272727272727,0.7435897435897436,277,0.0615483786164798,0.09395973154362416,True,1.0,train,sort
MVI_20032,96,2000,399.3453114113085,116.60358207674795,388.52291740858624,103.41049853831828,410.1677054140308,129.79666561517766,0.8455,False,0.0094516580724328,0.0037607357680512843,0.0012201315249253403,0.22727272727272727,0.7435897435897436,277,0.060715044678331526,0.09507829977628636,True,1.0,train,sort
MVI_20032,97,2000,399.0649154167106,116.0704715003664,388.29719452840266,102.865336346433,409.8326363050186,129.2756066542998,0.8549,False,0.0136717681328339,0.005448767206533886,0.0011319154161482648,0.22727272727272727,0.7435897435897436,277,0.06041890647934775,0.09619686800894856,True,1.0,train,sort
MVI_20032,98,2000,398.76918162396527,115.51236350826726,388.037373482398,102.42058776041364,409.50098976553255,128.60413925612087,0.8674,False,0.0143360410625668,0.005714474397359009,0.0012064833646903091,0.1818181818181818,0.6153846153846154,277,0.059042838652000385,0.09731543624161075,True,1.0,train,sort
MVI_20032,99,2000,398.5315875783484,115.4795862422178,387.9147150855193,102.69953425064942,409.1484600711775,128.25963823378618,0.8861,False,0.0054438127355507,0.002157609585937002,0.0010098307813637885,0.1818181818181818,0.6153846153846154,277,0.05833802985576085,0.09843400447427295,True,1.0,train,sort
MVI_20032,100,2000,398.232017513096,115.7899809456852,387.7264002370401,103.35654436496486,408.7376347891519,128.22341752640554,0.8519,False,0.0097911101641206,0.003896515592374909,0.0009570249584758216,0.1818181818181818,0.6153846153846154,277,0.05752375051609075,0.09955257270693513,True,1.0,train,sort
MVI_20032,101,2000,397.8687893080069,115.44542452227462,387.32348255708206,102.98552802548984,408.41409605893176,127.9053210190594,0.8596,False,0.0113634709104661,0.00452545520164542,0.0009933155140280881,0.1818181818181818,0.6153846153846154,277,0.056857846761557584,0.10067114093959732,True,1.0,train,sort
MVI_20032,102,2000,397.7007047498291,114.89059847232136,387.217920749042,102.26818377575654,408.18348875061616,127.5130131688862,0.8547,False,0.0131582448040943,0.005243359406523942,0.0009835676733826707,0.1818181818181818,0.6153846153846154,277,0.055705390672406485,0.10178970917225952,True,1.0,train,sort
MVI_20032,103,2000,397.4614266692152,114.44652706509382,387.0424688397337,101.79862066590348,407.88038449869657,127.09443346428417,0.8513,False,0.0114492740146837,0.004559776187440975,0.0009287702696653571,0.1818181818181818,0.6153846153846154,277,0.05441874184679682,0.10290827740492171,True,1.0,train,sort
MVI_20032,104,2000,397.2495366218002,113.6690323625974,386.9380853205014,100.92759326460028,407.5609879230991,126.41047146059452,0.8589,False,0.0182906194231707,0.007296293947820658,0.0011726318770839503,0.1818181818181818,0.6153846153846154,277,0.05350034019541777,0.10402684563758391,True,1.0,train,sort
MVI_20032,105,2000,397.11637028359297,112.77673569939394,386.8538600415343,99.98982420613098,407.37888052565165,125.5636471926569,0.8525,False,0.0204770047562147,0.00817084156055868,0.0013754744585361117,0.1818181818181818,0.6153846153846154,277,0.05297813374904406,0.10514541387024609,True,1.0,train,sort
MVI_20032,106,2000,396.91227777083816,112.30497492616296,386.7246410694192,99.66808924610606,407.099914472257,124.94186060621986,0.8498,False,0.0116667545593793,0.004646767756724752,0.0013812314719267647,0.1818181818181818,0.6153846153846154,277,0.052241849080050015,0.10626398210290829,True,1.0,train,sort
MVI_20032,107,2000,396.6238703881492,111.68418487901629,386.4408701161378,99.0519438793097,406.8068706601605,124.31642587872288,0.8479,False,0.0155366004315081,0.006194694564494916,0.0014263780706432465,0.1818181818181818,0.6153846153846154,277,0.051720048269499296,0.10738255033557048,True,1.0,train,sort
MVI_20032,108,2000,396.4605951592483,110.8528315516614,386.4575224494888,98.2521510317793,406.4636678690079,123.4535120715435,0.8264,False,0.0192299298272376,0.007672015308132299,0.0015740726129024275,0.1818181818181818,0.6153846153846154,277,0.0507910548522003,0.10850111856823266,True,1.0,train,sort
MVI_20032,109,2000,396.2296571071598,111.15241874605884,386.2093261804471,98.99616250595746,406.24998803387257,123.30867498616024,0.8573,False,0.0085856002952269,0.00341431524002196,0.001389849278488182,0.1818181818181818,0.6153846153846154,277,0.05032424738043762,0.10961968680089486,True,1.0,train,sort
MVI_20032,110,2000,396.0497202960219,111.42738073726912,386.06923032083546,99.58076793093814,406.0302102712084,123.27399354360008,0.8582,False,0.0074584432481995,0.0029634557827431197,0.0011427273739699343,0.1818181818181818,0.6153846153846154,277,0.04971090832725488,0.11073825503355705,True,1.0,train,sort
MVI_20032,111,2000,395.772790179937,111.1399916813328,385.8461228941426,99.3375560594466,405.69945746573137,122.94242730321896,0.8653,False,0.0090585397046953,0.0036034895933572445,0.0010932175243690027,0.1818181818181818,0.6153846153846154,277,0.04983392970014739,0.11185682326621925,True,1.0,train,sort
MVI_20032,112,2000,395.5228518389709,110.60862214604936,385.5849162515824,98.75880562860246,405.4607874263593,122.45843866349624,0.823,False,0.0133282081927844,0.005311344255116415,0.001051297217304299,0.1818181818181818,0.6153846153846154,277,0.04953431849895493,0.11297539149888144,True,1.0,train,sort
MVI_20032,113,2000,395.31819139402455,110.2782344921752,385.39426790541927,98.46431210347414,405.2421148826298,122.09215688087625,0.8546,False,0.0088210955681587,0.003508512646874702,0.0008537138710694096,0.1818181818181818,0.6153846153846154,277,0.0491637198475286,0.11409395973154364,True,1.0,train,sort
MVI_20032,114,2000,395.1515965627893,110.08781132054384,385.31538635556586,98.36956943181868,404.9878067700128,121.806053209269,0.8229,False,0.0057426728933053,0.002277152757745124,0.0007997486435335242,0.1818181818181818,0.6153846153846154,277,0.04844839180782442,0.11521252796420584,True,1.0,train,sort
MVI_20032,115,2000,394.9755915329719,109.37711203242114,385.187342788844,97.5471561363291,404.76384027709975,121.2070679285132,0.8352,False,0.016618241480207,0.006627347758185177,0.0009736224453896611,0.1818181818181818,0.6153846153846154,277,0.04682588324781222,0.11633109619686802,True,1.0,train,sort
MVI_20032,116,2000,394.6983398262989,108.90306150926654,384.8052852182591,97.049538788312,404.59139443433867,120.75658423022108,0.8056,False,0.0124647625517371,0.004965968573760377,0.0010382803015326991,0.1818181818181818,0.6153846153846154,277,0.04677777604307759,0.11744966442953021,True,1.0,train,sort
MVI_20032,117,2000,394.4274308080458,108.27736357224964,384.3791904548351,96.31060904639294,404.47567116125657,120.24411809810634,0.7958,False,0.0154756438092105,0.006170312097367437,0.0010790435132773163,0.1818181818181818,0.6153846153846154,277,0.04619986595748078,0.11856823266219241,True,1.0,train,sort
MVI_20032,118,2000,394.2407485608145,107.13198572766748,384.0480003205707,94.81477116690036,404.4334968010584,119.44920028843462,0.7842,False,0.0263400014983543,0.010516022772138735,0.001411592189709848,0.1818181818181818,0.6153846153846154,277,0.046114505409566,0.1196868008948546,True,1.0,train,sort
MVI_20032,119,2000,393.9772483732154,105.9868024057532,383.7794680967338,93.57560615535722,404.175028649697,118.39799865614916,0.8131,False,0.0266717391864249,0.010648716858022251,0.0018088734652916454,0.1818181818181818,0.6153846153846154,277,0.04562223564329629,0.1208053691275168,True,1.0,train,sort
MVI_20032,120,2000,393.7561435239404,105.25664162345784,383.6198363804995,93.00474486038058,403.8924506673812,117.50853838653514,0.8137,False,0.0173158395915986,0.006906384922287768,0.0018221154639386763,0.1818181818181818,0.6153846153846154,277,0.04500086451682766,0.121923937360179,True,1.0,train,sort
MVI_20032,121,2000,393.5843868829441,104.75123045383228,383.599454951976,92.79330277497728,403.5693188139121,116.70915813268728,0.8054,False,0.0121157728653548,0.004826373740003,0.0018154908460111946,0.1818181818181818,0.6153846153846154,277,0.044533107614278665,0.12304250559284119,True,1.0,train,sort
MVI_20032,122,2000,393.3665770308274,104.17036121520808,383.3834123756441,92.36525915394158,403.34974168601065,115.97546327647458,0.8278,False,0.0140805515995363,0.005612279374095656,0.0017890088231224898,0.1818181818181818,0.6153846153846154,277,0.044236569313080336,0.12416107382550337,True,1.0,train,sort
MVI_20032,123,2000,393.04253186593087,103.6508320630118,383.1254061734991,92.03710905354664,402.9596575583627,115.26455507247692,0.8164,False,0.0138976280613805,0.005539110504368111,0.0015528242785720686,0.1818181818181818,0.6153846153846154,277,0.044027151332781365,0.12527964205816558,True,1.0,train,sort
MVI_20032,124,2000,392.7919726531102,102.47950688796834,383.0213154536413,90.5253974687284,402.5626298525791,114.43361630720824,0.8162,False,0.0271873486218209,0.010854959094473312,0.0015626117182660929,0.1818181818181818,0.6153846153846154,277,0.04374959010583238,0.12639821029082773,True,1.0,train,sort
MVI_20032,125,2000,392.5578890819306,100.98851286459256,382.83193639162187,88.73513332663029,402.2838417722393,113.24189240255484,0.8803,False,0.0342560401972664,0.01368241464361955,0.001884175251534834,0.1818181818181818,0.6153846153846154,277,0.04333117837463094,0.12751677852348994,True,1.0,train,sort
MVI_20032,126,2000,392.3052480361088,100.34740197789972,382.6556863927044,88.25275547002062,401.9548096795131,112.44204848577884,0.8507,False,0.015640561276317,0.0062362785923749785,0.001951083751725469,0.1818181818181818,0.6153846153846154,277,0.04309495871871556,0.12863534675615212,True,1.0,train,sort
MVI_20032,127,2000,392.1833117258405,100.06948887570265,382.6410747156167,88.25550887343827,401.7255487360643,111.883468877967,0.8239,False,0.0068883217054926,0.0027354088659397383,0.0018145588716106523,0.1818181818181818,0.6153846153846154,277,0.04349847372478484,0.1297539149888143,True,1.0,train,sort
MVI_20032,128,2000,391.9282396374027,99.66304581638305,382.3610523673824,87.98409730718072,401.4954269074231,111.34199432558536,0.8637,False,0.0108913300232706,0.004336600254837852,0.0017574924978588525,0.1818181818181818,0.6153846153846154,277,0.042400720506099644,0.13087248322147652,True,1.0,train,sort
MVI_20032,129,2000,391.6771697600939,99.32656284350482,382.1694536951025,87.82903478653019,401.18488582508536,110.82409090047943,0.8444,False,0.0095289893151662,0.0037916680345188576,0.0014222966791932194,0.1818181818181818,0.6153846153846154,277,0.041866885936180716,0.1319910514541387,True,1.0,train,sort
MVI_20032,130,2000,391.541107795364,98.7198740748348,382.0703476159197,87.36439629029564,401.0118679748084,110.07535185937394,0.8412,False,0.0141122354323986,0.005624952812749555,0.0010399214532765108,0.1818181818181818,0.6153846153846154,277,0.0409797895440341,0.1331096196868009,True,1.0,train,sort
MVI_20032,131,2000,391.1483711537813,97.87110744310252,381.4316134370287,86.46144999140908,400.865128870534,109.28076489479596,0.8026,False,0.0212270762389152,0.00847086791669295,0.001145966212240624,0.1818181818181818,0.6153846153846154,277,0.04027083261029573,0.1342281879194631,True,1.0,train,sort
MVI_20032,132,2000,391.0907543168959,96.68477276692622,381.60709795711335,85.15083463280655,400.5744106766784,108.21871090104588,0.834,False,0.0269583078580528,0.01076334347203671,0.001526940193015839,0.1818181818181818,0.6153846153846154,277,0.039996326039223526,0.1353467561521253,True,1.0,train,sort
MVI_20032,133,2000,390.7292201125189,95.94916227515576,381.0667406392761,84.49669161354555,400.3916995857618,107.401632936766,0.7353,False,0.0186038758271696,0.007421595575192417,0.0016733418524134858,0.1818181818181818,0.6153846153846154,277,0.04007994355040314,0.13646532438478748,True,1.0,train,sort
MVI_20032,134,2000,390.7676766537601,94.92098917150469,381.3644836351718,83.40736635312217,400.1708696723484,106.43461198988716,0.7526,False,0.0233530503965414,0.009321251239428714,0.0019357539707187794,0.1818181818181818,0.6153846153846154,277,0.0395667808869311,0.1375838926174497,True,1.0,train,sort
MVI_20032,135,2000,390.6147391700055,94.00332380250852,381.3403836760641,82.58439683777468,399.8890946639468,105.4222507672424,0.8082,False,0.021115785635404,0.00842635200719159,0.0020686972811982283,0.1818181818181818,0.6153846153846154,277,0.03887706891352469,0.13870246085011187,True,1.0,train,sort
MVI_20032,136,2000,390.1663727424776,93.33354975323188,380.9253361646722,82.02017376291097,399.4074093202831,104.6469257435528,0.8203,False,0.0182939190906072,0.007297613804954635,0.0020130192878734738,0.1818181818181818,0.6153846153846154,277,0.03867407801620615,0.13982102908277405,True,1.0,train,sort
MVI_20032,137,2000,389.75511112597945,92.64224207987174,380.4664335517118,81.44323237813181,399.0437887002471,103.84125178161166,0.8494,False,0.0182574526757731,0.0072830273477751395,0.0018478572688394482,0.1818181818181818,0.6153846153846154,277,0.03888970415613482,0.14093959731543626,True,1.0,train,sort
MVI_20032,138,2000,389.3620688486764,92.23832246236236,380.0243071500436,81.18759571905584,398.6998305473092,103.28904920566887,0.8418,False,0.0127919517836116,0.005096843290730342,0.0017375337328884761,0.1818181818181818,0.6153846153846154,277,0.038849435892243406,0.14205816554809844,True,1.0,train,sort
MVI_20032,139,2000,389.1510327503678,91.93467990751353,379.9615017731441,81.09239575906416,398.34056372759153,102.7769640559629,0.8359,False,0.0083929321528422,0.003337248557664304,0.0014535566659963331,0.1818181818181818,0.6153846153846154,277,0.038915109735820234,0.14317673378076065,True,1.0,train,sort
MVI_20032,140,2000,388.7567037177666,91.79840493870032,379.5727242490086,81.25260471472544,397.9406831865246,102.3442051626752,0.8194,False,0.0094695883058105,0.0037679078079288536,0.001232485354645034,0.1818181818181818,0.6153846153846154,277,0.03869406356338737,0.14429530201342283,True,1.0,train,sort
MVI_20032,141,2000,388.5331370282606,91.85207287472288,379.4715250095657,81.44261706499252,397.5947490469556,102.26152868445324,0.7921,False,0.0052185143822561,0.002067490916528782,0.0009842844369103664,0.1818181818181818,0.6153846153846154,277,0.038803618240736554,0.14541387024608504,True,1.0,train,sort
MVI_20032,142,2000,388.42476096437554,92.03541199459,379.5514459084518,81.88992357863475,397.2980760202993,102.18090041054526,0.7887,False,0.0048339666320452,0.0019136729632851473,0.0007294761438160942,0.1818181818181818,0.6153846153846154,277,0.038498055246042655,0.14653243847874722,True,1.0,train,sort
MVI_20032,143,2000,388.13831209689874,91.80666994611632,379.2163248602611,81.64246721575091,397.0602993335364,101.97087267648176,0.7983,False,0.0083202134115086,0.003308161278000686,0.0006445923797887805,0.1818181818181818,0.6153846153846154,277,0.038618553880722564,0.1476510067114094,True,1.0,train,sort
MVI_20032,144,2000,387.9230207430941,91.78853105049156,378.9910572934017,81.80217277586976,396.85498419278656,101.7748893251134,0.7909,False,0.004903840972098,0.0019416224909192927,0.0005783614942111006,0.1818181818181818,0.6153846153846154,277,0.03830321778115502,0.14876957494407161,True,1.0,train,sort
MVI_20032,145,2000,387.7706510656728,90.871687138634,378.9514109799784,80.23499348371719,396.58989115136734,101.50838079355078,0.8014,False,0.021095278033001,0.008418149027390432,0.0007990435246299557,0.1818181818181818,0.6153846153846154,277,0.03833526440328653,0.1498881431767338,True,1.0,train,sort
MVI_20032,146,2000,387.5934993069849,91.31949245686944,378.7796276158671,81.13422284512335,396.4073709981027,101.50476206861556,0.8158,False,0.0109303921878124,0.004352225004159077,0.0009074679554563206,0.13636363636363638,0.48717948717948717,277,0.038059766914692456,0.151006711409396,True,1.0,train,sort
MVI_20032,147,2000,387.51865586175694,91.84708790879338,378.7663337993639,81.91228813013399,396.27097792415,101.78188768745277,0.7992,False,0.012094871153944,0.004818013117774065,0.0010452964361891619,0.13636363636363638,0.48717948717948717,277,0.03798854964378389,0.1521252796420582,True,1.0,train,sort
MVI_20032,148,2000,387.4982023443731,90.6984810646322,378.8455952946177,80.21822457365765,396.1508093941285,101.17873755560676,0.6163,False,0.0260743837886535,0.010409776480412872,0.0013823109668683214,0.13636363636363638,0.48717948717948717,277,0.03781920301866397,0.1532438478747204,True,1.0,train,sort
MVI_20032,149,2000,387.3604286900513,88.65554004468513,378.64594758172296,77.53356710801627,396.0749097983797,99.777512981354,0.7919,False,0.0464745275719459,0.01856977315417018,0.002171417139494288,0.13636363636363638,0.48717948717948717,277,0.03754536364201597,0.15436241610738255,True,1.0,train,sort
MVI_20032,150,2000,387.1681411278468,86.9017272691722,378.3988330339204,75.44472841309414,395.9374492217731,98.35872612525029,0.8167,False,0.040045320299667,0.015998109419149927,0.002531132038314453,0.13636363636363638,0.48717948717948717,277,0.03790044131367286,0.15548098434004476,True,1.0,train,sort
MVI_20032,151,2000,386.9860722115291,85.48312079004594,378.3167311941879,74.13641513819196,395.6554132288703,96.82982644189993,0.8097,False,0.0324626125406394,0.012965048929526598,0.0029398625496555968,0.1818181818181818,0.6153846153846154,277,0.03769594105552174,0.15659955257270694,True,1.0,train,sort
MVI_20032,152,2000,386.848743041907,84.20418244014922,378.16672345379214,72.93183701807405,395.53076263002185,95.47652786222442,0.8149,False,0.0291952894356544,0.011658129431704072,0.003264467378786155,0.1818181818181818,0.6153846153846154,277,0.037227813138065065,0.15771812080536912,True,1.0,train,sort
MVI_20032,153,2000,386.75375873388816,84.06104271769115,378.180157566729,73.40067778980507,395.32735990104726,94.72140764557724,0.8127,False,0.003899112472879,0.00153973408764387,0.0028435302977277625,0.1818181818181818,0.6153846153846154,277,0.037237920717440795,0.15883668903803133,True,1.0,train,sort
MVI_20032,154,2000,386.6860563673736,83.90573057935539,378.2423500596538,73.55056816896028,395.1297626750934,94.2608929897505,0.7975,False,0.0038455294755307,0.0015183010485057106,0.0020343349660618946,0.1818181818181818,0.6153846153846154,277,0.03736841984117602,0.1599552572706935,True,1.0,train,sort
MVI_20032,155,2000,386.51411534596616,83.47751317268019,378.0090838817676,73.1844471823162,395.0191468101647,93.77057916304418,0.803,False,0.0104736045809765,0.004169511323707142,0.0014729965490812055,0.1818181818181818,0.6153846153846154,277,0.03756831829201589,0.16107382550335572,True,1.0,train,sort
MVI_20032,156,2000,386.4422763737415,83.13206553939028,378.00301116943206,72.94725473841895,394.88154157805087,93.3168763403616,0.8099,False,0.0080084708181132,0.00318346517035571,0.001008801325045955,0.1818181818181818,0.6153846153846154,277,0.03753202424950879,0.1621923937360179,True,1.0,train,sort
MVI_20032,157,2000,386.30473027019934,82.9448524270449,377.7958979795419,72.86917861647666,394.8135625608568,93.02052623761315,0.8056,False,0.0052727925176257,0.002089202008802361,0.0005546979284782583,0.1818181818181818,0.6153846153846154,277,0.03755797720679087,0.1633109619686801,True,1.0,train,sort
MVI_20032,158,2000,386.30688624487846,82.18460737225553,377.8780347856255,72.08634920205701,394.7357377041315,92.28286554245403,0.8138,False,0.0172555639694311,0.006882274853181383,0.0008082337534157079,0.1818181818181818,0.6153846153846154,277,0.03726638002503525,0.1644295302013423,True,1.0,train,sort
MVI_20032,159,2000,386.2043219150868,81.85969032567039,377.84130677482113,71.90401293399098,394.5673370553524,91.8153677173498,0.8126,False,0.0077334307826993,0.0030734499764448835,0.000882034962175596,0.1818181818181818,0.6153846153846154,277,0.03705148588156277,0.16554809843400448,True,1.0,train,sort
MVI_20032,160,2000,386.0916887991261,82.37842282345665,377.6545373295264,72.81156742738577,394.5288402687259,91.94527821952752,0.805,False,0.0120481646334429,0.004799330648866969,0.0009119236928701717,0.1818181818181818,0.6153846153846154,277,0.03689386694813838,0.16666666666666669,True,1.0,train,sort
MVI_20032,161,2000,386.0244343083433,82.33446244066808,377.54792153738833,72.77228586128595,394.5009470792983,91.8966390200502,0.814,False,0.0018236641692461,0.0007095609558216389,0.0007945219970526909,0.1818181818181818,0.6153846153846154,277,0.036270140620903606,0.16778523489932887,True,1.0,train,sort
MVI_20032,162,2000,385.98194223652473,82.20407401699721,377.5567539042094,72.65158758773187,394.4071305688401,91.75656044626255,0.7983,False,0.0031126501100899,0.0012251514880030642,0.0007535175815147514,0.1818181818181818,0.6153846153846154,277,0.03585648189370317,0.16890380313199108,True,1.0,train,sort
MVI_20032,163,2000,385.77745997846,82.61342409814645,377.2631761497641,73.24353394103012,394.291743807156,91.9833142552628,0.7885,False,0.0103858466613053,0.004134408417559982,0.0006231147237458024,0.1818181818181818,0.6153846153846154,277,0.03615532007147935,0.17002237136465326,True,1.0,train,sort
MVI_20032,164,2000,385.68149746718575,82.4020847966543,377.102981371572,72.87687407337332,394.26001356279954,91.92729551993526,0.7923,False,0.0052681703171976,0.0020873531424159724,0.0005763184735615373,0.1818181818181818,0.6153846153846154,277,0.03533999860614856,0.17114093959731547,True,1.0,train,sort
MVI_20032,165,2000,385.640216208672,81.90192007778523,377.10480375486446,72.21678465422778,394.17562866247954,91.58705550134268,0.8055,False,0.0113909795059138,0.004536458557785316,0.0005638436052563046,0.1818181818181818,0.6153846153846154,277,0.03525878803233797,0.17225950782997765,True,1.0,train,sort
MVI_20032,166,2000,385.5132119295706,81.69503203640608,377.0896875470888,72.05330369455237,393.9367363120524,91.3367603782598,0.8045,False,0.0055100070713223,0.0021840871228335852,0.0006338187770990256,0.1818181818181818,0.6153846153846154,277,0.03522334895373334,0.17337807606263983,True,1.0,train,sort
MVI_20032,167,2000,385.3979832731192,81.22336084284011,377.1135246991372,71.60871565983186,393.6824418471013,90.83800602584836,0.8128,False,0.0110204901185934,0.004388263907771476,0.0007839275646423976,0.1818181818181818,0.6153846153846154,277,0.03481770887490305,0.17449664429530204,True,1.0,train,sort
MVI_20032,168,2000,385.4981903102499,79.50863339939515,377.4064920694848,69.34009676058717,393.589888551015,89.67717003820313,0.7573,False,0.0389860492766521,0.015574404169018875,0.0013268244534853655,0.13636363636363638,0.48717948717948717,277,0.034475056336552796,0.17561521252796422,True,1.0,train,sort
MVI_20032,169,2000,385.3534655309489,77.4832011518566,377.2916061514109,66.9303590636948,393.4153249104869,88.03604324001842,0.7311,False,0.0460890104228249,0.01841556744425356,0.0021016968343337957,0.13636363636363638,0.48717948717948717,277,0.03460252078315333,0.17673378076062643,True,1.0,train,sort
MVI_20032,170,2000,384.75503973945126,74.9548306438067,376.3618298273877,63.93737275465472,393.1482496515149,85.97228853295867,0.6217,False,0.0589726292897862,0.0235689765680884,0.0030049047584559366,0.13636363636363638,0.48717948717948717,277,0.035090172653869135,0.1778523489932886,True,1.0,train,sort
MVI_20032,171,2000,384.9662696159454,72.39577405516201,376.74983035992864,61.23852124838197,393.1827088719621,83.55302686194204,0.7935,False,0.0582811546191928,0.023292388762043082,0.004006621152207602,0.13636363636363638,0.48717948717948717,277,0.034523353314155694,0.17897091722595082,True,1.0,train,sort
MVI_20032,172,2000,384.8036982313317,70.86051534793596,376.6202013534807,59.88517279662063,392.9871951091828,81.8358578992513,0.736,False,0.0350410181992754,0.013996403503375153,0.0044625854031870625,0.13636363636363638,0.48717948717948717,277,0.034549617186687566,0.180089485458613,True,1.0,train,sort
MVI_20032,173,2000,384.70837437471175,70.91553879374933,376.658913592482,60.69156899778177,392.7578351569416,81.13950858971688,0.7987,False,0.0024981671106293,0.0009793601207978416,0.0037699624181396396,0.13636363636363638,0.48717948717948717,277,0.034501915929245335,0.18120805369127518,True,1.0,train,sort
MVI_20032,174,2000,384.5654714567528,70.73611262250617,376.4741130293459,60.91210031602989,392.65682988415966,80.56012492898243,0.8059,False,0.0052062926213829,0.0020626022486285797,0.0029939154579010432,0.13636363636363638,0.48717948717948717,277,0.0343889443016779,0.18232662192393737,True,1.0,train,sort
MVI_20032,175,2000,384.31265269797416,70.50660016726627,376.1325453496577,60.9971436388074,392.4927600462906,80.01605669572513,0.7871,False,0.0077501585998833,0.003080141053430951,0.002021596472948245,0.13636363636363638,0.48717948717948717,277,0.03488045746632064,0.18344519015659955,True,1.0,train,sort
MVI_20032,176,2000,384.23250988590814,71.0714165958888,376.2151568194319,61.98114678729748,392.2498629523844,80.16168640448014,0.7891,False,0.012948205575968,0.005159344341675615,0.0011610740029277965,0.13636363636363638,0.48717948717948717,277,0.03499128124308667,0.18456375838926176,True,1.0,train,sort
MVI_20032,177,2000,384.0794778013876,71.10990640247212,376.1324657193038,62.06214267447857,392.0264898834714,80.15767013046568,0.7791,False,0.0035815907437575,0.0014127263429436331,0.000563902524106978,0.13636363636363638,0.48717948717948717,277,0.03526613336836259,0.18568232662192394,True,1.0,train,sort
MVI_20032,178,2000,383.8926767134879,70.8185868940847,375.9213806509173,61.6400109464363,391.8639727760585,79.99716284173311,0.7789,False,0.0078547576207378,0.003121980349826012,0.0006655827940636399,0.13636363636363638,0.48717948717948717,277,0.03497033219919435,0.18680089485458615,True,1.0,train,sort
MVI_20032,179,2000,383.7416166696479,70.74032891141606,375.8902212790325,61.541584703533054,391.5930120602633,79.93907311929905,0.7847,False,0.0038614369365941,0.0015246639854900514,0.0006400543746662592,0.13636363636363638,0.48717948717948717,277,0.035186660302911205,0.18791946308724833,True,1.0,train,sort
MVI_20032,180,2000,383.7813031334861,70.58912323606854,376.14294156987705,61.40870007613512,391.4196646970952,79.76954639600197,0.7829,False,0.0035482005875623,0.00139937038004535,0.0005602916554079781,0.13636363636363638,0.48717948717948717,277,0.03460885852887801,0.18903803131991054,True,1.0,train,sort
MVI_20032,181,2000,383.6435427175312,69.47324244501392,376.01311989351296,59.9361316030403,391.27396554154944,79.01035328698754,0.7469,False,0.0255197362907266,0.010187919135373072,0.0007989278988230488,0.13636363636363638,0.48717948717948717,277,0.03463360039316328,0.19015659955257272,True,1.0,train,sort
MVI_20032,182,2000,383.55383552158565,69.41426924715435,375.966117488924,60.22163107025706,391.1415535542473,78.60690742405166,0.7213,False,0.0024366794600493,0.000954765243941112,0.0007771948788760901,0.13636363636363638,0.48717948717948717,277,0.03437059397022322,0.1912751677852349,True,1.0,train,sort
MVI_20032,183,2000,383.5661836645549,69.53626836268191,376.1203978205651,60.678958508181495,391.0119695085447,78.39357821718231,0.7725,False,0.0027831956253927,0.0010933706766596987,0.0006809250983476932,0.13636363636363638,0.48717948717948717,277,0.03388949599145685,0.1923937360178971,True,1.0,train,sort
MVI_20032,184,2000,383.6743122744903,68.28737663868071,376.5074701192492,58.97237222343425,390.8411544297313,77.60238105392718,0.6864,False,0.0284524892930197,0.011361011589910718,0.0011477191975795007,0.13636363636363638,0.48717948717948717,277,0.033657215374835195,0.1935123042505593,True,1.0,train,sort
MVI_20032,185,2000,383.539559658891,66.79062577248152,376.31594482932337,56.94734230943067,390.76317448845856,76.63390923553236,0.7646,False,0.0341095743750185,0.013623828751526934,0.0017278435754072977,0.13636363636363638,0.48717948717948717,277,0.03358889450629078,0.1946308724832215,True,1.0,train,sort
MVI_20032,186,2000,383.3387218315319,66.32858414104679,376.0414065042126,56.66007023042643,390.6360371588512,75.99709805166715,0.7495,False,0.0114349764659715,0.0045540572105958336,0.0014604828020658943,0.13636363636363638,0.48717948717948717,277,0.03302066562146378,0.19574944071588368,True,1.0,train,sort
MVI_20032,187,2000,383.1248051364384,65.98223101402351,375.6902633268894,56.3816163367588,390.5593469459873,75.58284569128823,0.7354,False,0.0092397957745503,0.003675991480737378,0.0015896214215104121,0.13636363636363638,0.48717948717948717,277,0.03289441861907575,0.1968680089485459,True,1.0,train,sort
MVI_20032,188,2000,382.8477458739263,65.51091648320025,375.1998306676373,55.98800688253542,390.49566108021537,75.03382608386507,0.7385,False,0.0124089833002356,0.004943657039510803,0.0017723407627549055,0.13636363636363638,0.48717948717948717,277,0.033233779022514766,0.19798657718120807,True,1.0,train,sort
MVI_20032,189,2000,382.84970634450326,65.34401754585949,375.2517594169043,55.91560157851824,390.4476532721023,74.77243351320072,0.7163,False,0.0037884131818734,0.001495454701381281,0.0013041605065862861,0.13636363636363638,0.48717948717948717,277,0.033023640923651926,0.19910514541387025,True,1.0,train,sort
MVI_20032,190,2000,382.8818599239096,65.15463099596101,375.3663946506194,55.95769945723804,390.3973251971997,74.351562534684,0.7168,False,0.0043600710828911,0.0017241161569271106,0.0007394472771333933,0.13636363636363638,0.48717948717948717,277,0.032590353985411165,0.20022371364653246,True,1.0,train,sort
MVI_20032,191,2000,382.865484324461,65.02881391020439,375.43245753865904,56.01564655255859,390.2985111102631,74.04198126785019,0.7387,False,0.0028797919222416,0.0011320089073191357,0.0005770504181063819,0.13636363636363638,0.48717948717948717,277,0.032283619388418956,0.20134228187919465,True,1.0,train,sort
MVI_20032,192,2000,382.6761872187024,64.67018046448132,375.0420468578514,55.77113816873064,390.3103275795533,73.56922276023198,0.7051,False,0.0092043371790839,0.003661808148299366,0.00057637733332372,0.13636363636363638,0.48717948717948717,277,0.03259544710873294,0.20246085011185685,True,1.0,train,sort
MVI_20032,193,2000,382.46014271330665,63.8235247337158,374.6744180208248,54.85571426137583,390.2458674057885,72.79133520605578,0.7383,False,0.019832554525903,0.007913063390384596,0.0007172935980342513,0.13636363636363638,0.48717948717948717,277,0.03300225042349749,0.20357941834451904,True,1.0,train,sort
MVI_20032,194,2000,382.3598364259292,63.90249779195871,374.597101936693,55.29230804365962,390.1225709151654,72.5126875402578,0.7249,False,0.0028976253550946,0.001139142227275519,0.0007003844192329139,0.13636363636363638,0.48717948717948717,277,0.03294159970922248,0.20469798657718125,True,1.0,train,sort
MVI_20032,195,2000,382.3618366562749,64.21301361584534,374.80016152440913,55.830504445217485,389.9235117881406,72.59552278647321,0.7532,False,0.0070480107018651,0.002799283988246575,0.0007514076261718622,0.13636363636363638,0.48717948717948717,277,0.03281968088707611,0.20581655480984343,True,1.0,train,sort
MVI_20032,196,2000,382.3282803100084,64.41579715045145,374.8871629871464,56.09775650953393,389.7693976328704,72.73383779136897,0.7496,False,0.004665226385619,0.0018461773679504642,0.0007852992327607088,0.13636363636363638,0.48717948717948717,277,0.032737622957068654,0.2069351230425056,True,1.0,train,sort
MVI_20032,197,2000,382.2627193564318,64.39749256184564,374.85752606474057,56.14894758035713,389.667912648123,72.64603754333415,0.7624,False,0.0015449657602047,0.00059808242337025,0.0006399069441210848,0.13636363636363638,0.48717948717948717,277,0.032481791712445,0.20805369127516782,True,1.0,train,sort
MVI_20032,198,2000,382.1710228532164,64.25976629038472,374.73755945695154,56.0319559468138,389.6044862494812,72.48757663395564,0.7375,False,0.003755475625952,0.001482279777242752,0.0003347274237570299,0.13636363636363638,0.48717948717948717,277,0.032428786967050593,0.20917225950783,True,1.0,train,sort
MVI_20032,199,2000,382.12757219869695,64.35527964268135,374.75307232640114,56.25537720884471,389.5020720709928,72.45518207651801,0.7587,False,0.0023816747535532,0.000932763525383759,0.0003249335079536786,0.13636363636363638,0.48717948717948717,277,0.03228255677762133,0.21029082774049218,True,1.0,train,sort
MVI_20032,200,2000,382.049167289384,64.25712040391369,374.6175656039095,56.16330917162709,389.4807689748585,72.3509316362003,0.7229,False,0.0028514293424813,0.0011206639600010431,0.0002452728497958483,0.13636363636363638,0.48717948717948717,277,0.03216708521645134,0.21140939597315436,True,1.0,train,sort
MVI_20032,201,2000,382.0246958679498,63.90656047922286,374.5879177091559,55.774384366455024,389.4614740267437,72.0387365919907,0.7308,False,0.0079761195951465,0.0031705247776503895,0.0003081211326181254,0.13636363636363638,0.48717948717948717,277,0.0315311520949371,0.21252796420581657,True,1.0,train,sort
MVI_20032,202,2000,382.02067664527897,63.84922805504326,374.624638252702,55.89328049971593,389.4167150378559,71.8051756103706,0.7507,False,0.0013044837691937,0.0005018903441577643,0.00030355623751935436,0.13636363636363638,0.48717948717948717,277,0.03110089471744048,0.21364653243847875,True,1.0,train,sort
MVI_20032,203,2000,381.7438412563477,63.54362804031423,374.1443813937152,55.4083329721233,389.3433011189801,71.67892310850516,0.7674,False,0.0093591318495609,0.0037237255548444115,0.0004099263766004782,0.13636363636363638,0.48717948717948717,277,0.03145960584599155,0.21476510067114096,True,1.0,train,sort
MVI_20032,204,2000,381.67044852997856,63.28408953928624,374.0885675494151,55.242598235711895,389.2523295105421,71.32558084286057,0.7396,False,0.0061218196844266,0.002428810343460244,0.0004809228333075159,0.13636363636363638,0.48717948717948717,277,0.03126148019040939,0.21588366890380314,True,1.0,train,sort
MVI_20032,205,2000,381.57512802063536,63.09813273380029,374.0182233073534,55.27040695535128,389.13203273391736,70.92585851224929,0.7355,False,0.0047429132351479,0.0018772518760757217,0.0005168274992441922,0.13636363636363638,0.48717948717948717,277,0.031089948438696953,0.21700223713646533,True,1.0,train,sort
MVI_20032,206,2000,381.2868104776238,62.3786148029767,373.5896612783412,54.13727704703626,388.9839596769064,70.61995255891713,0.6579,False,0.0175934381194231,0.007017423505532602,0.0006993860767502101,0.13636363636363638,0.48717948717948717,277,0.0315455961652552,0.21812080536912754,True,1.0,train,sort
MVI_20032,207,2000,381.1848922534007,61.190695487096,373.5935997425613,52.551284879903136,388.77618476424,69.83010609428885,0.6949,False,0.0270615889415819,0.0108046555974321,0.001188314510291698,0.13636363636363638,0.48717948717948717,277,0.03173444942779327,0.21923937360178972,True,1.0,train,sort
MVI_20032,208,2000,380.9255271738385,60.32024027691832,373.2723904850623,51.60639862933297,388.5786638626147,69.03408192450367,0.7453,False,0.0206153596676685,0.008226183112522923,0.0014019833134378398,0.13636363636363638,0.48717948717948717,277,0.03184542177496589,0.22035794183445193,True,1.0,train,sort
MVI_20032,209,2000,380.97980056686674,59.45869675727695,373.4612004019088,50.89478394602935,388.4984007318248,68.02260956852454,0.7296,False,0.0195934565326947,0.007817424906165663,0.001657705618307893,0.13636363636363638,0.48717948717948717,277,0.031271277056190996,0.2214765100671141,True,1.0,train,sort
MVI_20032,210,2000,380.6892659910444,58.27055685317611,373.1905891071437,49.67884437556775,388.18794287494507,66.86226933078447,0.7058,False,0.0277620926528406,0.011084854992816133,0.0020946619943748783,0.13636363636363638,0.48717948717948717,277,0.031298988041610194,0.22259507829977632,True,1.0,train,sort
MVI_20032,211,2000,380.4020316318713,57.32821511391754,373.0129867444589,48.50799617095472,387.79107651928376,66.14843405688036,0.7276,False,0.0223601214265166,0.00892408261264115,0.002185144484038507,0.13636363636363638,0.48717948717948717,277,0.03180097447753428,0.2237136465324385,True,1.0,train,sort
MVI_20032,212,2000,380.2534233437336,57.82339060479228,373.0016491069968,49.68097173741332,387.5051975804704,65.96580947217124,0.7134,False,0.0117343660254805,0.004673812141526846,0.0018941989355867278,0.13636363636363638,0.48717948717948717,277,0.03209380618609186,0.22483221476510068,True,1.0,train,sort
MVI_20032,213,2000,380.03939825178594,58.62045998424188,372.8248487627625,51.08956532439996,387.2539477408094,66.15135464408378,0.7364,False,0.0187321507474264,0.0074729051607395095,0.0018584513474457917,0.13636363636363638,0.48717948717948717,277,0.03218056474375295,0.2259507829977629,True,1.0,train,sort
MVI_20032,214,2000,379.9341032193668,58.597791314227216,372.82673925888287,51.17846690637002,387.0414671798508,66.01711572208441,0.7166,False,0.0024446679704889,0.0009579606242927204,0.001532928340386686,0.13636363636363638,0.48717948717948717,277,0.03182741630899765,0.22706935123042504,True,1.0,train,sort
MVI_20032,215,2000,379.8405820053469,58.07471023815808,372.8703004310712,50.50826897872594,386.8108635796224,65.64115149759022,0.7156,False,0.0120607806010999,0.004804376998305039,0.0012348817293788127,0.13636363636363638,0.48717948717948717,277,0.031933548159395184,0.22818791946308728,True,1.0,train,sort
MVI_20032,216,2000,379.6541192267268,58.37725609996137,372.6811602082489,51.130114401896144,386.6270782452048,65.6243977980266,0.7349,False,0.0080663962350046,0.0032066351643606846,0.0009635543181427733,0.13636363636363638,0.48717948717948717,277,0.03180405389924963,0.22930648769574943,True,1.0,train,sort
MVI_20032,217,2000,379.6114857285357,57.27667944149313,372.7888133430801,49.277540480524586,386.4341581139915,65.27581840246167,0.6602,False,0.0249988315372868,0.009979558787496769,0.001215344039893216,0.13636363636363638,0.48717948717948717,277,0.03213400531654084,0.23042505592841167,True,1.0,train,sort
MVI_20032,218,2000,379.4852461833543,56.7053023761714,372.66947775144905,48.55624828459449,386.3010146152596,64.85435646774832,0.6393,False,0.0132814615519754,0.005292645738205829,0.0011118775628874747,0.13636363636363638,0.48717948717948717,277,0.03209217135897654,0.23154362416107382,True,1.0,train,sort
MVI_20032,219,2000,379.362280098641,56.65686240698949,372.6660964291224,48.63986892590997,386.0584637681597,64.67385588806901,0.6812,False,0.0029997431445077,0.001179989038493804,0.0011224141520544012,0.13636363636363638,0.48717948717948717,277,0.0319597282228236,0.23266219239373603,True,1.0,train,sort
MVI_20032,220,2000,379.21950736359145,56.53643990349984,372.57609281591,48.57855718571574,385.8629219112729,64.49432262128394,0.6943,False,0.0042393289126487,0.0016758196489207523,0.0009739452112918201,0.13636363636363638,0.48717948717948717,277,0.032037634250014685,0.23378076062639822,True,1.0,train,sort
MVI_20032,221,2000,378.9639078623956,55.86754871672935,372.1135368194424,47.36413848323459,385.8142789053487,64.3709589502241,0.6659,False,0.0162526869616335,0.006481127040952834,0.0011293396267239011,0.13636363636363638,0.48717948717948717,277,0.032520991938756204,0.23489932885906042,True,1.0,train,sort
MVI_20032,222,2000,379.03704983831625,55.74477913503639,372.3915811071067,47.475743569713245,385.6825185695258,64.01381470035953,0.6918,False,0.0032435769634157,0.0012775218388688988,0.0007163754186380586,0.13636363636363638,0.48717948717948717,277,0.03173465420605593,0.2360178970917226,True,1.0,train,sort
MVI_20032,223,2000,378.800424709792,55.00941035858098,371.9844967515444,46.30244710695513,385.6163526680395,63.71637361020683,0.7169,False,0.0175336843291332,0.006993522167621021,0.000797092277446165,0.13636363636363638,0.48717948717948717,277,0.032214534138155934,0.23713646532438482,True,1.0,train,sort
MVI_20032,224,2000,378.7975788107981,54.98262528444049,372.1006687590593,46.6332009123056,385.4944888625368,63.33204965657538,0.7002,False,0.000611370233639,0.00022464699701553822,0.0007517555279081858,0.13636363636363638,0.48717948717948717,277,0.03180955614976825,0.238255033557047,True,1.0,train,sort
MVI_20032,225,2000,378.6184627407041,54.46125684020218,371.7954064293168,45.82454174152146,385.4415190520915,63.097971938882914,0.7237,False,0.0125125147790093,0.004985069322257275,0.0009087994107111926,0.13636363636363638,0.48717948717948717,277,0.03214437159275236,0.2393736017897092,True,1.0,train,sort
MVI_20032,226,2000,378.4992614726594,54.277708471137885,371.65002559534696,45.60133849411113,385.3484973499719,62.95407844816464,0.7122,False,0.0049674875437727,0.0019670809297753313,0.0006945806607138908,0.13636363636363638,0.48717948717948717,277,0.03220541617751743,0.2404921700223714,True,1.0,train,sort
MVI_20032,227,2000,378.3633750105779,54.24399428731847,371.4939191254573,45.60093162371358,385.2328308956986,62.88705695092335,0.7168,False,0.0031777631703316,0.0012511965179124124,0.0006933313652459929,0.13636363636363638,0.48717948717948717,277,0.03228608335206253,0.2416107382550336,True,1.0,train,sort
MVI_20032,228,2000,378.2992238919395,54.24372998275035,371.45139675260566,45.5863983070882,385.1470510312734,62.90106165841251,0.6986,False,0.001456068235166,0.0005625236784747714,0.00038814164771781216,0.13636363636363638,0.48717948717948717,277,0.032136907667971136,0.24272930648769575,True,1.0,train,sort
MVI_20032,229,2000,378.2446825600925,54.52953850540448,371.3801467418101,46.29026494029056,385.1092183783751,62.76881207051839,0.6521,False,0.006604138818418,0.002621736558631447,0.0005018980243417524,0.13636363636363638,0.48717948717948717,277,0.03186335173089153,0.243847874720358,True,1.0,train,sort
MVI_20032,230,2000,378.0889967530472,54.115399625336494,371.0888709459719,45.95905245618755,385.0891225601227,62.27174679448544,0.7209,False,0.0100420799670361,0.003996902765071275,0.00045500355329384736,0.13636363636363638,0.48717948717948717,277,0.031945410038762834,0.24496644295302014,True,1.0,train,sort
MVI_20032,231,2000,377.9248314759287,53.33604194385906,370.8644311065033,44.97217785736016,384.9852318453542,61.699906030357965,0.7769,False,0.0180774767777707,0.007211037525318181,0.0007038609639781754,0.13636363636363638,0.48717948717948717,277,0.03202942876756225,0.24608501118568238,True,1.0,train,sort
MVI_20032,232,2000,377.85644238925664,52.96887018872872,370.8094574325219,44.73661102779763,384.90342734599136,61.201129349659794,0.7157,False,0.0084771274995251,0.0033709264452407893,0.0008044549508760422,0.13636363636363638,0.48717948717948717,277,0.031882117180441434,0.24720357941834453,True,1.0,train,sort
MVI_20032,233,2000,377.7399223145237,52.59018077739736,370.6556437384161,44.44134859169574,384.8242008906313,60.73901296309898,0.7292,False,0.0089928958569211,0.003577232250017885,0.0009475210795544787,0.13636363636363638,0.48717948717948717,277,0.03187622604332943,0.24832214765100674,True,1.0,train,sort
MVI_20032,234,2000,377.4305984577642,52.39303788564072,370.1377326668238,44.37145449448691,384.7234642487045,60.41462127679453,0.7231,False,0.0083254960714014,0.0033102743262033102,0.00098019635496426,0.13636363636363638,0.48717948717948717,277,0.031760362875510394,0.24944071588366892,True,1.0,train,sort
MVI_20032,235,2000,377.37648833220464,52.33855769412273,370.0828921334865,44.458658899955,384.6700845309228,60.21845648829045,0.7621,False,0.0017428195909147,0.0006772233655927276,0.0008226575186667759,0.13636363636363638,0.48717948717948717,277,0.03142812103340408,0.25055928411633116,True,1.0,train,sort
MVI_20032,236,2000,377.2794611939697,52.015919692047945,370.060695509936,44.21288362002821,384.4982268780034,59.81895576406769,0.6079,False,0.0076469808226986,0.0030388702502652143,0.000624662984178435,0.13636363636363638,0.48717948717948717,277,0.031246248339587723,0.2516778523489933,True,1.0,train,sort
MVI_20032,237,2000,377.2802338327934,50.76698137957965,370.2268489078335,42.50151554932765,384.3336187577533,59.032447209831645,0.4351,False,0.0283475075214563,0.01131901919437359,0.0010018479866457026,0.13636363636363638,0.48717948717948717,277,0.03092684636755688,0.25279642058165547,True,1.0,train,sort
MVI_20032,238,2000,377.1555382954669,50.33815071112814,370.1896432873865,42.11625040349732,384.12143330354735,58.56005101875896,0.4633,False,0.0101364312414569,0.004034642993454809,0.001023554888897269,0.13636363636363638,0.48717948717948717,277,0.030880657205480104,0.2539149888143177,True,1.0,train,sort
MVI_20032,239,2000,377.1260647471091,49.919133764993234,370.2509366417526,41.74058481431752,384.0011928524656,58.09768271566896,0.474,False,0.009534043328849,0.0037936896249193375,0.001046495864348117,0.13636363636363638,0.48717948717948717,277,0.03050483431434517,0.2550335570469799,True,1.0,train,sort
MVI_20032,240,2000,377.04821210897126,49.774695441832414,370.2317453185484,41.79301809535057,383.86467889939416,57.75637278831426,0.4668,False,0.0037242537471993,0.0014697911188549923,0.001084107990855111,0.13636363636363638,0.48717948717948717,277,0.030185615007630333,0.2561521252796421,True,1.0,train,sort
MVI_20032,241,2000,376.91186528826734,49.60773876707677,370.0575654572236,41.64828169947891,383.76616511931104,57.56719583467462,0.5244,False,0.004892566267997,0.0019371126429035593,0.0010318229384573042,0.13636363636363638,0.48717948717948717,277,0.030272995825620937,0.25727069351230425,True,1.0,train,sort
MVI_20032,242,2000,376.86035656705405,48.910005527336445,370.1118542107733,40.683351746611045,383.6088589233348,57.13665930806184,0.4553,False,0.0158797412933363,0.006331949885873658,0.0007951563809820891,0.13636363636363638,0.48717948717948717,277,0.03003095414647116,0.25838926174496646,True,1.0,train,sort
MVI_20032,243,2000,376.6126226775512,49.02130712928168,369.763101412608,41.04654324534862,383.4621439424943,56.99607101321472,0.4732,False,0.0061643123214029,0.002445807271524505,0.0007197565304001048,0.13636363636363638,0.48717948717948717,277,0.03028666637725487,0.2595078299776286,True,1.0,train,sort
MVI_20032,244,2000,376.4547659999861,49.50576010393432,369.2679795111878,41.69201889734289,383.6415524887845,57.31950131052576,0.5299,False,0.0115647799367209,0.004605978211781332,0.0007583045295629359,0.13636363636363638,0.48717948717948717,277,0.030420040260328463,0.2606263982102909,True,1.0,train,sort
MVI_20032,245,2000,376.3419814165308,49.41915087853065,369.1883840891237,41.54762474274328,383.495578743938,57.29067701431803,0.5275,False,0.003227607444802,0.0012711340790494633,0.000748877053259597,0.13636363636363638,0.48717948717948717,277,0.030441637809739644,0.26174496644295303,True,1.0,train,sort
MVI_20032,246,2000,376.21131719826417,49.49139547965654,368.9406134107944,41.59795892471849,383.4820209857339,57.38483203459459,0.4483,False,0.0033888505716321,0.0013356308489044565,0.0007203331095596042,0.13636363636363638,0.48717948717948717,277,0.03071738629135437,0.26286353467561524,True,1.0,train,sort
MVI_20032,247,2000,376.19443922263,49.92571798645023,368.83147090432806,42.11352495434519,383.5574075409319,57.73791101855527,0.5064,False,0.0098653799849523,0.003926223299211949,0.0006061668539349991,0.13636363636363638,0.48717948717948717,277,0.030777223242246486,0.2639821029082774,True,1.0,train,sort
MVI_20032,248,2000,376.3441549217528,49.36165412214399,368.912222789661,41.1980294242162,383.77608705384455,57.52527882007178,0.5316,False,0.0132460132475041,0.005278466522135163,0.0007405936428708833,0.13636363636363638,0.48717948717948717,277,0.030725274900729606,0.26510067114093966,True,1.0,train,sort
MVI_20032,249,2000,376.3795416969982,49.02173506560514,368.96024332114,40.68593055178015,383.7988400728565,57.35753957943013,0.4481,False,0.0077569323322378,0.003082850526171387,0.0006683120354478404,0.13636363636363638,0.48717948717948717,277,0.03012714605903794,0.2662192393736018,True,1.0,train,sort
MVI_20032,250,2000,376.2106119764176,49.82589972464368,368.6491777853572,41.88275200058431,383.7720461674781,57.76904744870304,0.4681,False,0.0186507297562528,0.007440337007092729,0.0009610779725198451,0.13636363636363638,0.48717948717948717,277,0.0303884424352754,0.267337807606264,True,1.0,train,sort
MVI_20032,251,2000,376.1502942400702,50.21837546741981,368.5217392703827,42.38839565541671,383.7788492097577,58.048355279422914,0.4849,False,0.0090127190020002,0.0035851614489307514,0.0010678317852523013,0.13636363636363638,0.48717948717948717,277,0.030381908872495443,0.2684563758389262,True,1.0,train,sort
MVI_20032,252,2000,376.1932847036301,49.6449476213317,368.6928942691563,41.50540295391318,383.693675138104,57.78449228875022,0.5567,False,0.0130517780091457,0.0052007730060615555,0.0011283168663272767,0.13636363636363638,0.48717948717948717,277,0.030386594723371206,0.2695749440715884,True,1.0,train,sort
MVI_20032,253,2000,376.0941948614293,48.84220961099782,368.7027764623805,40.38264445919454,383.485613260478,57.3017747628011,0.4369,False,0.0183582566806378,0.007323348649092181,0.0012253588730635101,0.13636363636363638,0.48717948717948717,277,0.030348548977896773,0.2706935123042506,True,1.0,train,sort
MVI_20032,254,2000,375.9178136286798,48.04063952399603,368.7161065514127,39.36090476313545,383.1195207059469,56.72037428485661,0.4863,False,0.0186287145490619,0.007431530989872556,0.0014317300243827304,0.13636363636363638,0.48717948717948717,277,0.03054356205265272,0.2718120805369128,True,1.0,train,sort
MVI_20032,255,2000,375.7663109905637,47.65446687131168,368.7630857307631,39.22255238104982,382.7695362503642,56.08638136157355,0.4573,False,0.0094154697732206,0.0037462605562911338,0.0012564237868753862,0.13636363636363638,0.48717948717948717,277,0.03079054986305487,0.27293064876957496,True,1.0,train,sort
MVI_20032,256,2000,375.5163904249855,47.41411552029916,368.60702723088,39.10074599559773,382.4257536190909,55.72748504500059,0.4898,False,0.0078700689189114,0.0031281048234323866,0.001234733689658656,0.13636363636363638,0.48717948717948717,277,0.031239905239255968,0.27404921700223717,True,1.0,train,sort
MVI_20032,257,2000,375.31413725939694,47.43255545918428,368.5109222235498,39.33739446279171,382.1173522952441,55.52771645557685,0.4781,False,0.0046096366862802,0.0018239416540006645,0.0010744826480490065,0.13636363636363638,0.48717948717948717,277,0.031093113038290078,0.2751677852348994,True,1.0,train,sort
MVI_20032,258,2000,375.0583211852402,47.097794581351984,368.267975939824,38.89301779392838,381.84866643065646,55.30257136877559,0.3273,False,0.0095627145930343,0.0038051580450868864,0.0009075232562129161,0.13636363636363638,0.48717948717948717,277,0.031620928762938746,0.2762863534675616,True,1.0,train,sort
MVI_20032,259,2000,374.97257511974254,46.853099496066775,368.2960205005981,38.61402568109063,381.649129738887,55.09217331104292,0.329,False,0.0058850361884341,0.002334097651225089,0.0006656192589773206,0.13636363636363638,0.48717948717948717,277,0.03157980617992961,0.27740492170022374,True,1.0,train,sort
MVI_20032,260,2000,374.8176193204754,47.1088891733091,368.2115753484371,39.19488728532275,381.4236632925136,55.022891061295454,0.3315,False,0.0067879537491902,0.002695261982747175,0.0006157430292870562,0.13636363636363638,0.48717948717948717,277,0.03165858802453043,0.27852348993288595,True,1.0,train,sort
MVI_20032,261,2000,374.8469256656285,47.19289095437922,368.3715407649035,39.37638442664377,381.3223105663536,55.00939748211468,0.4325,False,0.0020193132123586,0.0007878199895804995,0.000504682380060631,0.13636363636363638,0.48717948717948717,277,0.03150006267206899,0.2796420581655481,True,1.0,train,sort
MVI_20032,262,2000,374.7789546769819,46.84323683126957,368.3301441047177,38.8690371629705,381.2277652492461,54.81743649956864,0.2819,False,0.008084758926302,0.003213980186116426,0.0005706481033749301,0.13636363636363638,0.48717948717948717,277,0.031818625157903964,0.2807606263982103,True,1.0,train,sort
MVI_20032,263,2000,374.7403366452409,46.69153074843569,368.3228887843432,38.726958257900215,381.1577845061386,54.65610323897116,0.3744,False,0.0035531275799527,0.0014013411623077007,0.00045657247473297004,0.13636363636363638,0.48717948717948717,277,0.032194820026178135,0.2818791946308725,True,1.0,train,sort
MVI_20032,264,2000,374.7711321485673,46.71862011464077,368.38726560998657,38.82860589647777,381.154998687148,54.608634332803774,0.3905,False,0.0009309196710093,0.00035246581896805585,0.00036253207647256547,0.13636363636363638,0.48717948717948717,277,0.03162003605184096,0.2829977628635347,True,1.0,train,sort
MVI_20032,265,2000,374.7871597715995,46.73570683007807,368.3806528221645,38.90485827111866,381.1936667210345,54.56655538903747,0.3017,False,0.0005317370246295,0.00019279395090267246,0.00024377485501607055,0.13636363636363638,0.48717948717948717,277,0.03120285711046044,0.2841163310961969,True,1.0,train,sort
MVI_20032,266,2000,374.7202398359708,46.80013166032101,368.2750217194526,38.9054538485291,381.165457952489,54.69480947211293,0.3926,False,0.0021083850533443,0.0008234484603348916,0.00024546564112709905,0.13636363636363638,0.48717948717948717,277,0.03114786618267599,0.2852348993288591,True,1.0,train,sort
MVI_20032,267,2000,374.7666918425596,46.79637392150174,368.2493615138393,38.85069510476792,381.28402217127984,54.74205273823557,0.3718,False,0.0010577783455,0.0004032089104324063,0.00011207756879119481,0.13636363636363638,0.48717948717948717,277,0.030857974273815328,0.2863534675615213,True,1.0,train,sort
MVI_20032,268,2000,374.73673781164354,46.234918651477074,368.23421121974,38.20650390915833,381.2392644035472,54.26333339379583,-1.0,True,0.5622537364985576,0.22487991851114955,0.010717485735159321,0.13636363636363638,0.48717948717948717,277,0.03057768876027924,0.28747203579418346,True,1.0,train,sort
MVI_20032,269,2000,374.7067837807275,45.673463381452414,368.21906092564063,37.56231271354874,381.1945066358144,53.78461404935609,-1.0,True,0.5622537364985505,0.22487991851114675,0.0213726693711214,0.13636363636363638,0.48717948717948717,277,0.030533065305145858,0.28859060402684567,True,1.0,train,sort
MVI_20032,270,2000,374.67682974981153,45.11200811142776,368.2039106315413,36.91812151793916,381.1497488680817,53.30589470491634,-1.0,True,0.5622537364985474,0.22487991851114547,0.032035430401541574,0.13636363636363638,0.48717948717948717,277,0.03059340086102584,0.2897091722595078,True,1.0,train,sort
MVI_20032,271,2000,374.6468757188955,44.55055284140309,368.188760337442,36.27393032232957,381.104991100349,52.8271753604766,0.3317,False,0.0510465210821886,0.02039855692316378,0.03296438751954384,0.13636363636363638,0.48717948717948717,277,0.03050396486508109,0.2908277404921701,True,1.0,train,sort
MVI_20032,272,2000,374.52035493253226,44.383094524486665,368.099156707443,36.08993066009645,380.9415531576215,52.67625838887688,0.3645,False,0.0047637149341298,0.001885572493631352,0.03303473462411774,0.13636363636363638,0.48717948717948717,277,0.030723228453239645,0.29194630872483224,True,1.0,train,sort
MVI_20032,273,2000,374.3551917664335,43.509350668856285,367.8704676067434,35.21219322137066,380.8399159261236,51.8065081163419,0.3019,False,0.0201828110152236,0.008053164941539268,0.022744995668939307,0.13636363636363638,0.48717948717948717,277,0.03099785187933806,0.29306487695749445,True,1.0,train,sort
MVI_20032,274,2000,374.3708601692107,42.809590256153214,367.8635482594658,34.587664993536535,380.8781720789556,51.031515518769886,0.2622,False,0.015886638724166,0.006334708837635267,0.012373705593228144,0.13636363636363638,0.48717948717948717,277,0.030786316791670633,0.2941834451901566,True,1.0,train,sort
MVI_20032,275,2000,374.32638334799526,43.02275385543523,367.8692361996473,35.09240761511375,380.7835304963432,50.95310009575671,0.3327,False,0.0049424288015635,0.001957057507624602,0.0017946695236254796,0.13636363636363638,0.48717948717948717,277,0.03075652768080201,0.2953020134228188,True,1.0,train,sort
MVI_20032,276,2000,374.2809032782549,43.04584804072741,367.9041510275694,35.202237407425784,380.6576555289405,50.88945867402904,-1.0,True,0.051007628232406,0.020382999899241295,0.0017939312488856397,0.13636363636363638,0.48717948717948717,277,0.03086157997816056,0.296420581655481,True,1.0,train,sort
MVI_20032,277,2000,374.2354232085146,43.0689422260196,367.9390658554914,35.31206719973782,380.5317805615377,50.82581725230137,-1.0,True,0.0510076282324093,0.02038299989924258,0.0026717458922017752,0.13636363636363638,0.48717948717948717,277,0.030672229364102188,0.29753914988814323,True,1.0,train,sort
MVI_20032,278,2000,374.1899431387743,43.09203641131178,367.9739806834135,35.42189699204985,380.4059055941349,50.762175830573696,-1.0,True,0.0510076282324093,0.02038299989924258,0.003256871025454622,0.13636363636363638,0.48717948717948717,277,0.030717026213716213,0.2986577181208054,True,1.0,train,sort
MVI_20032,279,2000,374.1444630690339,43.11513059660396,368.0088955113356,35.53172678436189,380.2800306267322,50.69853440884603,0.3112,False,0.0046309376014697,0.0018324619565505394,0.003043212220185211,0.13636363636363638,0.48717948717948717,277,0.03044820527347502,0.2997762863534676,True,1.0,train,sort
MVI_20032,280,2000,374.1486305754108,42.403171395333416,367.9175616944261,34.68224969132116,380.3796994563955,50.124093099345664,0.2594,False,0.0161598139095538,0.006443978097097178,0.003256143700356388,0.13636363636363638,0.48717948717948717,277,0.030374837122253986,0.3008948545861298,True,1.0,train,sort
MVI_20032,281,2000,374.53893408043456,42.16404491351672,367.7857279527781,34.32656760516576,381.292140208091,50.00152222186768,0.2956,False,0.0103892641631618,0.004135775408110547,0.0024851147751539194,0.13636363636363638,0.48717948717948717,277,0.029305111963842168,0.302013422818792,True,1.0,train,sort
MVI_20032,282,2000,374.4317477961693,42.14426997648632,367.7824060079745,34.5512420839132,381.0810895843641,49.73729786905942,0.2875,False,0.0024738939109107,0.0009696509133006035,0.0015638341212562432,0.13636363636363638,0.48717948717948717,277,0.029538197751695125,0.30313199105145416,True,1.0,train,sort
MVI_20032,288,2001,374.2197780554605,38.031041972662045,367.8008797770743,30.22652874103301,380.63867633384666,45.83555520429108,0.3672,False,0.0934829716797437,0.03737301060352061,0.008829362611825499,0.13636363636363638,0.48717948717948717,2,0.029410077005801054,0.0,True,0.02,train,sort
MVI_20032,289,2001,374.1091043162368,37.95389162685469,367.77940061030927,30.42624214127892,380.4388080221642,45.481541112430456,0.2755,False,0.0030621021320464,0.0012049324475354199,0.004538378259010152,0.13636363636363638,0.48717948717948717,2,0.02927261400823092,0.0011185682326621926,True,0.04,train,sort
MVI_20032,11,4000,384.8663176622629,116.49348154605966,374.7721167715405,103.53065975202992,394.9605185529852,129.4563033400894,0.8352,False,0.0199277264077093,0.007951131859275012,0.0018481334308054766,0.2727272727272727,0.8717948717948718,146,0.12991546512705,0.0,True,0.02,train,sort
MVI_20032,12,4000,384.8462906378868,115.09433177203768,374.8987608903889,101.8663437251284,394.7938203853847,128.322319818947,0.8216,False,0.0317601466869891,0.012684064683037628,0.002409649046927059,0.22727272727272727,0.7435897435897436,146,0.1290025967366426,0.0011185682326621926,True,0.04,train,sort
MVI_20032,13,4000,384.7247305123426,114.25553102393911,374.8846217386407,100.93634765086694,394.56483928604456,127.5747143970113,0.8242,False,0.0192373813651647,0.007674995901080336,0.0022006366433778195,0.22727272727272727,0.7435897435897436,146,0.12772221576260245,0.002237136465324385,True,0.06,train,sort
MVI_20032,14,4000,384.4366527686464,113.47988808054832,374.3082053617854,99.8407525894789,394.5651001755074,127.11902357161776,0.8245,False,0.0187800034980433,0.00749204611827449,0.002085277851482359,0.2727272727272727,0.8717948717948718,146,0.1257655855031477,0.0033557046979865775,True,0.08,train,sort
MVI_20032,15,4000,384.2803993044225,112.72595666266484,373.95665212115256,99.0327730733388,394.6041464876925,126.41914025199084,0.8312,False,0.0174758400881884,0.006970384643752584,0.001991306588869208,0.2727272727272727,0.8717948717948718,146,0.12465812459854365,0.00447427293064877,True,0.1,train,sort
MVI_20032,16,4000,383.9368651634984,112.33563667251347,373.5201790079239,98.83317107455208,394.35355131907295,125.83810227047488,0.8233,False,0.0118018302684792,0.004700797637527027,0.0018370586000566438,0.2727272727272727,0.8717948717948718,146,0.12320870500108645,0.005592841163310963,True,0.12,train,sort
MVI_20032,17,4000,383.8238521851763,112.13965976166934,373.4337196211775,98.81520894643108,394.21398474917504,125.4641105769076,0.8275,False,0.005134748878594,0.002033984964878647,0.0013316479975937223,0.2727272727272727,0.8717948717948718,146,0.12182564467105463,0.006711409395973155,True,0.14,train,sort
MVI_20032,18,4000,383.65650182198925,111.16218922098804,373.3222490971789,97.58315655768835,393.9907545467996,124.7412218842877,0.8329,False,0.0225087309730379,0.008983525988049865,0.001393745652925682,0.22727272727272727,0.7435897435897436,146,0.12120665088035772,0.007829977628635349,True,0.16,train,sort
MVI_20032,19,4000,383.50133025164286,110.48384416411952,373.1878761862554,97.0190992603579,393.81478431703033,123.94858906788114,0.8189,False,0.0157942772835284,0.006297764536830703,0.0013370697791706058,0.22727272727272727,0.7435897435897436,146,0.12041422877815146,0.00894854586129754,True,0.18,train,sort
MVI_20032,20,4000,383.3621049580876,110.12461919361556,373.12979856692544,96.94402758024556,393.5944113492498,123.30521080698556,0.8114,False,0.0087443832297243,0.0034778279402809674,0.0011713268707276032,0.22727272727272727,0.7435897435897436,146,0.11887235520462923,0.010067114093959733,True,0.2,train,sort
MVI_20032,21,4000,383.1555833373008,109.8297957241397,372.8973762023599,96.71853702834578,393.41379047224166,122.94105441993364,0.8141,False,0.0081701397696627,0.003248132268828523,0.001102389125790437,0.22727272727272727,0.7435897435897436,146,0.11747536068441329,0.011185682326621926,True,0.22,train,sort
MVI_20032,22,4000,382.9559817451262,109.75901774283015,372.6838972279267,96.97062296276772,393.2280662623257,122.5474125228926,0.8166,False,0.0048068057534396,0.0019028086928450714,0.0010961640194596092,0.22727272727272727,0.7435897435897436,146,0.11655633430395922,0.012304250559284118,True,0.24,train,sort
MVI_20032,23,4000,382.8363637362586,109.33749346313404,372.7917744899327,96.64913789843868,392.88095298258446,122.02584902782942,0.8177,False,0.0099452213593447,0.003958159610857155,0.0008576800347845225,0.22727272727272727,0.7435897435897436,146,0.11578122770019499,0.01342281879194631,True,0.26,train,sort
MVI_20032,24,4000,382.7206779437114,108.77724073753166,372.69416781198726,96.101691077005,392.7471880754355,121.45279039805834,0.8378,False,0.0129844770704801,0.005173852831307572,0.0008043436366320241,0.2727272727272727,0.8717948717948718,146,0.11554168109449663,0.014541387024608502,True,0.28,train,sort
MVI_20032,25,4000,382.6181416355291,108.2506804107384,372.7403695994242,95.78188468782366,392.49591367163407,120.71947613365312,0.8277,False,0.0121759740477649,0.00485045403342842,0.0008694830345570098,0.2727272727272727,0.8717948717948718,146,0.11497850098638199,0.015659955257270698,True,0.3,train,sort
MVI_20032,26,4000,382.4658128306663,108.19732724844336,372.6577511261332,96.06438918490568,392.2738745351995,120.33026531198102,0.8272,False,0.0036633876679827,0.001445444868689888,0.0007839346303133391,0.22727272727272727,0.7435897435897436,146,0.11351916272853427,0.016778523489932886,True,0.32,train,sort
MVI_20032,27,4000,382.3101851633733,108.09752640141532,372.6239142820452,95.9987335370546,391.9964560447014,120.196319265776,0.8168,False,0.0041962463830954,0.0016585867655849308,0.0007723448249167892,0.22727272727272727,0.7435897435897436,146,0.11225932990736394,0.01789709172259508,True,0.34,train,sort
MVI_20032,28,4000,382.14920744868857,108.05882030049922,372.4123748256974,96.23029945472524,391.88604007167976,119.88734114627322,0.8133,False,0.0037578900177156,0.0014832455267477088,0.0006548952046889746,0.22727272727272727,0.7435897435897436,146,0.1116997763116713,0.019015659955257273,True,0.36,train,sort
MVI_20032,29,4000,382.0174021492459,108.2182271706454,372.3751273886298,96.59267017141704,391.65967690986207,119.84378416987371,0.8047,False,0.004694727350113,0.0018579776657670136,0.0004975369022670473,0.22727272727272727,0.7435897435897436,146,0.11111518010568956,0.020134228187919465,True,0.38,train,sort
MVI_20032,30,4000,381.8657774481986,108.11011394586322,372.3452748964544,96.5061128636424,391.3862799999429,119.714115028084,0.7899,False,0.0042267258601314,0.0016707784655000716,0.00034664209331240585,0.22727272727272727,0.7435897435897436,146,0.11003532998204532,0.021252796420581657,True,0.4,train,sort
MVI_20032,31,4000,381.942341679073,107.07068835324355,372.5727245239378,95.20909058745904,391.3119588342083,118.93228611902808,0.7642,False,0.0236560500129298,0.009442450182345182,0.000726148292367636,0.22727272727272727,0.7435897435897436,146,0.10958122557033294,0.022371364653243853,True,0.42,train,sort
MVI_20032,32,4000,381.863645954678,106.28834795729546,372.4922785041095,94.44648029839232,391.23501340524655,118.13021561619858,0.783,False,0.0178466085975068,0.007118690941733182,0.0009852632111482097,0.22727272727272727,0.7435897435897436,146,0.10843819288670843,0.02348993288590604,True,0.44,train,sort
MVI_20032,33,4000,381.8200550394247,105.71655937290654,372.4511768063665,93.9738074220319,391.188933272483,117.45931132378118,0.8349,False,0.013015704541442,0.0051863437265623445,0.0011609975851319574,0.22727272727272727,0.7435897435897436,146,0.1081775119631626,0.024608501118568236,True,0.46,train,sort
MVI_20032,34,4000,381.7683575277954,105.22736098307874,372.41190669049536,93.5596619334115,391.12480836509553,116.89506003274596,0.8154,False,0.0111653014070193,0.0044461879912696635,0.0012838237962524857,0.22727272727272727,0.7435897435897436,146,0.10761124717164336,0.02572706935123043,True,0.48,train,sort
MVI_20032,35,4000,381.6462343352087,104.58787943336895,372.2817974032338,92.93925886605324,391.0106712671836,116.23650000068469,0.8015,False,0.0147767958673994,0.0058907750048244525,0.0014840881181894174,0.22727272727272727,0.7435897435897436,146,0.10686200799651184,0.02684563758389262,True,0.5,train,sort
MVI_20032,36,4000,381.5506144168814,103.85177256040326,372.2543721551101,92.18205844876567,390.8468566786527,115.52148667204084,0.7598,False,0.0168479950729515,0.00671924851008647,0.0013548557524018087,0.22727272727272727,0.7435897435897436,146,0.10595019741538958,0.027964205816554812,True,0.52,train,sort
MVI_20032,37,4000,381.5094705102524,103.02919040320168,372.2855515141335,91.32798228532988,390.7333895063714,114.73039852107344,0.7618,False,0.0186937174065065,0.007457531938991686,0.0013709358041099253,0.22727272727272727,0.7435897435897436,146,0.10468523165841377,0.029082774049217004,True,0.54,train,sort
MVI_20032,38,4000,381.4268488814762,102.49263817326572,372.2538692417292,91.07161917250193,390.5998285212232,113.91365717402954,0.7698,False,0.0123218141704236,0.004908789647551385,0.0013577641868074007,0.22727272727272727,0.7435897435897436,146,0.10411721313625315,0.0302013422818792,True,0.56,train,sort
MVI_20032,39,4000,381.2803003920151,101.99559040512584,372.1719950978979,90.80739144983536,390.3886056861322,113.18378936041633,0.8078,False,0.0117617676037144,0.004684772691100377,0.0013690864717170877,0.22727272727272727,0.7435897435897436,146,0.1037656462497675,0.031319910514541395,True,0.58,train,sort
MVI_20032,40,4000,381.21661987891775,100.77411637843524,372.1559388301899,89.11593602128181,390.2773009276456,112.43229673558866,0.7906,False,0.0277617886420047,0.011084733389388408,0.0016155711653324698,0.2727272727272727,0.8717948717948718,146,0.10277910195145319,0.03243847874720358,True,0.6,train,sort
MVI_20032,41,4000,381.1434867790421,100.33657373306504,372.1648459347754,88.75154536737753,390.1221276233088,111.92160209875254,0.7615,False,0.0100687960992052,0.004007589138263113,0.0014868865514088116,0.2727272727272727,0.8717948717948718,146,0.10236397990061487,0.03355704697986577,True,0.62,train,sort
MVI_20032,42,4000,381.0364287929374,100.85455418105582,372.11776876409147,89.9374949993287,389.9550888217833,111.77161336278292,0.7984,False,0.0120052337421664,0.004782158420389624,0.0013599239203644167,0.2727272727272727,0.8717948717948718,146,0.10173576545306366,0.03467561521252797,True,0.64,train,sort
MVI_20032,43,4000,380.944017903012,101.0854764633724,372.0819744135629,90.4882835455263,389.80606139246095,111.68266938121847,0.7653,False,0.005645414974367,0.0022382498802230883,0.0012331906800108034,0.2727272727272727,0.8717948717948718,146,0.10174038810910456,0.03579418344519016,True,0.66,train,sort
MVI_20032,44,4000,380.8816616556022,101.0227921497734,372.07002644595264,90.48043143103187,389.6932968652518,111.56515286851491,0.7856,False,0.0020068329281078,0.0007828279131002411,0.0010480198349828939,0.2727272727272727,0.8717948717948718,146,0.10159210556906685,0.03691275167785235,True,0.68,train,sort
MVI_20032,45,4000,380.78943384363487,100.132558554416,371.9821688073833,89.07012380058127,389.5966988798865,111.19499330825072,0.7576,False,0.0203140249764015,0.008105650134689672,0.0009066443427434077,0.31818181818181823,1.0,146,0.06579972001395167,0.03803131991051455,True,0.7000000000000001,train,sort
MVI_20032,46,4000,380.56089794223897,99.51615787259806,371.6500010044674,88.13398465696497,389.4717948800105,110.89833108823116,0.7452,False,0.0149212554687903,0.0059485584145574305,0.0009987550571469155,0.31818181818181823,1.0,146,0.06524031757696018,0.039149888143176735,True,0.72,train,sort
MVI_20032,47,4000,380.6499716290547,99.30503346102918,371.9438052741532,87.85710616159655,389.3561379839561,110.75296076046182,0.7605,False,0.0052009784292338,0.002060476587617519,0.0008695948169218287,0.31818181818181823,1.0,146,0.06418923629461477,0.04026845637583893,True,0.74,train,sort
MVI_20032,48,4000,380.4322491263349,99.05139363381124,371.5610532504781,87.66796114724563,389.3034450021917,110.43482612037684,0.7677,False,0.0075870134513685,0.0030148834805744807,0.0009064507716408602,0.31818181818181823,1.0,146,0.06419566101636417,0.04138702460850112,True,0.76,train,sort
MVI_20032,49,4000,380.52278076137134,98.89880930606566,371.81588256263547,87.52462690500408,389.2296789601072,110.27299170712722,0.797,False,0.0040269575928528,0.0015908717543595787,0.0009447973319892304,0.31818181818181823,1.0,146,0.06447074209721926,0.042505592841163314,True,0.78,train,sort
MVI_20032,50,4000,380.54566154613417,98.78036094709782,371.9211014357405,87.62651830808689,389.17022165652776,109.93420358610877,0.7954,False,0.0027381560180252,0.00107535496803479,0.0006111673677352701,0.31818181818181823,1.0,146,0.06480377710414441,0.04362416107382551,True,0.8,train,sort
MVI_20032,51,4000,380.3131068984597,98.3498881992887,371.49211777832215,87.40255918418569,389.13409601859706,109.2972172143917,0.8028,False,0.0111051749537436,0.004422137589275126,0.0005387294809462649,0.31818181818181823,1.0,146,0.06444202595043956,0.044742729306487705,True,0.8200000000000001,train,sort
MVI_20032,52,4000,380.2785408110599,98.05133771879076,371.3895227083979,87.43270114331051,389.1675589137218,108.66997429427104,0.7968,False,0.0068215503811175,0.0027087005353225013,0.0005694916221330449,0.31818181818181823,1.0,146,0.06536038392713259,0.04586129753914989,True,0.84,train,sort
MVI_20032,53,4000,380.1623356059738,97.03745949146816,371.1634062319566,86.42902005513403,389.161264979991,107.64589892780228,0.8293,False,0.0231629348134379,0.009245205573171005,0.0008651580326847194,0.2727272727272727,0.8717948717948718,146,0.0654045662153857,0.04697986577181208,True,0.86,train,sort
MVI_20032,54,4000,380.2030923754572,95.61631669744968,371.1975610095498,84.50430506883244,389.2086237413647,106.72832832606692,0.8243,False,0.0322693375883886,0.01288773952503214,0.0014012626344356786,0.2727272727272727,0.8717948717948718,146,0.06397174105218593,0.04809843400447428,True,0.88,train,sort
MVI_20032,55,4000,380.22537403500667,94.86907803077808,371.22615140686605,83.76111554531052,389.2245966631472,105.97704051624564,0.826,False,0.0169678234217935,0.006767179492257959,0.0016713740831787252,0.2727272727272727,0.8717948717948718,146,0.06341089602949582,0.04921700223713647,True,0.9,train,sort
MVI_20032,56,4000,380.30984183333896,93.998367617474,371.6245014234324,82.94698691249988,388.9951822432456,105.04974832244812,0.7465,False,0.0198555334093243,0.00792225487522295,0.001837475786921425,0.2727272727272727,0.8717948717948718,146,0.06257880608783667,0.05033557046979866,True,0.92,train,sort
MVI_20032,57,4000,380.3031505484017,92.98938786085183,371.87514719273867,81.9500023860593,388.73115390406485,104.0287733356444,0.793,False,0.0229015992478255,0.009140672126309804,0.0021427116840088915,0.2727272727272727,0.8717948717948718,146,0.062031819996303444,0.05145413870246086,True,0.9400000000000001,train,sort
MVI_20032,58,4000,380.2468337717323,92.42727621251376,371.93148199459154,81.70089231875065,388.56218554887306,103.1536601062769,0.757,False,0.0128222773368527,0.005108973421586557,0.0019464224881548552,0.2727272727272727,0.8717948717948718,146,0.06167624104009492,0.052572706935123045,True,0.96,train,sort
MVI_20032,59,4000,380.20735755735205,92.09572997287768,371.97883055761815,81.66417491402848,388.435884557086,102.52728503172688,0.7665,False,0.0075783521495415,0.003011418985674377,0.0014777314317486977,0.2727272727272727,0.8717948717948718,146,0.061182282983859845,0.05369127516778524,True,0.98,train,sort
MVI_20032,60,4000,379.9987919844911,91.20401007589102,371.86591358087486,80.5053849433338,388.1316703881072,101.90263520844825,0.768,False,0.0207858505983671,0.00829437897634551,0.0015502062706006247,0.2727272727272727,0.8717948717948718,146,0.06012589232975385,0.05480984340044743,True,1.0,train,sort
MVI_20032,61,4000,379.9332809446408,89.99364237893123,371.8554944869354,78.81613734652987,388.01106740234616,101.17114741133258,0.7263,False,0.0275122643929259,0.010984924433915634,0.001695548437773745,0.2727272727272727,0.8717948717948718,146,0.05890488513760041,0.055928411633109625,True,1.0,train,sort
MVI_20032,62,4000,379.8005269402038,89.17288734858062,371.5642458756622,77.99238663404171,388.0368080047454,100.35338806311954,0.7057,False,0.0188710162922867,0.0075284509645434814,0.0016190388068380772,0.2727272727272727,0.8717948717948718,146,0.058235744636173675,0.05704697986577182,True,1.0,train,sort
MVI_20032,63,4000,379.6128112164257,88.31852774280881,371.1471904682684,77.30335655841857,388.0784319645831,99.33369892719904,0.7474,False,0.0198541854322727,0.00792171568842238,0.001752520414607691,0.22727272727272727,0.7435897435897436,146,0.09531123865694013,0.05816554809843401,True,1.0,train,sort
MVI_20032,64,4000,379.6017170990914,87.62493692793872,371.0294350893241,76.94651288214072,388.1739991088587,98.30336097373672,0.7912,False,0.0157446383778146,0.006277909122583803,0.0019075350991663122,0.22727272727272727,0.7435897435897436,146,0.09615775475003893,0.059284116331096204,True,1.0,train,sort
MVI_20032,65,4000,379.6092514813836,87.24258970637891,371.1892594424348,76.75454227295647,388.0292435203324,97.73063713980136,0.7999,False,0.0086799265606578,0.0034520454648841415,0.0016777371293744817,0.22727272727272727,0.7435897435897436,146,0.09587916854284487,0.0604026845637584,True,1.0,train,sort
MVI_20032,66,4000,379.5778703746109,86.64041334015641,371.1865376198634,76.18653291774758,387.9692031293585,97.09429376256526,0.8031,False,0.0136863118643737,0.005454584655775864,0.0014152891071001978,0.22727272727272727,0.7435897435897436,146,0.09571166268415016,0.061521252796420595,True,1.0,train,sort
MVI_20032,67,4000,379.4913926960679,86.50439576999409,371.1151479444415,76.4413550113661,387.8676374476944,96.5674365286221,0.8052,False,0.0036583599115369,0.0014434337811058994,0.0011265182920391018,0.22727272727272727,0.7435897435897436,146,0.09549771655533822,0.06263982102908279,True,1.0,train,sort
MVI_20032,68,4000,379.5183771884487,86.31627371192519,371.3637312205438,76.41314834231613,387.6730231563536,96.21939908153423,0.8085,False,0.0043135623999647,0.0017055128224598716,0.0008315219240625302,0.22727272727272727,0.7435897435897436,146,0.09588691525871566,0.06375838926174497,True,1.0,train,sort
MVI_20032,69,4000,379.44449165608967,86.47771869934732,371.5571476910288,76.67374022768045,387.3318356211506,96.2816971710142,0.7786,False,0.0040298734465118,0.001592038087127187,0.0006091490436928537,0.22727272727272727,0.7435897435897436,146,0.09612507501497763,0.06487695749440715,True,1.0,train,sort
MVI_20032,70,4000,379.2500932580177,86.57772875098797,371.3958449316521,76.82669382641755,387.1043415843834,96.3287636755584,0.7885,False,0.0049619776898153,0.001964877004624474,0.0005385739186839657,0.22727272727272727,0.7435897435897436,146,0.09585537332180216,0.06599552572706935,True,1.0,train,sort
MVI_20032,71,4000,379.26709213395816,86.59256213171517,371.491525889944,77.0608837568847,387.0426583779723,96.12424050654562,0.7987,False,0.0005120694249245,0.00018492696967559034,0.0002884968360341371,0.22727272727272727,0.7435897435897436,146,0.09582051131859931,0.06711409395973154,True,1.0,train,sort
MVI_20032,72,4000,379.1334769321143,86.5510563623462,371.3584006535088,77.10871424547166,386.90855321071984,95.99339847922074,0.7878,False,0.0031756528763718,0.0012503524066220472,0.0002793339587238514,0.22727272727272727,0.7435897435897436,146,0.09561143374859134,0.06823266219239374,True,1.0,train,sort
MVI_20032,73,4000,378.8529427183048,85.22035273083395,371.0535131669765,75.15153650826444,386.65237226963313,95.28916895340348,0.7535,False,0.0308672288097682,0.012326900195107482,0.0007833829361083947,0.22727272727272727,0.7435897435897436,146,0.0954355752843495,0.06935123042505593,True,1.0,train,sort
MVI_20032,74,4000,378.5506270291149,83.56992929952283,370.92560684695394,73.0094014599574,386.1756472112758,94.13045713908824,0.6474,False,0.0380833858096078,0.015213341474223756,0.0014297960459994416,0.22727272727272727,0.7435897435897436,146,0.09630371287678041,0.07046979865771813,True,1.0,train,sort
MVI_20032,75,4000,378.3145255913093,82.22778035747082,370.8132360132365,71.38317712861924,385.81581516938206,93.0723835863224,0.658,False,0.0309308852550544,0.012352362583378691,0.001922744970642853,0.22727272727272727,0.7435897435897436,146,0.09672465498295461,0.07158836689038033,True,1.0,train,sort
MVI_20032,76,4000,377.9362313262433,82.11555950056382,370.37396780286775,71.55676052988494,385.4984948496188,92.67435847124273,0.626,False,0.0089560851533063,0.003562508078352934,0.0020830315927320153,0.22727272727272727,0.7435897435897436,146,0.09653772821384113,0.07270693512304252,True,1.0,train,sort
MVI_20032,77,4000,377.7581621447832,82.22340999127206,370.1246285399423,72.06160219368913,385.39169574962426,92.385217788855,0.6685,False,0.0047251986773816,0.0018701661057994882,0.0021124454960459896,0.22727272727272727,0.7435897435897436,146,0.09653772456151254,0.0738255033557047,True,1.0,train,sort
MVI_20032,78,4000,377.71441814100695,82.02462572704212,370.1375922720893,71.89926080007534,385.2912440099247,92.14999065400892,0.6718,False,0.0046198148844682,0.0018280129029213316,0.0016142098873033936,0.22727272727272727,0.7435897435897436,146,0.09637386419231489,0.0749440715883669,True,1.0,train,sort
MVI_20032,79,4000,377.6815517457164,82.96663513322756,370.20453513880176,73.71455058930763,385.1585683526311,92.21871967714746,0.8259,False,0.0213940603902309,0.00853766107922067,0.001297408535616266,0.22727272727272727,0.7435897435897436,146,0.09457878768076022,0.0760626398210291,True,1.0,train,sort
MVI_20032,80,4000,377.6232708188388,82.3879715406027,370.1413840937576,72.69224761863217,385.1051575439199,92.08369546257325,0.6795,False,0.0132005360562971,0.005260275781279424,0.000960846185077547,0.22727272727272727,0.7435897435897436,146,0.09429737803331592,0.07718120805369127,True,1.0,train,sort
MVI_20032,81,4000,377.7236468562427,81.89711347077635,370.5574700052103,72.26154912179426,384.8898237072751,91.53267781975843,0.6429,False,0.0113716993667564,0.004528746559621729,0.0010067000364912845,0.22727272727272727,0.7435897435897436,146,0.0927449949560979,0.07829977628635347,True,1.0,train,sort
MVI_20032,82,4000,377.7067587072351,81.43442257156583,370.53449445939407,71.61931798464002,384.8790229550761,91.24952715849165,0.6295,False,0.0105088178562143,0.004183596528785341,0.0011164862817382307,0.22727272727272727,0.7435897435897436,146,0.09202009434669758,0.07941834451901567,True,1.0,train,sort
MVI_20032,83,4000,377.7116512850552,81.47389396301811,370.73579774114927,71.99432944787688,384.6875048289612,90.95345847815936,0.7063,False,0.0009027493258137,0.0003411977649025323,0.0010459279240035177,0.22727272727272727,0.7435897435897436,146,0.09071484080999535,0.08053691275167786,True,1.0,train,sort
MVI_20032,84,4000,377.6474909660137,81.53849885939547,370.55178154233903,72.10859773070827,384.7432003896884,90.9683999880827,0.6444,False,0.0020666168081808,0.0008067412868353608,0.0006790490899230705,0.22727272727272727,0.7435897435897436,146,0.09038092993416161,0.08165548098434006,True,1.0,train,sort
MVI_20032,85,4000,377.5875022311136,81.81087286091436,370.4498678458252,72.7293825775253,384.7251366164018,90.89236314430342,0.6828,False,0.0063303133994529,0.0025122072076777806,0.0005486366394861716,0.22727272727272727,0.7435897435897436,146,0.08886618829912671,0.08277404921700224,True,1.0,train,sort
MVI_20032,86,4000,377.57707193218914,82.20312052529417,370.4513311985006,73.40349746209553,384.7028126658777,91.0027435884928,0.7301,False,0.0089061019409164,0.0035425149424624103,0.0005018339930283631,0.22727272727272727,0.7435897435897436,146,0.08789130289512966,0.08389261744966443,True,1.0,train,sort
MVI_20032,87,4000,377.3705439004507,82.4513382541605,370.080742951655,73.72962163204626,384.6603448492463,91.17305487627476,0.6999,False,0.0073290028583125,0.0029116800128197533,0.0004414738727636641,0.22727272727272727,0.7435897435897436,146,0.08746751525924547,0.08501118568232663,True,1.0,train,sort
MVI_20032,88,4000,377.3476090661069,82.12322843996685,370.0524980308202,73.31439679115967,384.6427201013935,90.93206008877404,0.6664,False,0.0074653715084291,0.0029662270661727635,0.000566047366648004,0.22727272727272727,0.7435897435897436,146,0.0865555358559783,0.08612975391498882,True,1.0,train,sort
MVI_20032,89,4000,377.3185338820127,82.0608589935459,370.0176083560083,73.32921438005216,384.61945940801706,90.79250360703963,0.7023,False,0.0015618819544176,0.0006048488506060693,0.000556466351244582,0.22727272727272727,0.7435897435897436,146,0.08561253086381822,0.08724832214765102,True,1.0,train,sort
MVI_20032,90,4000,377.47363079568265,81.35694037270223,370.358837317291,72.3911233254937,384.5884242740743,90.32275741991076,0.6183,False,0.0163602595626371,0.006524155760539383,0.0007468575397438305,0.22727272727272727,0.7435897435897436,146,0.08498877509774652,0.08836689038031321,True,1.0,train,sort
MVI_20032,91,4000,377.4521080413412,80.27457010612548,370.3395073188945,71.12484207600914,384.5647087637877,89.4242981362418,0.6642,False,0.0245717170551179,0.009808714268417139,0.0010442265416944557,0.22727272727272727,0.7435897435897436,146,0.08399993284884294,0.08948545861297541,True,1.0,train,sort
MVI_20032,92,4000,377.5752308402576,79.39886383273887,370.5613696465263,69.8608587268034,384.58909203398895,88.93686893867434,0.6297,False,0.0200716434007923,0.008008698227303096,0.0012861108387813725,0.22727272727272727,0.7435897435897436,146,0.08378906732401546,0.09060402684563759,True,1.0,train,sort
MVI_20032,93,4000,377.6006666049087,79.71839127425565,370.6198198495825,70.65119480111399,384.5815133602349,88.7855877473973,0.6334,False,0.0072753460847186,0.0028902174634033327,0.0012825037240793893,0.22727272727272727,0.7435897435897436,146,0.0822473345765404,0.09172259507829977,True,1.0,train,sort
MVI_20032,94,4000,377.199504503293,79.22401306003795,369.8452517458383,70.11245740642043,384.55375726074783,88.33556871365548,0.6467,False,0.0144505372902369,0.0057602725469637515,0.001527159714013911,0.22727272727272727,0.7435897435897436,146,0.08214532119344616,0.09284116331096197,True,1.0,train,sort
MVI_20032,95,4000,377.0580066891269,79.01059258713124,369.5650548609985,70.05364582146969,384.5509585172552,87.96753935279281,0.68,False,0.0058120075096307,0.0023048863974979095,0.0013269299009832937,0.22727272727272727,0.7435897435897436,146,0.08153191698742913,0.09395973154362416,True,1.0,train,sort
MVI_20032,96,4000,376.9744186694319,78.90904176079437,369.3696253089744,69.92908525420361,384.5792120298893,87.88899826738513,0.7056,False,0.002985320250205,0.001174219923786255,0.0009171709973722929,0.22727272727272727,0.7435897435897436,146,0.08107404665796718,0.09507829977628636,True,1.0,train,sort
MVI_20032,97,4000,377.13645131832845,78.95746035348344,369.7096682668425,70.26876271647491,384.5632343698144,87.64615799049196,0.6747,False,0.0038383871065705,0.0015154441222223558,0.0006090268748829452,0.22727272727272727,0.7435897435897436,146,0.07957306660612175,0.09619686800894856,True,1.0,train,sort
MVI_20032,98,4000,377.16470348347104,78.54338737838975,369.8608294550761,69.77811774355246,384.468577511866,87.30865701322705,0.6138,False,0.0094201808197975,0.003748144960872107,0.000649740715984611,0.1818181818181818,0.6153846153846154,146,0.07897681276016423,0.09731543624161075,True,1.0,train,sort
MVI_20032,99,4000,377.278196610084,78.57409984358048,370.0503122803136,69.78137024009543,384.5060809398545,87.36682944706556,0.6548,False,0.0026686388936684,0.0010475483256137022,0.0004260934897678038,0.1818181818181818,0.6153846153846154,146,0.07849890515492529,0.09843400447427295,True,1.0,train,sort
MVI_20032,100,4000,377.30835705733534,79.77383996089654,370.29942147996,71.87900768115573,384.3172926347107,87.66867224063736,0.6495,False,0.0272394401758586,0.010875795560735197,0.0008328348925068579,0.1818181818181818,0.6153846153846154,146,0.07656545176321009,0.09955257270693513,True,1.0,train,sort
MVI_20032,101,4000,377.1536653219344,79.4694644650216,369.8978887866595,71.19661372508023,384.4094418572091,87.74231520496298,0.6543,False,0.0077495165756267,0.0030798842456430087,0.0009232701736024074,0.1818181818181818,0.6153846153846154,146,0.07627760669029508,0.10067114093959732,True,1.0,train,sort
MVI_20032,102,4000,377.1822990900586,79.0508169075403,369.9220146679744,70.39623991283912,384.4425835121429,87.70539390224147,0.6892,False,0.0095243602759102,0.0037898164326217085,0.0010312028755204952,0.1818181818181818,0.6153846153846154,146,0.07583081944274017,0.10178970917225952,True,1.0,train,sort
MVI_20032,103,4000,377.0348777334959,79.0602108458528,369.7034942374368,70.57182010954617,384.3662612295549,87.54860158215942,0.6311,False,0.0033528501378759,0.001321230782766455,0.0009160311407220428,0.1818181818181818,0.6153846153846154,146,0.07492314026157451,0.10290827740492171,True,1.0,train,sort
MVI_20032,104,4000,376.86370649382377,78.66679544741658,369.54320847436463,70.11315914295508,384.1842045132829,87.22043175187808,0.592,False,0.0097380394541284,0.0038752874666513593,0.001050224440744296,0.1818181818181818,0.6153846153846154,146,0.07419377240815206,0.10402684563758391,True,1.0,train,sort
MVI_20032,105,4000,376.7613052029517,78.34330144589944,369.4903915424975,69.99485161247028,384.0322188634058,86.69175127932861,0.6033,False,0.0077015182062401,0.0030606850410343912,0.0006793502481932672,0.1818181818181818,0.6153846153846154,146,0.07314703664859219,0.10514541387024609,True,1.0,train,sort
MVI_20032,106,4000,376.7459621620823,78.34118060932195,369.5961049621046,70.3524140691869,383.89581936206,86.32994714945698,0.6134,False,0.0003515565006424,0.0001207222786620969,0.0005389201413681402,0.1818181818181818,0.6153846153846154,146,0.07211249379406705,0.10626398210290829,True,1.0,train,sort
MVI_20032,107,4000,376.6241129515337,77.78427594515001,369.5136670316193,69.5513870360403,383.734558871448,86.01716485425973,0.5559,False,0.0129392418441104,0.00515575887566518,0.000603742359730616,0.1818181818181818,0.6153846153846154,146,0.0718233616254903,0.10738255033557048,True,1.0,train,sort
MVI_20032,108,4000,376.4515719314136,77.0451106224579,369.2877722844568,68.54573053541701,383.61537157837046,85.54449070949879,0.6954,False,0.0172280542507709,0.006871271047759827,0.0008671252890847508,0.1818181818181818,0.6153846153846154,146,0.07166897765739151,0.10850111856823266,True,1.0,train,sort
MVI_20032,109,4000,376.6450850922692,77.93602421927082,369.6737636297314,70.18758930908929,383.616406554807,85.68445912945236,0.4302,False,0.020692829626539,0.008257170865031638,0.0010750721201795033,0.1818181818181818,0.6153846153846154,146,0.07016964938824666,0.10961968680089486,True,1.0,train,sort
MVI_20032,110,4000,376.6494969737073,78.16651185358236,369.6975633586837,70.45015081172811,383.6014305887309,85.8828728954366,0.579,False,0.0052324005889218,0.00207304535778207,0.001028202652481741,0.1818181818181818,0.6153846153846154,146,0.07005613257601882,0.11073825503355705,True,1.0,train,sort
MVI_20032,111,4000,376.7569493575735,78.1058871940489,369.91609621305406,70.24437348938926,383.597802502093,85.96740089870853,0.585,False,0.0028002744361759,0.0011002021500386649,0.0010746848878258263,0.1818181818181818,0.6153846153846154,146,0.06925183909120314,0.11185682326621925,True,1.0,train,sort
MVI_20032,112,4000,376.858140358012,77.95209436645042,370.0710588386588,70.0694579405211,383.6452218773652,85.83473079237974,0.5015,False,0.0041785101454914,0.0016514923234382955,0.0009083862763392061,0.1818181818181818,0.6153846153846154,146,0.06821322584956878,0.11297539149888144,True,1.0,train,sort
MVI_20032,113,4000,376.929900054108,77.95350058400528,370.2666098312035,70.18749924453874,383.5931902770126,85.71950192347182,0.57,False,0.0016290625862611,0.0006317209029899557,0.0006122819389802286,0.1818181818181818,0.6153846153846154,146,0.06733401036241082,0.11409395973154364,True,1.0,train,sort
MVI_20032,114,4000,376.849522591329,77.91234731656158,370.16366910994446,70.18820336439578,383.5353760727135,85.6364912687274,0.6042,False,0.0020495691177159,0.0007999222614909268,0.000258390455613678,0.1818181818181818,0.6153846153846154,146,0.06697753442136034,0.11521252796420584,True,1.0,train,sort
MVI_20032,115,4000,376.7484786024942,76.55783526686187,369.94730307491375,67.94349729086952,383.54965413007454,85.17217324285423,0.7197,False,0.0308291625455684,0.012311673802953007,0.0007442752102643575,0.1818181818181818,0.6153846153846154,146,0.06806222382983325,0.11633109619686802,True,1.0,train,sort
MVI_20032,116,4000,376.7567803488152,75.95837865013664,369.87777890790943,67.08233960946295,383.63578178972085,84.83441769081031,0.7056,False,0.0136073391258795,0.005422995795899419,0.0009494178757368224,0.1818181818181818,0.6153846153846154,146,0.06800488819887314,0.11744966442953021,True,1.0,train,sort
MVI_20032,117,4000,376.71935162734366,76.11125636837362,369.8775457869149,67.71726242506355,383.5611574677724,84.50525031168368,0.6066,False,0.0035723892870446,0.001409045787700047,0.0009379123233902438,0.1818181818181818,0.6153846153846154,146,0.0663607385091464,0.11856823266219241,True,1.0,train,sort
MVI_20032,118,4000,376.7417635274334,75.83785394238895,369.8580202091308,67.70543297209026,383.6255068457361,83.97027491268763,0.727,False,0.0062263060521358,0.002470604578933145,0.0010251784595237616,0.1818181818181818,0.6153846153846154,146,0.06457413497284348,0.1196868008948546,True,1.0,train,sort
MVI_20032,119,4000,376.7260928644442,75.286018925115,369.8311826331436,67.30917295052197,383.62100309574487,83.26286489970802,0.5593,False,0.0125302028777562,0.004992144509004652,0.0012241247235748856,0.1818181818181818,0.6153846153846154,146,0.06325317399936162,0.1208053691275168,True,1.0,train,sort
MVI_20032,120,4000,376.74694514947976,74.45992032477977,369.814680819773,66.28371319665713,383.67920947918657,82.6361274529024,0.5877,False,0.0187561633356724,0.0074825101244249195,0.0009949517418933126,0.1818181818181818,0.6153846153846154,146,0.06318297652709778,0.121923937360179,True,1.0,train,sort
MVI_20032,121,4000,376.71759702183726,73.05533498898664,369.81520828978034,64.08703277250103,383.61998575389424,82.02363720547226,0.4476,False,0.0318872245014261,0.012734895429826974,0.0013419455388346338,0.1818181818181818,0.6153846153846154,146,0.06467734211590771,0.12304250559284119,True,1.0,train,sort
MVI_20032,122,4000,376.8186004289796,73.04041121979637,369.9723876392968,64.62300609102016,383.6648132186624,81.45781634857259,0.3002,False,0.0023173919306858,0.0009070505879481309,0.0013181228348686238,0.1818181818181818,0.6153846153846154,146,0.06333442767416489,0.12416107382550337,True,1.0,train,sort
MVI_20032,123,4000,376.8513794692286,72.85525738818902,370.1169806901647,64.63109471155076,383.5857782482926,81.07942006482726,0.4814,False,0.0042678374415736,0.0016872229754694523,0.0012809466466481851,0.1818181818181818,0.6153846153846154,146,0.06237822397253168,0.12527964205816558,True,1.0,train,sort
MVI_20032,124,4000,376.8448116671592,72.50839680692702,370.2889950792864,64.6390891880705,383.400628255032,80.37770442578355,0.3853,False,0.0078742028043312,0.003129758365271774,0.0011925651764778057,0.1818181818181818,0.6153846153846154,146,0.06063514051188794,0.12639821029082773,True,1.0,train,sort
MVI_20032,125,4000,376.4898188207074,70.82637997554696,369.66130662107656,62.30181025737824,383.31833102033823,79.35094969371569,0.5537,False,0.0390182050512222,0.015587266382948401,0.0015771848086155059,0.1818181818181818,0.6153846153846154,146,0.06110134358586035,0.12751677852348994,True,1.0,train,sort
MVI_20032,126,4000,376.5684739421033,70.02909084690208,369.7100971112602,61.31598239764336,383.42685077294647,78.74219929616079,0.5618,False,0.0181841417288575,0.00725370318764491,0.0013170691337428665,0.1818181818181818,0.6153846153846154,146,0.06106832366888537,0.12863534675615212,True,1.0,train,sort
MVI_20032,127,4000,376.5850867999857,70.00791396511569,369.73590900819136,61.532825011927386,383.4342645917801,78.483002918304,0.4927,False,0.0006109099908718,0.00022446290128124184,0.0012846762256068026,0.1818181818181818,0.6153846153846154,146,0.06046509196947909,0.1297539149888143,True,1.0,train,sort
MVI_20032,128,4000,376.5872532561869,69.79280196036018,369.7266962965037,61.45516861738496,383.44781021586994,78.1304353033354,0.6091,False,0.004882704929852,0.0019331681370551251,0.0012963478088793587,0.1818181818181818,0.6153846153846154,146,0.05986947857064133,0.13087248322147652,True,1.0,train,sort
MVI_20032,129,4000,376.5433079036424,69.62560686830162,369.7171641223959,61.42722678881606,383.3694516848888,77.82398694778719,0.5377,False,0.0039237677395258,0.001549596120772967,0.0012213595671838914,0.1818181818181818,0.6153846153846154,146,0.05936272723866903,0.1319910514541387,True,1.0,train,sort
MVI_20032,130,4000,376.4744281955359,69.05594300383393,369.49201173611937,60.78361912239806,383.4568446549524,77.3282668852698,0.5175,False,0.0130239935862065,0.005189659319747618,0.0007279303169760391,0.1818181818181818,0.6153846153846154,146,0.059231486845132256,0.1331096196868009,True,1.0,train,sort
MVI_20032,131,4000,376.2978921378029,68.65482028599612,369.2701550023057,60.467513142402055,383.3256292733002,76.8421274295902,0.5374,False,0.0099471177992781,0.003958918181174746,0.0005715728699734034,0.1818181818181818,0.6153846153846154,146,0.058203648973397304,0.1342281879194631,True,1.0,train,sort
MVI_20032,132,4000,376.1350493233166,67.67188699096585,368.9783131441381,59.08107719569751,383.2917855024952,76.26269678623417,0.6491,False,0.0226140053798533,0.009025635436815092,0.0009892416603750232,0.1818181818181818,0.6153846153846154,146,0.05792837130656045,0.1353467561521253,True,1.0,train,sort
MVI_20032,133,4000,376.0520750857115,67.48395351955884,368.9347754972691,59.124282252611714,383.1693746741539,75.84362478650597,0.523,False,0.0046628252800432,0.0018452169328809604,0.0009850678445665637,0.1818181818181818,0.6153846153846154,146,0.056657707998385584,0.13646532438478748,True,1.0,train,sort
MVI_20032,134,4000,375.9769465196787,66.68699885674653,368.8944447032587,58.03298955925477,383.0594483360986,75.34100815423828,0.5816,False,0.0181688999323262,0.00724760651448814,0.0012554728501757981,0.1818181818181818,0.6153846153846154,146,0.056341752510927046,0.1375838926174497,True,1.0,train,sort
MVI_20032,135,4000,375.8061853046956,65.82045477202932,368.8225974973232,57.03334162475759,382.789773112068,74.60756791930105,0.5231,False,0.0200464404166602,0.007998617108813348,0.0013887748616193368,0.1818181818181818,0.6153846153846154,146,0.05626526030871282,0.13870246085011187,True,1.0,train,sort
MVI_20032,136,4000,375.23435532682026,65.28344845850786,368.2424828568754,56.468503493802366,382.2262277967652,74.09839342321335,0.4668,False,0.0178049316534451,0.007102020288402078,0.0015379340389828325,0.1818181818181818,0.6153846153846154,146,0.056141919812833854,0.13982102908277405,True,1.0,train,sort
MVI_20032,137,4000,374.82030904954746,65.05697808928299,367.9532897403802,56.461352468647945,381.6873283587147,73.65260370991804,0.4385,False,0.0107116527649128,0.004264729887348073,0.0013120003177617165,0.1818181818181818,0.6153846153846154,146,0.05529768754846873,0.14093959731543626,True,1.0,train,sort
MVI_20032,138,4000,374.5954066542855,64.91774520566678,367.8866154549892,56.44322601337188,381.30419785358174,73.39226439796167,0.3082,False,0.0060037150581441,0.0023815688451718723,0.0013374534552308085,0.1818181818181818,0.6153846153846154,146,0.05465080011033202,0.14205816554809844,True,1.0,train,sort
MVI_20032,139,4000,374.4255475166247,64.90141987953544,367.84585520979215,56.641424720983,381.0052398234572,73.16141503808787,0.387,False,0.0038731059126682,0.001529331541119206,0.0010660867729315863,0.1818181818181818,0.6153846153846154,146,0.05408794012179563,0.14317673378076065,True,1.0,train,sort
MVI_20032,140,4000,374.32350329443386,64.67724333189445,367.7298348880116,56.41078094791398,380.9171717008561,72.94370571587491,0.4689,False,0.005590545364356,0.002216302199856874,0.0007916810089274823,0.1818181818181818,0.6153846153846154,146,0.05396143859054543,0.14429530201342283,True,1.0,train,sort
MVI_20032,141,4000,374.1794952250356,65.25198513120694,367.72223143337294,57.34810905635881,380.6367590166983,73.15586120605508,0.4182,False,0.0134483337282175,0.00535939411103803,0.0007089828724367752,0.1818181818181818,0.6153846153846154,146,0.05293391974725237,0.14541387024608504,True,1.0,train,sort
MVI_20032,142,4000,374.2748182764368,65.7046772305085,367.9972454764789,58.067339358242506,380.55239107639466,73.34201510277448,0.3948,False,0.0105001997084906,0.0041801492953978565,0.0007049690125347372,0.1818181818181818,0.6153846153846154,146,0.05224375741913821,0.14653243847874722,True,1.0,train,sort
MVI_20032,143,4000,374.1119886481928,65.67917376234917,367.8695551737089,57.949404655987,380.3544221226766,73.40894286871134,0.3168,False,0.0037408473536091,0.0014764285119316383,0.0006620146372396463,0.1818181818181818,0.6153846153846154,146,0.05175252193877541,0.1476510067114094,True,1.0,train,sort
MVI_20032,144,4000,374.1740937208488,65.71411898433134,368.0716329502092,58.27594678711392,380.2765544914884,73.15229118154876,0.2669,False,0.001617443338812,0.0006270732386625368,0.0006191970317109034,0.1818181818181818,0.6153846153846154,146,0.051386150686203634,0.14876957494407161,True,1.0,train,sort
MVI_20032,145,4000,374.04604036638943,65.32469501957591,367.8697197881468,57.68654745236912,380.222360944632,72.96284258678271,0.4185,False,0.009304464178915,0.003701858649622018,0.0006896956570862889,0.1818181818181818,0.6153846153846154,146,0.050399694753075416,0.1498881431767338,True,1.0,train,sort
MVI_20032,151,4001,374.00827242923725,60.617518768501554,367.8570045934648,52.22770916309288,380.15954026500975,69.00732837391023,0.4066,False,0.1068435344830005,0.04271719587947882,0.01009743194626914,0.1818181818181818,0.6153846153846154,17,0.04843160923170576,0.0,True,0.02,train,sort
MVI_20032,152,4001,373.84809604857423,59.255248999293386,367.5564670140021,50.692769893414784,380.1397250831464,67.81772810517198,0.5431,False,0.0311328201721443,0.012433135947982059,0.006504528094830448,0.1818181818181818,0.6153846153846154,17,0.048606256857611184,0.0011185682326621926,True,0.04,train,sort
MVI_20032,153,4001,373.9331298428925,59.12783009094918,367.65969720336506,50.80930442227775,380.20656248242,67.44635575962062,0.5418,False,0.0034769331660468,0.0013708636239807273,0.004431940759357068,0.1818181818181818,0.6153846153846154,17,0.048406246831368856,0.002237136465324385,True,0.06,train,sort
MVI_20032,154,4001,373.95479817083447,59.32216402689454,367.65513101976046,51.30492400541515,380.2544653219085,67.33940404837394,0.4653,False,0.0044381856319517,0.001755361743589511,0.003418455539000589,0.1818181818181818,0.6153846153846154,17,0.04767893201467992,0.0033557046979865775,True,0.08,train,sort
MVI_20032,155,4001,373.9421161703921,59.04428724286501,367.661543211382,50.96229546379208,380.2226891294023,67.12627902193795,0.3859,False,0.0063136121613096,0.0025055267622287407,0.0028459642674497723,0.1818181818181818,0.6153846153846154,17,0.04725159135249656,0.00447427293064877,True,0.1,train,sort
MVI_20032,156,4001,373.99457498570274,58.87529592844503,367.8156365554539,50.97205601056326,380.1735134159516,66.77853584632679,0.4133,False,0.0040161995557714,0.0015865685716108192,0.0008940675983663461,0.1818181818181818,0.6153846153846154,17,0.046809538829905045,0.005592841163310963,True,0.12,train,sort
MVI_20032,157,4001,373.9895032744679,59.020100281615576,367.7511891311831,51.29755759121939,380.2278174177527,66.74264297201177,0.4587,False,0.0032886801856013,0.0012955629932313332,0.00036552249767217286,0.1818181818181818,0.6153846153846154,17,0.04607362798834649,0.006711409395973155,True,0.14,train,sort
MVI_20032,158,4001,374.0591323467432,58.51456436294427,367.87776569572014,50.8661213708756,380.2404989977664,66.16300735501294,0.3827,False,0.0115826148822221,0.004613112136792484,0.0005193867707630761,0.1818181818181818,0.6153846153846154,17,0.04554155501089925,0.007829977628635349,True,0.16,train,sort
MVI_20032,159,4001,374.04872091180647,58.249231612271394,367.8481760021008,50.68816116103396,380.24926582151215,65.81030206350883,0.4028,False,0.0060269661769034,0.002390869223333547,0.0005495454387455774,0.1818181818181818,0.6153846153846154,17,0.045344652666292194,0.00894854586129754,True,0.18,train,sort
MVI_20032,160,4001,374.04556114490015,59.22947348353338,367.9157849434352,52.42159814194133,380.175337346365,66.03734882512545,0.5675,False,0.0222489394298335,0.008879610145547128,0.0008520341907704998,0.1818181818181818,0.6153846153846154,17,0.044392989332738074,0.010067114093959733,True,0.2,train,sort
MVI_20032,161,4001,373.99736294023546,59.40757154850772,367.8569632534031,52.74235318718138,380.1377626270678,66.07278990983406,0.5301,False,0.0041877549723137,0.0016551902265962504,0.0008552907027315373,0.1818181818181818,0.6153846153846154,17,0.04396772641363707,0.011185682326621926,True,0.22,train,sort
MVI_20032,162,4001,373.9591167582464,58.97574179085268,367.8414923412817,51.90242410719318,380.0767411752111,66.04905947451219,0.4285,False,0.0098397277894055,0.003915962497496018,0.0009796444847868788,0.1818181818181818,0.6153846153846154,17,0.044516501541007114,0.012304250559284118,True,0.24,train,sort
MVI_20032,163,4001,373.95674353719977,60.20817079789728,367.8948041900189,53.97833905491384,380.0186828843807,66.43800254088072,0.4096,False,0.0279728376386223,0.01116915235862186,0.0012907681877049183,0.1818181818181818,0.6153846153846154,17,0.042814342483555284,0.01342281879194631,True,0.26,train,sort
MVI_20032,164,4001,374.0125302804073,59.74166607171888,368.0655637547248,53.03911818691533,379.95949680608976,66.44421395652245,0.3042,False,0.0106638288550627,0.004245600466033797,0.0013787863865904737,0.1818181818181818,0.6153846153846154,17,0.043137221522409425,0.014541387024608502,True,0.28,train,sort
MVI_20032,165,4001,373.9381570791915,59.3848056061253,367.98672882890696,52.4873008227978,379.88958532947606,66.2823103894528,0.3102,False,0.0082737971237001,0.00328959490130508,0.0011135064030470569,0.1818181818181818,0.6153846153846154,17,0.04290544657433173,0.015659955257270698,True,0.3,train,sort
MVI_20032,166,4001,373.87782464228906,59.36851075518452,367.9370290932803,52.561431133048536,379.8186201912978,66.17559037732049,0.3119,False,0.0014184483453919,0.0005474758347593061,0.0010609386652506365,0.1818181818181818,0.6153846153846154,17,0.042492160950532286,0.016778523489932886,True,0.32,train,sort
MVI_20032,167,4001,373.821389372009,58.39398320184347,367.8659515572176,50.953986816118864,379.77682718680046,65.83397958756808,0.2765,False,0.0221561828184366,0.00884250777761734,0.0012947329920519196,0.1818181818181818,0.6153846153846154,17,0.043361433935333316,0.01789709172259508,True,0.34,train,sort
MVI_20032,11,7000,633.7526885686163,127.20306110744416,627.5047826767707,107.91575919728427,640.0005944604619,146.49036301760407,0.2747,False,0.0021799188588971,0.0008520617692200105,0.0001636646821708726,0.2727272727272727,0.8717948717948718,6,0.4239541493067612,0.0,False,0.0,train,sort
MVI_20032,24,7001,633.7124362950028,127.03716573729814,627.4246335552164,107.67638149969778,640.0002390347894,146.3979499748985,0.439,False,0.0038746270258951,0.0015299399818735453,0.0003245117579301028,0.2727272727272727,0.8717948717948718,2,0.4289826543052399,0.0,False,0.0,train,sort
MVI_20032,25,7001,633.8037164552295,127.03731950458128,627.6072347264735,107.71498295374634,640.0001981839856,146.35965605541625,0.277,False,0.0020718142593954,0.0008088202518207996,0.00023895804216954598,0.2727272727272727,0.8717948717948718,2,0.42964532554467294,0.0011185682326621926,False,0.0,train,sort
MVI_20032,40,7002,634.0387810449417,127.0289051956122,628.077520296452,107.5564852392255,640.0000417934314,146.50132515199888,0.3396,False,0.0053387437943091,0.002115582322788558,0.0004634730878837993,0.2727272727272727,0.8717948717948718,7,0.41204393905118836,0.0,False,0.0,train,sort
MVI_20032,41,7002,634.0837614455095,127.49004435266622,628.1674856104094,108.15451248235644,640.0000372806094,146.82557622297597,-1.0,True,0.4633277010968877,0.18530979937861936,0.022197653033044787,0.2727272727272727,0.8717948717948718,7,0.4103352279272073,0.0011185682326621926,False,0.0,train,sort
MVI_20032,42,7002,634.1287418460772,127.95118350972024,628.2574509243668,108.7525397254874,640.0000327677874,147.14982729395305,-1.0,True,0.4633277010968877,0.18530979937861936,0.029442379681431784,0.2727272727272727,0.8717948717948718,7,0.4095706174616904,0.002237136465324385,False,0.0,train,sort
MVI_20032,43,7002,634.1737222466448,128.41232266677426,628.3474162383243,109.35056696861837,640.0000282549655,147.47407836493014,-1.0,True,0.4633277010968766,0.18530979937861494,0.03306474300562503,0.2727272727272727,0.8717948717948718,7,0.40929570132000664,0.0033557046979865775,False,0.0,train,sort
MVI_20032,44,7002,634.2187026472126,128.87346182382828,628.4373815522816,109.94859421174932,640.0000237421435,147.79832943590722,0.3583,False,0.0420651135362708,0.01680602069014119,0.027241639043689155,0.2727272727272727,0.8717948717948718,7,0.40868729270651644,0.00447427293064877,False,0.0,train,sort
MVI_20032,45,7002,634.2091083012378,128.8490943878879,628.4181952311563,109.8030969789338,640.0000213713195,147.89509179684197,-1.0,True,0.0261882303524169,0.01045531476639244,0.027637409714918456,0.31818181818181823,1.0,7,0.40794217432586033,0.005592841163310963,False,0.0,train,sort
MVI_20032,46,7002,634.1995139552632,128.82472695194753,628.3990089100312,109.6575997461183,640.0000190004953,147.99185415777674,-1.0,True,0.0261882303523753,0.010455314766375779,0.019339508408082587,0.31818181818181823,1.0,7,0.4075040969852589,0.006711409395973155,False,0.0,train,sort
MVI_20032,47,7002,634.1899196092886,128.80035951600715,628.3798225889059,109.51210251330278,640.0000166296712,148.0886165187115,-1.0,True,0.0261882303523753,0.010455314766375779,0.011041607101246706,0.31818181818181823,1.0,7,0.40715219989179646,0.007829977628635349,False,0.0,train,sort
MVI_20032,48,7002,634.1803252633139,128.77599208006677,628.3606362677806,109.36660528048728,640.0000142588472,148.18537887964624,0.2649,False,0.0023776063474719,0.0009311361750845014,0.002291726000158278,0.31818181818181823,1.0,7,0.4072199060693487,0.00894854586129754,False,0.0,train,sort
MVI_20032,49,7002,634.0920958894027,128.84016170246386,628.1841796053501,109.40264132795627,640.0000121734553,148.27768207697144,0.4371,False,0.0024762058889079,0.0009705756976044411,0.0015402384990553322,0.31818181818181823,1.0,7,0.4066780709500814,0.010067114093959733,False,0.0,train,sort
MVI_20032,50,7002,634.1103909277972,128.79383272463127,628.2207712973881,109.4345812139736,640.0000105582063,148.15308423528896,0.2944,False,0.0011305620957923,0.00043232219348561475,0.001064586968849706,0.31818181818181823,1.0,7,0.4063275910410325,0.011185682326621926,False,0.0,train,sort
MVI_20032,51,7002,633.8100845185061,128.3145168811384,627.620159792939,108.88378399373777,640.0000092440732,147.745249768539,0.3616,False,0.0128380680567603,0.0051152896624567954,0.0008111705272490822,0.31818181818181823,1.0,7,0.4061095587016834,0.012304250559284118,False,0.0,train,sort
MVI_20032,52,7002,633.8071619176442,128.13753589057936,627.6143156930946,108.3802953740579,640.0000081421938,147.89477640710084,0.2704,False,0.0040175347084832,0.0015871026287137234,0.0003903203028491123,0.31818181818181823,1.0,7,0.40565570255011063,0.01342281879194631,False,0.0,train,sort
MVI_20032,14,11001,307.4820332287335,83.48880581744396,301.4645173134118,75.80163933016358,313.49954914405515,91.17597230472433,0.2777,False,0.0441536201482808,0.017641417106370346,0.004147446222061573,0.2727272727272727,0.8717948717948718,271,0.041030748762043066,0.0,True,0.02,train,sort
MVI_20032,15,11001,307.32688495735044,83.54732992962066,301.2874655502307,75.81514278235925,313.36630436447024,91.27951707688209,0.3934,False,0.0037636482195317,0.0014855487903013991,0.0022307124146578455,0.2727272727272727,0.8717948717948718,271,0.04134767925878524,0.0011185682326621926,True,0.04,train,sort
MVI_20032,16,11001,307.1285738753762,83.96804837480298,300.8746753831603,76.22784029909647,313.3824723675922,91.70825645050948,0.3325,False,0.0105568289111092,0.004202800807559405,0.0018067178433993044,0.2727272727272727,0.8717948717948718,271,0.04165128329516594,0.002237136465324385,True,0.06,train,sort
MVI_20032,17,11001,307.13275201775855,84.08672152498612,300.86861759256175,75.85284144321824,313.3968864429554,92.320601606754,0.5138,False,0.002695226545237,0.0010581833069485253,0.0014081816928555645,0.2727272727272727,0.8717948717948718,271,0.041193972894530424,0.0033557046979865775,True,0.08,train,sort
MVI_20032,18,11001,306.696642218608,83.8170187351406,300.140848165836,75.16117183258238,313.2524362713801,92.47286563769885,0.3401,False,0.0116384459747052,0.004635444407280057,0.0013388226461650311,0.22727272727272727,0.7435897435897436,271,0.04222861134985196,0.00447427293064877,True,0.1,train,sort
MVI_20032,19,11001,306.7227031132147,84.3514201099569,300.2654731408394,76.23117013996328,313.17993308559,92.47167007995051,0.3679,False,0.0121438718408162,0.004837613246387701,0.0007312048260225971,0.22727272727272727,0.7435897435897436,271,0.04280062973499438,0.005592841163310963,True,0.12,train,sort
MVI_20032,20,11001,306.6634316189311,83.936117041541,300.06934703256087,75.06435059643981,313.2575162053013,92.80788348664218,0.437,False,0.0095217657594317,0.003788778633767951,0.0008405069921662168,0.22727272727272727,0.7435897435897436,271,0.04199443941309647,0.006711409395973155,True,0.14,train,sort
MVI_20032,21,11001,306.27889486678464,84.45055163915221,299.5416410528057,75.70724302054235,313.01614868076354,93.19386025776208,0.4133,False,0.014577794429459,0.005811175023132318,0.0009168340622718533,0.22727272727272727,0.7435897435897436,271,0.04254613039834099,0.007829977628635349,True,0.16,train,sort
MVI_20032,22,11001,306.01269327111777,85.2385484680932,299.1905737673807,76.77341857447414,312.83481277485475,93.70367836171226,0.3749,False,0.0188783835826531,0.007531397858718479,0.0012240271869302058,0.22727272727272727,0.7435897435897436,271,0.04322635161229846,0.00894854586129754,True,0.18,train,sort
MVI_20032,23,11001,306.01579246284507,85.34647011502842,299.1757361926417,76.62155151972793,312.85584873304845,94.07138871032892,0.4555,False,0.0024505376136241,0.000960308464041711,0.0010496197908955855,0.22727272727272727,0.7435897435897436,271,0.04326462266775877,0.010067114093959733,True,0.2,train,sort
MVI_20032,24,11001,305.8837949460274,85.90615250941812,299.1311453555895,77.52488937404384,312.6364445364653,94.28741564479242,0.3573,False,0.0130517790434722,0.005200773419789061,0.0010668539343843299,0.2727272727272727,0.8717948717948718,271,0.044035142572170005,0.011185682326621926,True,0.22,train,sort
MVI_20032,25,11001,305.5828602228063,85.90262043371433,298.70183593379056,77.32249813395826,312.463884511822,94.4827427334704,0.4493,False,0.0068308700114415,0.0027124283596580766,0.00101577461339376,0.2727272727272727,0.8717948717948718,271,0.044619832860493196,0.012304250559284118,True,0.24,train,sort
MVI_20032,26,11001,305.59032850759445,86.99253770726192,298.87883787376427,79.13909227253339,312.3018191414246,94.84598314199044,0.3338,False,0.0247387378592588,0.009875522091965629,0.0012086524279302077,0.22727272727272727,0.7435897435897436,271,0.04475100627355075,0.01342281879194631,True,0.26,train,sort
MVI_20032,27,11001,305.57697540007393,86.88786386256139,298.92603703292986,78.33926310555815,312.22791376721807,95.43646461956465,0.2523,False,0.0023950652173461,0.0009381196709663878,0.0008957615586350565,0.22727272727272727,0.7435897435897436,271,0.04434153082886042,0.014541387024608502,True,0.28,train,sort
MVI_20032,28,11001,305.2757081986376,86.89880874010859,298.3674800740167,77.72218126475124,312.1839363232584,96.07543621546591,0.3576,False,0.006842456885409,0.00271706307468944,0.0009791301746119956,0.22727272727272727,0.7435897435897436,271,0.044868338025299076,0.015659955257270698,True,0.3,train,sort
MVI_20032,29,11001,305.11695930849703,87.57768298666062,298.23285819229085,78.37967714212927,312.0010604247032,96.77568883119196,0.3083,False,0.0158242766010274,0.006309764174363004,0.0010317584835287214,0.22727272727272727,0.7435897435897436,271,0.04525718529191942,0.016778523489932886,True,0.32,train,sort
MVI_20032,30,11001,305.1794676333684,90.0760575773056,298.5406509277599,82.69672494306265,311.8182843389769,97.45539021154856,0.2776,False,0.0567240523974946,0.022669552517125845,0.001978844553378039,0.22727272727272727,0.7435897435897436,271,0.04621995115144406,0.01789709172259508,True,0.34,train,sort
MVI_20032,31,11001,304.94873543751976,89.6627674567047,298.2344586302901,81.71419186312673,311.6630122447495,97.61134305028268,-1.0,True,0.4733350504530978,0.18931270927608201,0.010494222773913396,0.22727272727272727,0.7435897435897436,271,0.04655036928244195,0.019015659955257273,True,0.36,train,sort
MVI_20032,32,11001,304.7180032416711,89.2494773361038,297.9282663328202,80.7316587831908,311.50774015052207,97.7672958890168,-1.0,True,0.4733350504531102,0.18931270927608695,0.019433734715659446,0.22727272727272727,0.7435897435897436,271,0.046591850305841245,0.020134228187919465,True,0.38,train,sort
MVI_20032,33,11001,304.48727104582247,88.83618721550289,297.62207403535035,79.74912570325486,311.3524680562946,97.92324872775092,-1.0,True,0.4733350504531102,0.18931270927608695,0.02828882504919067,0.22727272727272727,0.7435897435897436,271,0.04697537159619171,0.021252796420581657,True,0.4,train,sort
MVI_20032,34,11001,304.2565388499738,88.422897094902,297.31588173788055,78.76659262331894,311.1971959620672,98.07920156648504,0.3817,False,0.0429736719623478,0.017169441350968827,0.02880418231689476,0.22727272727272727,0.7435897435897436,271,0.04698018086845962,0.022371364653243853,True,0.42,train,sort
MVI_20032,35,11001,304.1917678551836,88.35625790057013,297.3705648902442,78.49899525570109,311.012970820123,98.21352054543917,0.3464,False,0.0021092678525459,0.0008238015773827681,0.027767469500099146,0.22727272727272727,0.7435897435897436,271,0.04679464093597698,0.02348993288590604,True,0.44,train,sort
MVI_20032,36,11001,304.13766029429246,88.42764408076516,297.40363925608773,78.49424444348972,310.87168133249713,98.3610437180406,0.3882,False,0.0020331004903013,0.0007933348596396141,0.018821086644645952,0.22727272727272727,0.7435897435897436,271,0.046809532772338215,0.024608501118568236,True,0.46,train,sort
MVI_20032,37,11001,304.1185308188468,88.69889060106024,297.4867009556261,78.98156834386207,310.7503606820675,98.41621285825843,0.375,False,0.0061718494976358,0.0024488221195394714,0.009953266657784865,0.22727272727272727,0.7435897435897436,271,0.046655093221180076,0.02572706935123043,True,0.48,train,sort
MVI_20032,38,11001,303.9714563193769,88.75915072695068,297.35953144682816,79.080407703515,310.5833811919257,98.43789375038638,0.5106,False,0.0036075247263833,0.0014230998586507386,0.0010367699549221627,0.22727272727272727,0.7435897435897436,271,0.047138569169500565,0.02684563758389262,True,0.5,train,sort
MVI_20032,39,11001,303.85681127828025,88.5845271744151,297.24360228509613,78.67177626845003,310.4700202714644,98.49727808038016,0.5655,False,0.0047413346170038,0.0018766204335260031,0.000311033243293262,0.22727272727272727,0.7435897435897436,271,0.04729692811990544,0.027964205816554812,True,0.52,train,sort
MVI_20032,40,11001,303.73529439749785,88.878684100903,297.144983531862,79.33797872064636,310.3256052631337,98.41938948115964,0.4288,False,0.0072238224193668,0.00286960815092219,0.0004081191206029112,0.2727272727272727,0.8717948717948718,271,0.04759789110897975,0.029082774049217004,True,0.54,train,sort
MVI_20032,41,11001,303.6501419224029,88.90421105343358,297.1116518131267,79.16483358416885,310.1886320316792,98.64358852269832,0.5577,False,0.0020177063691404,0.0007871772570852927,0.000407826905173631,0.2727272727272727,0.8717948717948718,271,0.047583292147205004,0.0302013422818792,True,0.56,train,sort
MVI_20032,42,11001,303.5469522065646,89.3851483582589,296.8809101688284,79.56698041584104,310.21299424430083,99.20331630067676,0.4915,False,0.0111644042097425,0.004445829115034644,0.000502596947786078,0.2727272727272727,0.8717948717948718,271,0.04743954044559986,0.031319910514541395,True,0.58,train,sort
MVI_20032,43,11001,303.476939214596,89.84609526945546,296.75746812773303,80.09894679807968,310.1964103014589,99.59324374083124,-1.0,True,0.4662337117648661,0.1864721949791851,0.009284294092326797,0.2727272727272727,0.8717948717948718,271,0.04749709598694161,0.03243847874720358,True,0.6,train,sort
MVI_20032,44,11001,303.4069262226273,90.30704218065202,296.6340260866376,80.63091318031832,310.179826358617,99.98317118098574,-1.0,True,0.4662337117648747,0.18647219497918852,0.01804446894660856,0.2727272727272727,0.8717948717948718,271,0.04785261901692539,0.03355704697986577,True,0.62,train,sort
MVI_20032,45,11001,303.33691323065864,90.76798909184858,296.51058404554226,81.16287956255694,310.1632424157751,100.37309862114024,-1.0,True,0.4662337117648747,0.18647219497918852,0.02675752053667364,0.31818181818181823,1.0,271,0.04797094240730304,0.03467561521252797,True,0.64,train,sort
MVI_20032,46,11001,303.26690023869,91.22893600304512,296.3871420044469,81.69484594479557,310.14665847293315,100.76302606129472,0.4245,False,0.0423289476830249,0.01691155356200752,0.027522719573514123,0.31818181818181823,1.0,271,0.048311772806094916,0.03579418344519016,True,0.66,train,sort
MVI_20032,47,11001,303.2653208656548,91.85926894069765,296.43655696152393,82.5516494979281,310.09408476978564,101.1668883834672,0.4628,False,0.0143068878448917,0.005702813197232926,0.02758237105961398,0.31818181818181823,1.0,271,0.04826328038431781,0.03691275167785235,True,0.68,train,sort
MVI_20032,48,11001,303.140607080931,92.06087540022598,296.3481491152939,82.63363609307373,309.933065046568,101.48811470737824,0.4768,False,0.0053806768984419,0.002132355439384148,0.01883433237584022,0.31818181818181823,1.0,271,0.04836298851431215,0.03803131991051455,True,0.7000000000000001,train,sort
MVI_20032,49,11001,302.98475519578574,92.38569249334569,296.05697248979993,82.94982683205262,309.9125379017715,101.82155815463877,0.5078,False,0.00817719558382,0.0032509545734488174,0.010139377976618472,0.31818181818181823,1.0,271,0.048921088995893584,0.039149888143176735,True,0.72,train,sort
MVI_20032,50,11001,302.6050475224812,92.48297273512706,295.453938793486,82.91766600969407,309.75615625147645,102.04827946056004,0.5333,False,0.0088966782176436,0.003538745481257772,0.0014580809940497764,0.31818181818181823,1.0,271,0.049416510354583235,0.04026845637583893,True,0.74,train,sort
MVI_20032,51,11001,302.4759120242585,92.553589915955,295.3799036674131,82.94945166061639,309.5719203811039,102.15772817129364,0.5158,False,0.0033406481258789,0.0013163500143578222,0.0007179944004151478,0.31818181818181823,1.0,271,0.049951095492508306,0.04138702460850112,True,0.76,train,sort
MVI_20032,52,11001,302.1796738102866,92.328200436919,294.9914891018108,82.52305466888464,309.36785851876243,102.13334620495336,0.495,False,0.0084486792378041,0.0033595472253939228,0.0006067922781870203,0.31818181818181823,1.0,271,0.05042536466604185,0.042505592841163314,True,0.78,train,sort
MVI_20032,53,11001,301.9843520759856,91.96293508147514,294.692828320115,82.08061800075753,309.2758758318562,101.84525216219276,0.5296,False,0.0094014247268769,0.003740642579640342,0.0006831152160429978,0.2727272727272727,0.8717948717948718,271,0.050473594948636374,0.04362416107382551,True,0.8,train,sort
MVI_20032,54,11001,301.81969711070667,91.60364668631875,294.5136585122425,81.78412638455305,309.12573570917084,101.4231669880845,0.5399,False,0.0089704349311815,0.00356824794670752,0.0006981727028581192,0.2727272727272727,0.8717948717948718,271,0.05041092626378522,0.044742729306487705,True,0.8200000000000001,train,sort
MVI_20032,55,11001,301.5792507191087,91.57107409264452,294.3343202644461,81.89716757249327,308.82418117377125,101.24498061279576,0.4474,False,0.005507327394449,0.0021830152600759017,0.0006338351160984245,0.2727272727272727,0.8717948717948718,271,0.05090874271848883,0.04586129753914989,True,0.84,train,sort
MVI_20032,56,11001,301.4429719914299,91.41287349265292,294.2201829558076,81.78755366959017,308.66576102705216,101.03819331571566,0.5342,False,0.0047392942423578,0.0018758042897526286,0.0006603846002206546,0.2727272727272727,0.8717948717948718,271,0.05098560325789589,0.04697986577181208,True,0.86,train,sort
MVI_20032,57,11001,301.3323032321427,90.87237779248964,293.9870265543895,81.02548736872109,308.6775799098959,100.7192682162582,0.5857,False,0.012522300750343,0.004988983681605959,0.0007377112008474085,0.2727272727272727,0.8717948717948718,271,0.051230304112688585,0.04809843400447428,True,0.88,train,sort
MVI_20032,58,11001,301.19630558308745,90.51106926892326,293.84575625058386,80.50030518407283,308.546854915591,100.5218333537737,0.5567,False,0.0087624202318807,0.003485042687351557,0.0007255814422944402,0.2727272727272727,0.8717948717948718,271,0.050834521602279636,0.04921700223713647,True,0.9,train,sort
MVI_20032,59,11001,301.1086283109401,91.18836109645356,293.7916311574148,81.7125680586944,308.4256254644654,100.66415413421268,0.5944,False,0.0155009545856083,0.0061804363324419525,0.0008495455571854891,0.2727272727272727,0.8717948717948718,271,0.051446868373127216,0.05033557046979866,True,0.92,train,sort
MVI_20032,60,11001,300.931470987059,90.9228852887028,293.54833383218624,81.21980951221458,308.3146081419317,100.62596106519102,0.5857,False,0.0072440287830327,0.002877690636126896,0.0008825120991849308,0.2727272727272727,0.8717948717948718,271,0.0518284700573007,0.05145413870246086,True,0.9400000000000001,train,sort
MVI_20032,61,11001,300.73887685778504,90.54672441164504,293.4094077586276,80.59424251475255,308.0683459569425,100.49920630853754,0.5357,False,0.009591836636797,0.0038168067757409834,0.0009746243895889864,0.2727272727272727,0.8717948717948718,271,0.052120511577774725,0.052572706935123045,True,0.96,train,sort
MVI_20032,62,11001,300.5095674596098,90.25476782958812,293.2514042404683,80.16157249474185,307.7677306787514,100.34796316443445,0.4916,False,0.0084262086467198,0.0033505590559745175,0.0008968712460403464,0.2727272727272727,0.8717948717948718,271,0.052027442974632875,0.05369127516778524,True,0.98,train,sort
MVI_20032,63,11001,300.3744441052329,89.8333872855581,293.1579011862247,79.58164571189671,307.5909870242411,100.0851288592195,0.5807,False,0.0100438958833252,0.003997629126171305,0.0009211965682646006,0.22727272727272727,0.7435897435897436,271,0.05189798164726275,0.05480984340044743,True,1.0,train,sort
MVI_20032,64,11001,300.2797347715793,89.56155878670887,293.10834425270326,79.25397777849841,307.4511252904553,99.86913979491932,0.5027,False,0.0065335289570406,0.002593492824661038,0.0007509744359197173,0.22727272727272727,0.7435897435897436,271,0.052662380390858854,0.055928411633109625,True,1.0,train,sort
MVI_20032,65,11001,299.9690297689784,89.87658954097233,292.7095228432545,79.83282885798977,307.22853669470226,99.9203502239549,0.5931,False,0.0100429236311913,0.003997240228217308,0.0008041038254453896,0.22727272727272727,0.7435897435897436,271,0.05229695864577291,0.05704697986577182,True,1.0,train,sort
MVI_20032,66,11001,299.7421084804936,90.0013289178206,292.5047242528378,79.95856586538464,306.9794927081494,100.04409197025656,0.5635,False,0.0058773764451683,0.0023310337767625342,0.0007335949235020108,0.22727272727272727,0.7435897435897436,271,0.05251510382650719,0.05816554809843401,True,1.0,train,sort
MVI_20032,67,11001,299.55286415077217,90.1693802455641,292.367489229337,80.17200823729777,306.7382390722073,100.16675225383044,0.5617,False,0.0057444597429388,0.0022778674922695583,0.0006826892304164819,0.22727272727272727,0.7435897435897436,271,0.05295320928558453,0.059284116331096204,True,1.0,train,sort
MVI_20032,68,11001,299.3687145113419,90.75843452739475,292.1448879801743,80.97306957320113,306.59254104250954,100.5437994815884,0.6757,False,0.0140080290816788,0.005583270583237336,0.0007579374938392893,0.22727272727272727,0.7435897435897436,271,0.053538142303017594,0.0604026845637584,True,1.0,train,sort
MVI_20032,69,11001,299.0388433495299,91.86994145374344,291.88334059360307,82.32214704212153,306.19434610545665,101.41773586536536,0.5853,False,0.0263157571995294,0.01050632512491279,0.0011334491750560412,0.22727272727272727,0.7435897435897436,271,0.054347342245823896,0.061521252796420595,True,1.0,train,sort
MVI_20032,70,11001,298.77674566590053,92.38596611450777,291.57454214224043,82.6877653149874,305.9789491895607,102.0841669140281,0.5798,False,0.0131365424314638,0.0052346785221949865,0.0011921730954604659,0.22727272727272727,0.7435897435897436,271,0.05495556530176121,0.06263982102908279,True,1.0,train,sort
MVI_20032,71,11001,298.66902094672776,92.85402525955118,291.58111499468265,83.08897545002425,305.7569268987728,102.61907506907812,0.6201,False,0.0109014062471881,0.0043406307143544305,0.0012875406068607973,0.22727272727272727,0.7435897435897436,271,0.05538379685556141,0.06375838926174497,True,1.0,train,sort
MVI_20032,72,11001,298.5424686728384,93.3984151809761,291.5049234625167,83.76424481599011,305.58001388316,103.03258554596208,0.6036,False,0.0126856446980178,0.005054320773533539,0.0014193000831021969,0.22727272727272727,0.7435897435897436,271,0.0554526419950615,0.06487695749440715,True,1.0,train,sort
MVI_20032,73,11001,298.2849330508632,92.91403703575295,291.2335969847065,83.04724260448732,305.3362691170198,102.7808314670186,0.7261,False,0.0124514136557106,0.004960629055160311,0.0013897519822286158,0.22727272727272727,0.7435897435897436,271,0.055164918756162584,0.06599552572706935,True,1.0,train,sort
MVI_20032,74,11001,297.277948144744,91.65954820336609,289.85645094585016,81.32546839165136,304.69944534363776,101.99362801508084,0.7005,False,0.0365120212425273,0.014584800333688336,0.0015833002623304724,0.22727272727272727,0.7435897435897436,271,0.05619790455117819,0.06711409395973154,True,1.0,train,sort
MVI_20032,75,11001,296.64339637499893,91.3779089852089,289.1125131805628,81.18517862290166,304.1742795694351,101.57063934751616,0.6936,False,0.0157574806929361,0.006283046010332628,0.0016330516311280929,0.22727272727272727,0.7435897435897436,271,0.056768927109181064,0.06823266219239374,True,1.0,train,sort
MVI_20032,76,11001,296.2017555925189,91.97509604899174,288.5527530472272,82.16435594768498,303.8507581378106,101.78583615029852,0.675,False,0.016858425936218,0.006723420824285021,0.0017461294124097987,0.22727272727272727,0.7435897435897436,271,0.0572996503389835,0.06935123042505593,True,1.0,train,sort
MVI_20032,77,11001,295.96964967823493,92.3149842161716,288.3186224092324,82.45735192916293,303.6206769472375,102.17261650318028,0.6936,False,0.0093417194653709,0.003716760653097578,0.0016826541066665684,0.22727272727272727,0.7435897435897436,271,0.05750202751597669,0.07046979865771813,True,1.0,train,sort
MVI_20032,78,11001,295.7753501474774,92.76873568517571,288.1952807029907,82.91233073541258,303.35541959196416,102.62514063493884,0.5859,False,0.0112034172973716,0.0044614342337371705,0.0016589642975647963,0.22727272727272727,0.7435897435897436,271,0.05757978604338432,0.07158836689038033,True,1.0,train,sort
MVI_20032,79,11001,295.61149985525304,93.61868480004772,288.0090517663028,83.83278564008627,303.2139479442033,103.4045839600092,0.6295,False,0.0196467266364364,0.007838732788794356,0.00133882265052088,0.22727272727272727,0.7435897435897436,271,0.05752531568717874,0.07270693512304252,True,1.0,train,sort
MVI_20032,80,11001,295.3316594031804,93.94251423200188,287.6939448626764,83.85741520862156,302.9693739436845,104.02761325538218,0.6106,False,0.009714228310488,0.0038657630802074396,0.0012241079766058286,0.22727272727272727,0.7435897435897436,271,0.05799114879773229,0.0738255033557047,True,1.0,train,sort
MVI_20032,81,11001,295.1887663197087,93.7661012513114,287.5517138009019,83.48861689134057,302.8258188385155,104.04358561128224,0.6615,False,0.0051528310301189,0.002041217771562047,0.0010019091641691902,0.22727272727272727,0.7435897435897436,271,0.05819664108835887,0.0749440715883669,True,1.0,train,sort
MVI_20032,82,11001,295.039627992183,93.92177479820134,287.3573726427015,83.55911442851547,302.7218833416646,104.2844351678872,0.7084,False,0.0048931720589843,0.0019373549574918307,0.0009174656174125737,0.22727272727272727,0.7435897435897436,271,0.0584636154122226,0.0760626398210291,True,1.0,train,sort
MVI_20032,83,11001,294.83607196219066,94.4146674127555,287.1885556261186,84.05853559733272,302.48358829826265,104.77079922817828,0.7245,False,0.0121038058353709,0.004821586963698848,0.0009345570395470236,0.22727272727272727,0.7435897435897436,271,0.058894908998872994,0.07718120805369127,True,1.0,train,sort
MVI_20032,84,11001,294.5635932523487,95.5355097528855,286.8266932213227,85.55619525593771,302.3004932833747,105.5148242498333,0.7671,False,0.026181016374038,0.010452429196555198,0.0010585927191907373,0.22727272727272727,0.7435897435897436,271,0.05927059856659227,0.07829977628635347,True,1.0,train,sort
MVI_20032,85,11001,294.4296553986195,96.3186877123642,286.6722483252752,86.54240363822896,302.1870624719638,106.09497178649944,0.7722,False,0.0180340858426931,0.007193681280692349,0.0012165225363531909,0.22727272727272727,0.7435897435897436,271,0.059532834560700035,0.07941834451901567,True,1.0,train,sort
MVI_20032,86,11001,294.3567837324008,97.07752898241203,286.8054763223815,87.50109360683796,301.90809114242006,106.65396435798615,0.7216,False,0.0173028666501607,0.0069011957844019685,0.0014471578442972126,0.22727272727272727,0.7435897435897436,271,0.05965825426173403,0.08053691275167786,True,1.0,train,sort
MVI_20032,87,11001,294.178105443152,97.78187660795948,286.7141628070344,88.12740791010954,301.6420480792696,107.43634530580944,0.7652,False,0.0164931544940698,0.006577313336778507,0.0016673518918478294,0.22727272727272727,0.7435897435897436,271,0.059591713646006225,0.08165548098434006,True,1.0,train,sort
MVI_20032,88,11001,293.8850334160129,97.9148444995404,286.3082166464507,87.87530444784349,301.46185018557514,107.9543845512373,0.7441,False,0.007304564094599,0.0029019045802183116,0.0015762513690678866,0.22727272727272727,0.7435897435897436,271,0.06006852348680489,0.08277404921700224,True,1.0,train,sort
MVI_20032,89,11001,293.74848564080764,98.3013398396822,286.26603343016683,88.26967856453946,301.2309378514484,108.33300111482497,0.7424,False,0.0093037791712064,0.003701584648581508,0.0012558830243777194,0.22727272727272727,0.7435897435897436,271,0.06006203295013367,0.08389261744966443,True,1.0,train,sort
MVI_20032,90,11001,293.4244700450182,98.22011874370553,285.8657342727283,87.83311518118008,300.98320581730815,108.60712230623098,0.7468,False,0.0075818078142168,0.0030128012412386244,0.0010574750165989022,0.22727272727272727,0.7435897435897436,271,0.06062910719283246,0.08501118568232663,True,1.0,train,sort
MVI_20032,91,11001,293.1399328800169,97.7317482033429,285.4404016098486,87.0037164781372,300.8394641501852,108.4597799285486,0.779,False,0.0128288265671585,0.0051115930941770474,0.0009725475608641206,0.22727272727272727,0.7435897435897436,271,0.06086187900956641,0.08612975391498882,True,1.0,train,sort
MVI_20032,92,11001,293.0082556385201,97.93544174369916,285.3717728252795,87.16412096092743,300.6447384517608,108.70676252647092,0.7559,False,0.0055051995208411,0.002182164116978735,0.0007639711864257294,0.22727272727272727,0.7435897435897436,271,0.06093513426515164,0.08724832214765102,True,1.0,train,sort
MVI_20032,93,11001,292.83991515503885,98.31711499638764,285.18396984350744,87.55850052467632,300.49586046657026,109.07572946809894,0.7438,False,0.0094681393858361,0.003767328244260191,0.0008050407659034575,0.22727272727272727,0.7435897435897436,271,0.06082575515548029,0.08836689038031321,True,1.0,train,sort
MVI_20032,94,11001,292.50806487319664,98.34367717679362,284.6958971092647,87.43420854056765,300.32023263712864,109.2531458130196,0.7735,False,0.0075561885432131,0.003002553609241766,0.0007718675213754766,0.22727272727272727,0.7435897435897436,271,0.06135828560301555,0.08948545861297541,True,1.0,train,sort
MVI_20032,95,11001,292.6326713875386,98.48893665376026,285.04742804860444,87.5832360012825,300.2179147264727,109.39463730623802,0.786,False,0.00434385249484,0.0017176287700755078,0.0007104037655851959,0.22727272727272727,0.7435897435897436,271,0.060938599130609145,0.09060402684563759,True,1.0,train,sort
MVI_20032,96,11001,292.2835543578244,98.97168695315452,284.36567169796416,87.97371958653835,300.20143701768467,109.96965431977068,0.7379,False,0.0135221422437944,0.005388917297148925,0.0007235644738813583,0.22727272727272727,0.7435897435897436,271,0.06154784510112887,0.09172259507829977,True,1.0,train,sort
MVI_20032,97,11001,292.0440163090724,99.220812993094,283.9311909339656,88.05730928286471,300.1568416841792,110.38431670332332,0.7326,False,0.0078442750812007,0.0031177873652733367,0.000767965447593566,0.22727272727272727,0.7435897435897436,271,0.06173748982503108,0.09284116331096197,True,1.0,train,sort
MVI_20032,98,11001,291.8444414759248,99.50659615854698,283.6307997358592,88.23312524379672,300.05808321599034,110.78006707329725,0.7463,False,0.007911626137628,0.0031447275869825324,0.0007384192862862486,0.1818181818181818,0.6153846153846154,271,0.0626785801642674,0.09395973154362416,True,1.0,train,sort
MVI_20032,99,11001,291.7860161635581,100.3338927658346,283.6755155102977,89.39095186561653,299.89651681681846,111.27683366605268,0.7711,False,0.0188241499185151,0.007509704554804891,0.0009523108190326501,0.1818181818181818,0.6153846153846154,271,0.06300875230288146,0.09507829977628636,True,1.0,train,sort
MVI_20032,100,11001,291.6600671734218,101.22810238275056,283.5113597962173,90.2673461006109,299.8087745506264,112.1888586648902,0.7548,False,0.0204964602127976,0.008178623685169629,0.0012589240481317532,0.1818181818181818,0.6153846153846154,271,0.06284587150270525,0.09619686800894856,True,1.0,train,sort
MVI_20032,101,11001,291.4792472032906,101.8868322753802,283.27383689353496,90.94962017844853,299.68465751304615,112.82404437231185,0.7841,False,0.0155044340028328,0.006181828088955067,0.0012965524538893932,0.1818181818181818,0.6153846153846154,271,0.06303041385740878,0.09731543624161075,True,1.0,train,sort
MVI_20032,102,11001,291.36129729769505,102.57445656887931,283.1454762526764,91.78527891832152,299.5771183427138,113.36363421943716,0.7944,False,0.0158351447054642,0.006314111383725677,0.0014482373323676508,0.1818181818181818,0.6153846153846154,271,0.06338348713494021,0.09843400447427295,True,1.0,train,sort
MVI_20032,103,11001,291.0733439560886,103.14656477295036,282.75153727849914,92.50165293426323,299.3951506336781,113.79147661163748,0.7792,False,0.0145373360389455,0.005794991787586409,0.0015740083746284184,0.1818181818181818,0.6153846153846154,271,0.06376211133076298,0.09955257270693513,True,1.0,train,sort
MVI_20032,104,11001,290.8326182672781,103.14348572809936,282.4461945213816,92.20514080499056,299.21904201317466,114.08183065120816,0.8029,False,0.0054642651948941,0.0021657905086787926,0.0013204073792332832,0.1818181818181818,0.6153846153846154,271,0.0640779950592418,0.10067114093959732,True,1.0,train,sort
MVI_20032,105,11001,290.64702643636406,102.98452041686676,282.2401545443274,91.79224647563431,299.05389832840063,114.1767943580992,0.8184,False,0.0055464228062507,0.002198653308201923,0.0010366216695563487,0.1818181818181818,0.6153846153846154,271,0.06393752820421611,0.10178970917225952,True,1.0,train,sort
MVI_20032,106,11001,290.4218104630819,103.34005155385056,282.00657883804894,92.3103008039116,298.83704208811486,114.36980230378953,0.7985,False,0.0095524171246914,0.003801039088459936,0.000923638853002808,0.1818181818181818,0.6153846153846154,271,0.06423953562816404,0.10290827740492171,True,1.0,train,sort
MVI_20032,107,11001,290.1897605140116,103.5927672006475,281.7037122517037,92.52324888473872,298.6758087763195,114.66228551655628,0.7809,False,0.0077872635424123,0.0030949829197840927,0.000770871765861464,0.1818181818181818,0.6153846153846154,271,0.0643612697272786,0.10402684563758391,True,1.0,train,sort
MVI_20032,108,11001,290.0482350109173,103.8326629696823,281.5117372975792,92.80296237720792,298.5847327242555,114.86236356215667,0.7973,False,0.0063218931383426,0.002508839128345521,0.0006149239758688484,0.1818181818181818,0.6153846153846154,271,0.06462102733909099,0.10514541387024609,True,1.0,train,sort
MVI_20032,109,11001,290.0770082002699,104.85490873615312,281.6230854199647,94.11380005360787,298.5309309805752,115.59601741869838,0.8421,False,0.0232113872113866,0.009264586387850365,0.0009518047126332876,0.1818181818181818,0.6153846153846154,271,0.06414370406950849,0.10626398210290829,True,1.0,train,sort
MVI_20032,110,11001,290.08734224993566,105.95396336750316,281.7837426764152,95.39038014022,298.39094182345616,116.51754659478632,0.8325,False,0.0249466529738595,0.009958687517738525,0.0013200652016404771,0.1818181818181818,0.6153846153846154,271,0.06359381622472357,0.10738255033557048,True,1.0,train,sort
MVI_20032,111,11001,290.0225320643783,106.4749453629121,281.7074014995131,95.83493092878643,298.33766262924354,117.11495979703774,0.8423,False,0.0119160199103633,0.004746473153731689,0.0013649317578694634,0.1818181818181818,0.6153846153846154,271,0.06387173878015541,0.10850111856823266,True,1.0,train,sort
MVI_20032,112,11001,289.8856552384509,106.70781777695106,281.527293697358,95.88384552638333,298.24401677954387,117.53179002751882,0.8513,False,0.0061309896855687,0.0024324783165692917,0.0013334919133324939,0.1818181818181818,0.6153846153846154,271,0.0636738497875364,0.10961968680089486,True,1.0,train,sort
MVI_20032,113,11001,289.6946332732193,107.1206646274348,281.27499936033604,96.16188318632332,298.1142671861026,118.07944606854625,0.8535,False,0.0103249401845121,0.004110046008484726,0.0014094788500855664,0.1818181818181818,0.6153846153846154,271,0.06384096529542208,0.11073825503355705,True,1.0,train,sort
MVI_20032,114,11001,289.52102534109093,107.60051583640691,281.07379031934045,96.57350334040164,297.9682603628414,118.62752833241224,0.8559,False,0.0115822173366429,0.004612953119746406,0.0011887307585515255,0.1818181818181818,0.6153846153846154,271,0.06410702041298993,0.11185682326621925,True,1.0,train,sort
MVI_20032,115,11001,289.4023698719452,107.52337752072432,280.9378558932808,96.23946755242524,297.8668838506097,118.8072874890234,0.8578,False,0.0032122416770748,0.0012649878177840854,0.000776162203267017,0.1818181818181818,0.6153846153846154,271,0.06410863798964965,0.11297539149888144,True,1.0,train,sort
MVI_20032,116,11001,289.1420622952925,107.91559045860876,280.5328514298773,96.59627776035502,297.7512731607076,119.2349031568625,0.8474,False,0.0106843938624125,0.004253826407642481,0.0007527831398861296,0.1818181818181818,0.6153846153846154,271,0.06450012997838764,0.11409395973154364,True,1.0,train,sort
MVI_20032,117,11001,288.95386539118454,107.94401767494008,280.37200827219823,96.33506372583524,297.5357225101708,119.55297162404496,0.8459,False,0.0043200133237212,0.0017080931727237927,0.0007184066899763787,0.1818181818181818,0.6153846153846154,271,0.06452112379705864,0.11521252796420584,True,1.0,train,sort
MVI_20032,118,11001,288.75477401891845,107.77619913879268,280.06912101911234,95.97060653963192,297.44042701872456,119.58179173795344,0.8531,False,0.0059100349594548,0.0023440970850792707,0.0006346017483311735,0.1818181818181818,0.6153846153846154,271,0.0648174156922814,0.11633109619686802,True,1.0,train,sort
MVI_20032,119,11001,288.3604115675841,107.57975588393116,279.45120826051146,95.69288198882818,297.26961487465684,119.46662977903418,0.8346,False,0.009999992154088,0.003980067765410971,0.0006045675160353118,0.1818181818181818,0.6153846153846154,271,0.0655368671929497,0.11744966442953021,True,1.0,train,sort
MVI_20032,120,11001,288.18423558252425,107.46030651435018,279.15844853392906,95.49554274006402,297.2100226311195,119.42507028863632,0.837,False,0.0048311696616217,0.0019125541834571858,0.0006352984509832939,0.1818181818181818,0.6153846153846154,271,0.0657581515335253,0.11856823266219241,True,1.0,train,sort
MVI_20032,121,11001,288.05692495641256,107.47441568183186,279.0290587522668,95.3888338274494,297.0847911605584,119.55999753621433,0.8393,False,0.0029072959656419,0.0011430104426536707,0.00048767144605716984,0.1818181818181818,0.6153846153846154,271,0.06583526801250235,0.1196868008948546,True,1.0,train,sort
MVI_20032,122,11001,287.904445705211,107.364041517754,278.85715223118353,95.23914862375892,296.9517391792385,119.4889344117491,0.8241,False,0.0042724201922086,0.0016890560620562646,0.00048676802018372557,0.1818181818181818,0.6153846153846154,271,0.06586237418581589,0.1208053691275168,True,1.0,train,sort
MVI_20032,123,11001,287.6688101941452,107.67011565263228,278.77331241057874,95.66814931062132,296.5643079777117,119.67208199464324,0.8206,False,0.0087673063190163,0.003486997107633993,0.0005410055286569598,0.1818181818181818,0.6153846153846154,271,0.06623997217496189,0.121923937360179,True,1.0,train,sort
MVI_20032,124,11001,287.45349331718046,107.5293335173329,278.6116107060758,95.44189141606506,296.2953759282851,119.61677561860073,0.7639,False,0.0058390253742012,0.002315693462750454,0.0004620209162134326,0.1818181818181818,0.6153846153846154,271,0.06652053078130035,0.12304250559284119,True,1.0,train,sort
MVI_20032,125,11001,287.2598697128904,106.96599207511451,278.41351404442946,94.59461905588678,296.1062253813513,119.33736509434227,0.7805,False,0.0135204873305534,0.005388255336787973,0.0006269639270052475,0.1818181818181818,0.6153846153846154,271,0.06665224186113114,0.12416107382550337,True,1.0,train,sort
MVI_20032,126,11001,287.0829818677079,107.22743741669744,278.24067563520583,95.13932487849884,295.92528810020985,119.31554995489604,0.7809,False,0.0071646858679747,0.0028459537067288872,0.0007077788696003636,0.1818181818181818,0.6153846153846154,271,0.06709831475804118,0.12527964205816558,True,1.0,train,sort
MVI_20032,127,11001,286.89117003742746,107.80378061969084,278.01206125070445,95.93909295215454,295.77027882415047,119.66846828722711,0.8173,False,0.0137868602291102,0.005494803701804044,0.000888384579447507,0.1818181818181818,0.6153846153846154,271,0.06736289104090891,0.12639821029082773,True,1.0,train,sort
MVI_20032,128,11001,286.7467458733736,108.0084959965121,277.9058968537413,96.03723794950174,295.5875948930058,119.97975404352246,0.8033,False,0.0056864148616145,0.0022546497128477084,0.0008299022529555686,0.1818181818181818,0.6153846153846154,271,0.06756173660092613,0.12751677852348994,True,1.0,train,sort
MVI_20032,129,11001,286.48830009999745,108.2873879798219,277.57840351279293,96.17475725780616,295.398196687202,120.40001870183764,0.8061,False,0.008630189708202,0.003432150872232544,0.0008828848997416227,0.1818181818181818,0.6153846153846154,271,0.06791130868878655,0.12863534675615212,True,1.0,train,sort
MVI_20032,130,11001,286.2383154875509,108.37582605946682,277.1930058056991,96.16402096076584,295.2836251694027,120.58763115816778,0.8009,False,0.0060185722180188,0.0023875116648130875,0.0007404814898869785,0.1818181818181818,0.6153846153846154,271,0.06829342724673172,0.1297539149888143,True,1.0,train,sort
MVI_20032,131,11001,286.09365494245515,108.3707683654765,277.0537843530866,96.0579884424479,295.1335255318237,120.68354828850512,0.8148,False,0.0032854070036758,0.0012942537302227774,0.0006668439547021035,0.1818181818181818,0.6153846153846154,271,0.06835003845145857,0.13087248322147652,True,1.0,train,sort
MVI_20032,132,11001,285.8441208535036,107.98785854576818,276.7339440021122,95.43309409914836,294.9542977048949,120.542622992388,0.8047,False,0.0103736051476251,0.004129511848595905,0.0006020526107564707,0.1818181818181818,0.6153846153846154,271,0.06830962897223045,0.1319910514541387,True,1.0,train,sort
MVI_20032,133,11001,285.65430438395026,108.14227744756391,276.547946403471,95.63769568429534,294.7606623644296,120.64685921083247,0.8326,False,0.0055539037073464,0.002201645646329858,0.0005995372476887095,0.1818181818181818,0.6153846153846154,271,0.06854546725778388,0.1331096196868009,True,1.0,train,sort
MVI_20032,134,11001,285.565630180576,107.9796947365491,276.4651105077969,95.43335575725854,294.6661498533552,120.52603371583966,0.8142,False,0.0042033653546484,0.0016614343329751451,0.0005155060538779046,0.1818181818181818,0.6153846153846154,271,0.06827278518156556,0.1342281879194631,True,1.0,train,sort
MVI_20032,135,11001,285.39683371755314,107.67809603074544,276.3428297740168,94.97586331669784,294.4508376610895,120.38032874479308,0.8347,False,0.0078446613901834,0.0031179418877143204,0.0005501693792973553,0.1818181818181818,0.6153846153846154,271,0.06839394287106389,0.1353467561521253,True,1.0,train,sort
MVI_20032,136,11001,285.0506830393625,107.66580074231116,275.9962757506618,95.03710050046035,294.1050903280632,120.29450098416194,0.85,False,0.0078616334513483,0.003124730661564329,0.0006370365646280334,0.1818181818181818,0.6153846153846154,271,0.06783036593052795,0.13646532438478748,True,1.0,train,sort
MVI_20032,137,11001,284.79228087981926,107.76788425716022,275.80622205760943,95.19147351046092,293.77833970202914,120.34429500385951,0.861,False,0.0063061163610466,0.002502528464478367,0.0005598263770871879,0.1818181818181818,0.6153846153846154,271,0.06773769989053029,0.1375838926174497,True,1.0,train,sort
MVI_20032,138,11001,284.5226425449908,108.26728070994332,275.4864200418051,95.89670515061556,293.5588650481764,120.63785626927108,0.8454,False,0.0128816140125853,0.005132707914919221,0.0006989229835189913,0.1818181818181818,0.6153846153846154,271,0.06790756166893225,0.13870246085011187,True,1.0,train,sort
MVI_20032,139,11001,284.23846389583844,108.75546499759167,275.2088733681639,96.47685649010512,293.2680544235129,121.03407350507824,0.8867,False,0.0128210783615407,0.0051084938350374875,0.000862506774980416,0.1818181818181818,0.6153846153846154,271,0.06787854399760854,0.13982102908277405,True,1.0,train,sort
MVI_20032,140,11001,284.0987855662022,109.22350419737243,275.2218626443222,97.01423180837853,292.97570848808226,121.43277658636636,0.8898,False,0.0110861917507367,0.004414544364686158,0.0009240383931826628,0.1818181818181818,0.6153846153846154,271,0.0680543337368582,0.14093959731543626,True,1.0,train,sort
MVI_20032,141,11001,283.9716031693469,110.19782477516183,275.2273889150307,98.10859007051369,292.7158174236631,122.28705947980998,0.8203,False,0.0223020373046717,0.008900849137128061,0.0011981500989996896,0.1818181818181818,0.6153846153846154,271,0.06804658564823206,0.14205816554809844,True,1.0,train,sort
MVI_20032,142,11001,283.78287402963826,111.08159130929197,275.0661669213884,99.04027717508878,292.49958113788813,123.12290544349511,0.8257,False,0.0205113844690425,0.008184593343158823,0.0014677983936195655,0.1818181818181818,0.6153846153846154,271,0.06804456737492046,0.14317673378076065,True,1.0,train,sort
MVI_20032,143,11001,283.6363902204833,111.57484119977096,275.02409327223904,99.38537570912736,292.2486871687276,123.76430669041456,0.8079,False,0.011678692420864,0.0046515428657161965,0.0014449642060982127,0.1818181818181818,0.6153846153846154,271,0.0679571751877176,0.14429530201342283,True,1.0,train,sort
MVI_20032,144,11001,283.52904407467554,112.07755393084024,274.9094882247892,99.7938931277403,292.14859992456195,124.3612147339402,0.8315,False,0.0116674456827782,0.004647044204023166,0.0014230656342387375,0.1818181818181818,0.6153846153846154,271,0.06795119706612583,0.14541387024608504,True,1.0,train,sort
MVI_20032,145,11001,283.29801492894063,112.33209980944072,274.55808677461965,99.76919048995092,292.0379430832616,124.89500912893055,0.7997,False,0.007802322186448,0.0031010063324888246,0.001360730321660854,0.1818181818181818,0.6153846153846154,271,0.06820130138973228,0.14653243847874722,True,1.0,train,sort
MVI_20032,146,11001,282.89468795153545,113.19896031089192,273.9928702202526,100.72299509863684,291.7965056828183,125.674925523147,0.824,False,0.0217007808416115,0.00866034834503734,0.0013493171066014283,0.13636363636363638,0.48717948717948717,271,0.06899128031811509,0.1476510067114094,True,1.0,train,sort
MVI_20032,147,11001,282.6599494169187,114.83508370257866,273.46481736026874,102.70745757476688,291.8550814735688,126.96270983039044,0.7817,False,0.037515808381162,0.014986312195537444,0.0016720997442846643,0.13636363636363638,0.48717948717948717,271,0.06935634377476362,0.14876957494407161,True,1.0,train,sort
MVI_20032,148,11001,282.57231126768306,114.51886796249686,273.18044416982286,101.88037555377858,291.9641783655432,127.15736037121512,0.8387,False,0.0074477808811515,0.002959190867722398,0.0015917874212297495,0.13636363636363638,0.48717948717948717,271,0.06939797279065424,0.1498881431767338,True,1.0,train,sort
MVI_20032,149,11001,282.514895110485,113.25738781935532,273.0936147600018,99.89354240360667,291.9361754609682,126.62123323510396,0.8083,False,0.0286618094928586,0.01144473904558847,0.0019143790952973797,0.13636363636363638,0.48717948717948717,271,0.06916521668101382,0.151006711409396,True,1.0,train,sort
MVI_20032,150,11001,282.4734688309661,112.42819485575166,273.0359228910182,98.78414036349832,291.911014770914,126.072249348005,0.7779,False,0.0188438975868451,0.007517603563243217,0.002123973307388171,0.13636363636363638,0.48717948717948717,271,0.06892007523151265,0.1521252796420582,True,1.0,train,sort
MVI_20032,151,11001,282.1485161290511,111.69475263336736,272.70148653677546,97.75870033306045,291.5955457213267,125.63080493367426,0.7854,False,0.0182078554891428,0.007263188621037217,0.0020576696405114037,0.1818181818181818,0.6153846153846154,271,0.06934266985171442,0.1532438478747204,True,1.0,train,sort
MVI_20032,152,11001,282.0954705937549,111.03734305493178,272.9082942672171,96.95144159126836,291.28264692029285,125.1232445185952,0.804,False,0.0149699043932179,0.005968017839242286,0.0016296971084343377,0.1818181818181818,0.6153846153846154,271,0.06917433364186938,0.15436241610738255,True,1.0,train,sort
MVI_20032,153,11001,281.7615154469596,111.57722958163362,272.48439060584104,97.96666403430694,291.0386402880782,125.1877951289603,0.7467,False,0.014408813422113,0.005743583124147709,0.0017618333369935988,0.1818181818181818,0.6153846153846154,271,0.06987932742658275,0.15548098434004476,True,1.0,train,sort
MVI_20032,154,11001,281.4454937565101,112.19655437492136,272.0361189810018,98.77894711453534,290.8548685320184,125.61416163530735,0.7621,False,0.0157812686527373,0.006292561123310009,0.0015173313786415866,0.1818181818181818,0.6153846153846154,271,0.07004012586347913,0.15659955257270694,True,1.0,train,sort
MVI_20032,155,11001,281.28614288700726,112.48591933532136,271.8143602956671,99.01498418770682,290.7579254783474,125.9568544829359,0.7847,False,0.0074978284277396,0.002979209737100359,0.0013019571825241725,0.1818181818181818,0.6153846153846154,271,0.0701332413357422,0.15771812080536912,True,1.0,train,sort
MVI_20032,156,11001,281.14003348132223,112.78366936276264,271.66590948031984,99.27879547642668,290.6141574823246,126.2885432490986,0.7644,False,0.007527939950591,0.0029912542564389973,0.0010992280971059392,0.1818181818181818,0.6153846153846154,271,0.07033829600251792,0.15883668903803133,True,1.0,train,sort
MVI_20032,157,11001,280.9108422907208,113.53832091508824,271.37538987849445,100.24476331237142,290.4462947029472,126.83187851780508,0.7899,False,0.01790105488136,0.00714046929289872,0.001154867999457155,0.1818181818181818,0.6153846153846154,271,0.07094484918772793,0.1599552572706935,True,1.0,train,sort
MVI_20032,158,11001,280.7553321339542,113.31944433177492,271.2463685694413,99.69321954467722,290.2642956984671,126.94566911887264,0.8164,False,0.0060941400115914,0.002417738556875516,0.0009970365887140957,0.1818181818181818,0.6153846153846154,271,0.07088985523210409,0.16107382550335572,True,1.0,train,sort
MVI_20032,159,11001,280.52069859574874,113.78406652392866,270.9958022896742,100.32158304127576,290.0455949018232,127.24655000658156,0.8179,False,0.0118140742045225,0.004705695175429111,0.000921730215806962,0.1818181818181818,0.6153846153846154,271,0.07133260395745261,0.1621923937360179,True,1.0,train,sort
MVI_20032,160,11001,280.38360321655955,115.3607809563338,270.96668642527294,102.36478311797032,289.8005200078461,128.3567787946973,0.8222,False,0.0359221544872027,0.01434885539072421,0.001461288567636962,0.1818181818181818,0.6153846153846154,271,0.07142494679818712,0.1633109619686801,True,1.0,train,sort
MVI_20032,161,11001,280.2563296757471,116.13832827564784,270.7471867848964,103.11998100140455,289.7654725665979,129.1566755498911,0.8533,False,0.0178830710597603,0.007133275817892184,0.0016578525059536928,0.1818181818181818,0.6153846153846154,271,0.07169524186172634,0.1644295302013423,True,1.0,train,sort
MVI_20032,162,11001,280.100614662064,116.80218460499702,270.6640618336659,103.7547399181048,289.537167490462,129.84962929188924,0.834,False,0.0154766888267654,0.00617073010127283,0.0016118325246914048,0.1818181818181818,0.6153846153846154,271,0.07190602138062031,0.16554809843400448,True,1.0,train,sort
MVI_20032,163,11001,279.86886295985045,117.9810996278969,270.2669039253356,105.1001616166222,289.4708219943653,130.8620376391716,0.8386,False,0.0272702830420953,0.010888132615246885,0.0020138038786560552,0.1818181818181818,0.6153846153846154,271,0.07251801263333131,0.16666666666666669,True,1.0,train,sort
MVI_20032,164,11001,279.5807233437121,118.54979567810662,269.82241411046874,105.4730251136588,289.3390325769555,131.62656624255445,0.8156,False,0.0144701100697727,0.0057681016004059865,0.0020642214797931165,0.1818181818181818,0.6153846153846154,271,0.07304628503976836,0.16778523489932887,True,1.0,train,sort
MVI_20032,165,11001,279.48959249927464,118.50216404296644,269.70013232575394,104.91367049222676,289.2790526727954,132.09065759370608,0.8536,False,0.0023339165180596,0.0009136603736161903,0.0014266403360364563,0.1818181818181818,0.6153846153846154,271,0.0727935177153836,0.16890380313199108,True,1.0,train,sort
MVI_20032,166,11001,279.35729153992827,119.08091065353588,269.563277969786,105.52334170150156,289.1513051100705,132.6384796055702,0.847,False,0.0134748299823136,0.005369992533656424,0.0013429618950686504,0.1818181818181818,0.6153846153846154,271,0.07312881960449864,0.17002237136465326,True,1.0,train,sort
MVI_20032,167,11001,279.3157133175689,119.16007874650072,269.5642467025747,105.37017824440376,289.06717993256314,132.94997924859766,0.8612,False,0.0020296413959773,0.0007919512322261005,0.0010877063532641548,0.1818181818181818,0.6153846153846154,271,0.07300122099312777,0.17114093959731547,True,1.0,train,sort
MVI_20032,168,11001,279.1739729899048,118.14173443556017,269.51263400540864,103.85032787743994,288.8353119744009,132.43314099368038,0.8482,False,0.0233364622755409,0.009314616040499438,0.0010130334887340875,0.13636363636363638,0.48717948717948717,271,0.07311467952853604,0.17225950782997765,True,1.0,train,sort
MVI_20032,169,11001,278.77972012440455,116.90047925749592,269.0030195589039,102.03043996324035,288.5564206899052,131.7705185517515,0.8046,False,0.0295601002637999,0.011804052674983162,0.0012994758206010752,0.13636363636363638,0.48717948717948717,271,0.07372190275589759,0.17337807606263983,True,1.0,train,sort
MVI_20032,170,11001,278.2883223798092,115.04650308613822,268.13035440977563,99.39708820062798,288.4462903498428,130.69591797164847,0.823,False,0.0435332366658745,0.017393265563583876,0.0020815326133977814,0.13636363636363638,0.48717948717948717,271,0.07425995734705766,0.17449664429530204,True,1.0,train,sort
MVI_20032,171,11001,278.15978572425547,113.02910628034012,267.9309442067994,96.82074901882636,288.3886272417116,129.23746354185388,0.8287,False,0.0458822660733199,0.018332870321027393,0.002696699452102057,0.13636363636363638,0.48717948717948717,271,0.07484967887333183,0.17561521252796422,True,1.0,train,sort
MVI_20032,172,11001,278.0673952166011,112.45055226703144,267.9685206570998,96.47393055272106,288.16626977610235,128.42717398134184,0.8434,False,0.013297986348734,0.005299255607627191,0.00291059826602089,0.13636363636363638,0.48717948717948717,271,0.0748889880098515,0.17673378076062643,True,1.0,train,sort
MVI_20032,173,11001,277.9918391739253,113.2341937866939,267.8670079030954,98.0089059727996,288.11667044475524,128.4594816005882,0.8727,False,0.0178690126461148,0.007127652494360521,0.0028068136378613566,0.13636363636363638,0.48717948717948717,271,0.07465117369346824,0.1778523489932886,True,1.0,train,sort
MVI_20032,174,11001,277.85565359100985,113.73864738808952,267.7250745590733,98.81245137029345,287.9862326229465,128.66484340588562,0.8722,False,0.0118596261335863,0.004723915811204643,0.002470818384066129,0.13636363636363638,0.48717948717948717,271,0.07454719186816801,0.17897091722595082,True,1.0,train,sort
MVI_20032,175,11001,277.4146740787434,114.13201316392174,267.01896178527545,99.1508542338354,287.8103863722114,129.1131720940081,0.8349,False,0.0134125283871291,0.005345072081385316,0.0018990588397647602,0.13636363636363638,0.48717948717948717,271,0.07521004143800906,0.180089485458613,True,1.0,train,sort
MVI_20032,176,11001,277.31116608390624,115.65060708804354,266.9741497483979,101.35407465402707,287.6481824194146,129.94713952206,0.8803,False,0.0345479244695593,0.013799167482047238,0.0016839072593188523,0.13636363636363638,0.48717948717948717,271,0.07539732505334783,0.18120805369127518,True,1.0,train,sort
MVI_20032,177,11001,277.1256197890445,116.5809982814647,266.6193466412881,102.54406041041209,287.6318929368011,130.6179361525173,0.8847,False,0.0215331904044492,0.008593312669979113,0.0018402301609767488,0.13636363636363638,0.48717948717948717,271,0.07550307076817267,0.18232662192393737,True,1.0,train,sort
MVI_20032,178,11001,276.92829919343046,116.73479002596837,266.4143680822693,102.3777354565526,287.4422303045916,131.09184459538412,0.8552,False,0.0056782822877535,0.00225139670755715,0.0016088223743505633,0.13636363636363638,0.48717948717948717,271,0.07555748421858509,0.18344519015659955,True,1.0,train,sort
MVI_20032,179,11001,276.6667866947814,117.4590733783958,266.07049581661414,103.32106873260244,287.2630775729488,131.59707802418913,0.9086,False,0.0174780130346553,0.0069712538158589335,0.0017154721351907093,0.13636363636363638,0.48717948717948717,271,0.07560990301350702,0.18456375838926176,True,1.0,train,sort
MVI_20032,180,11001,276.49242549992346,117.95733495907083,265.863302171819,103.76452410665368,287.1215488280279,132.150145811488,0.8807,False,0.0119816363417544,0.0047727195305995755,0.0016883105500036441,0.13636363636363638,0.48717948717948717,271,0.07552822073964952,0.18568232662192394,True,1.0,train,sort
MVI_20032,181,11001,276.2760077072848,117.7251497970363,265.551372764143,103.1677655535356,287.0006426504266,132.28253404053697,0.8686,False,0.0072042542202313,0.002861780929626394,0.0011692655031009863,0.13636363636363638,0.48717948717948717,271,0.07541388779286633,0.18680089485458615,True,1.0,train,sort
MVI_20032,182,11001,276.1052278889741,118.10526071167574,265.40209886084745,103.65257079189718,286.80835691710087,132.5579506314543,0.8565,False,0.0094582604500263,0.003763376699398349,0.0009400558714973515,0.13636363636363638,0.48717948717948717,271,0.07541029727485093,0.18791946308724833,True,1.0,train,sort
MVI_20032,183,11001,275.786052201402,118.79825638297302,265.2231129657659,104.50323770522408,286.348991437038,133.093275060722,0.7874,False,0.0173172378044581,0.00690694420326168,0.0011609897167705319,0.13636363636363638,0.48717948717948717,271,0.07598876493329174,0.18903803131991054,True,1.0,train,sort
MVI_20032,184,11001,275.43047393300685,118.21968373395433,264.92810233421005,103.36273310821812,285.93284553180365,133.07663435969053,0.8649,False,0.0154138129116718,0.0061455799227508705,0.001121806503987427,0.13636363636363638,0.48717948717948717,271,0.0762445280051783,0.19015659955257272,True,1.0,train,sort
MVI_20032,185,11001,275.11289810326787,117.588423894403,264.7065353090579,102.19186397417845,285.5192608974778,132.98498381462755,0.8449,False,0.0160388587125999,0.006395596379041564,0.0011988218116095546,0.13636363636363638,0.48717948717948717,271,0.07637367238020887,0.1912751677852349,True,1.0,train,sort
MVI_20032,186,11001,274.7191388860973,118.05454667262858,264.3496599248372,102.84831433604604,285.08861784735745,133.26077900921112,0.8644,False,0.0138493727526798,0.0055198085248001506,0.0013249612738287222,0.13636363636363638,0.48717948717948717,271,0.07650268055734094,0.1923937360178971,True,1.0,train,sort
MVI_20032,187,11001,274.40478876068335,118.58646231775174,263.98722974863057,103.5598595779352,284.8223477727361,133.6130650575683,0.8526,False,0.0140237278699388,0.005589550051722668,0.0014116242283441008,0.13636363636363638,0.48717948717948717,271,0.076964687698456,0.1935123042505593,True,1.0,train,sort
MVI_20032,188,11001,274.1017087743998,119.02572744429656,263.7601398567743,103.92476701447984,284.44327769202533,134.12668787411326,0.8442,False,0.0121130201142044,0.00482527264775239,0.0013128363410378687,0.13636363636363638,0.48717948717948717,271,0.07749383042021307,0.1946308724832215,True,1.0,train,sort
MVI_20032,189,11001,273.76148905633465,119.8149665955334,263.47355191286005,104.83581669893393,284.04942619980926,134.79411649213287,0.8757,False,0.0195070923469556,0.007782879489434859,0.0013905360937447977,0.13636363636363638,0.48717948717948717,271,0.07771226802121267,0.19574944071588368,True,1.0,train,sort
MVI_20032,190,11001,273.3665334185965,120.17241689848484,262.98804511613315,105.03212903295562,283.7450217210598,135.3127047640141,0.8662,False,0.012090657311349,0.004816327593303045,0.0013155902520634393,0.13636363636363638,0.48717948717948717,271,0.07814079494027183,0.1968680089485459,True,1.0,train,sort
MVI_20032,191,11001,273.0922430679464,120.76006476439312,262.6754835066467,105.70027690511697,283.50900262924614,135.81985262366928,0.9019,False,0.0147194126382431,0.005867821884296499,0.001332105587755086,0.13636363636363638,0.48717948717948717,271,0.07839078036734787,0.19798657718120807,True,1.0,train,sort
MVI_20032,192,11001,272.78239186526883,121.05457763845652,262.27879568295214,105.79607836094044,283.28598804758553,136.31307691597257,0.8856,False,0.0097028043307425,0.0038611935223790655,0.0012500846322427196,0.13636363636363638,0.48717948717948717,271,0.07861548409639607,0.19910514541387025,True,1.0,train,sort
MVI_20032,193,11001,272.5595656019688,120.87863863887958,262.00707653164886,105.28881347101958,283.1120546722887,136.46846380673958,0.8876,False,0.006444032105733,0.0025576943510453505,0.0011424743473059356,0.13636363636363638,0.48717948717948717,271,0.07871379132479295,0.20022371364653246,True,1.0,train,sort
MVI_20032,194,11001,272.42220228336066,121.8408527495638,261.87436602615065,106.6629563613304,282.97003854057067,137.0187491377972,0.9097,False,0.0220610631331,0.008804460187159125,0.0011909545211229414,0.13636363636363638,0.48717948717948717,271,0.0786115550336873,0.20134228187919465,True,1.0,train,sort
MVI_20032,195,11001,272.2790560463576,122.8927184918462,261.6178749841605,107.92826700674117,282.9402371085546,137.85716997695124,0.9083,False,0.0240945535590035,0.009617850293021035,0.0014188157714257101,0.13636363636363638,0.48717948717948717,271,0.07860575966709124,0.20246085011185685,True,1.0,train,sort
MVI_20032,196,11001,272.0862591907081,123.78942768075044,261.3010391888407,108.88129754059092,282.8714791925755,138.69755782090996,0.8778,False,0.0208179715496979,0.008307227261083149,0.001534580289040622,0.13636363636363638,0.48717948717948717,271,0.07870960080000933,0.20357941834451904,True,1.0,train,sort
MVI_20032,197,11001,271.8675067583292,124.48958136029088,260.9678383503151,109.40651142203626,282.76717516634324,139.57265129854548,0.8595,False,0.0166491593515181,0.006639714814502931,0.0016664379048868187,0.13636363636363638,0.48717948717948717,271,0.07899699278538908,0.20469798657718125,True,1.0,train,sort
MVI_20032,198,11001,271.4769266598123,125.10633093653756,260.39348685869567,109.78128743838576,282.5603664609289,140.43137443468936,0.8742,False,0.0165695248472244,0.006607861250280293,0.0018586427847364475,0.13636363636363638,0.48717948717948717,271,0.07955458809525603,0.20581655480984343,True,1.0,train,sort
MVI_20032,199,11001,271.17353797672905,125.85180533334552,260.05453585032063,110.4449405357232,282.29254010313747,141.25867013096786,0.8981,False,0.0182678102739804,0.007287170356168475,0.0017866382187720895,0.13636363636363638,0.48717948717948717,271,0.07992346915379736,0.2069351230425056,True,1.0,train,sort
MVI_20032,200,11001,270.91684252411494,126.28306013567428,259.74016259181195,110.68914152435556,282.0935224564179,141.876978746993,0.9001,False,0.0113910783605229,0.004536498099334136,0.0015454973689849548,0.13636363636363638,0.48717948717948717,271,0.08011601429516613,0.20805369127516782,True,1.0,train,sort
MVI_20032,201,11001,270.6487659516516,126.32286965971616,259.37639737413184,110.42790887778489,281.9211345291713,142.2178304416474,0.8807,False,0.0061513332449465,0.002440615679649595,0.0012670912187725094,0.13636363636363638,0.48717948717948717,271,0.08044768101977161,0.20917225950783,True,1.0,train,sort
MVI_20032,202,11001,270.383110478556,126.57532852273508,259.1376009858613,110.60289063039876,281.6286199712506,142.5477664150714,0.8635,False,0.0083181212510156,0.0033073244200429643,0.0011089491689966788,0.13636363636363638,0.48717948717948717,271,0.08039358305395804,0.21029082774049218,True,1.0,train,sort
MVI_20032,203,11001,270.15771727613577,127.00942641777982,258.9201055986307,111.02974830767546,281.39532895364084,142.98910452788417,0.8838,False,0.0111018025414257,0.004420788634405522,0.001005159364819466,0.13636363636363638,0.48717948717948717,271,0.08048289363357529,0.21140939597315436,True,1.0,train,sort
MVI_20032,204,11001,269.98854120112776,127.34325368492352,258.80186025067826,111.42185051553156,281.17522215157726,143.2646568543155,0.8789,False,0.0084944000726022,0.0033778354229594704,0.0008196378122949693,0.13636363636363638,0.48717948717948717,271,0.08039541137789298,0.21252796420581657,True,1.0,train,sort
MVI_20032,205,11001,269.8403585953844,127.4471101837798,258.60989343996914,111.23903108742827,281.07082375079955,143.65518928013134,0.8774,False,0.0041071576951652,0.0016229515561029543,0.0006813724328154637,0.13636363636363638,0.48717948717948717,271,0.08020882818457446,0.21364653243847875,True,1.0,train,sort
MVI_20032,206,11001,269.57888424999453,127.69752698754776,258.3699246158062,111.4458707746023,280.78784388418285,143.9491832004932,0.8822,False,0.0082174625166817,0.0032670612265050104,0.0007205922652291876,0.13636363636363638,0.48717948717948717,271,0.08036308043979332,0.21476510067114096,True,1.0,train,sort
MVI_20032,207,11001,269.1676620100185,127.55393439806484,257.86339824993354,111.05727542122786,280.4719257701034,144.05059337490178,0.8577,False,0.0098862889290887,0.003934586814509535,0.0007503596541201023,0.13636363636363638,0.48717948717948717,271,0.08095269958291057,0.21588366890380314,True,1.0,train,sort
MVI_20032,208,11001,268.8699787600977,127.40987260511112,257.47139971644214,110.67224611297094,280.26855780375337,144.14749909725134,0.872,False,0.0075062177995763,0.0029825654608152917,0.0006821072785626709,0.13636363636363638,0.48717948717948717,271,0.08138141662356248,0.21700223713646533,True,1.0,train,sort
MVI_20032,209,11001,268.59675722753514,127.1281199188832,257.1429757917471,110.1011550595459,280.0505386633231,144.1550847782205,0.8495,False,0.0089080557246956,0.003543296450147317,0.0006899594035840972,0.13636363636363638,0.48717948717948717,271,0.08174345421180199,0.21812080536912754,True,1.0,train,sort
MVI_20032,210,11001,268.1959131168348,126.70845574429742,256.64951455895203,109.40266884660753,279.7423116747175,144.01424264198732,0.8749,False,0.0131721295688981,0.00524891327103682,0.000862033185504014,0.13636363636363638,0.48717948717948717,271,0.08172936695743664,0.21923937360178972,True,1.0,train,sort
MVI_20032,211,11001,267.8885122310335,127.16485137693732,256.35487342928866,109.97059690856172,279.42215103277823,144.3591058453129,0.8679,False,0.0124895331648836,0.004975876745145297,0.0009431268020429961,0.13636363636363638,0.48717948717948717,271,0.08191428391718761,0.22035794183445193,True,1.0,train,sort
MVI_20032,212,11001,267.617144310038,128.33308248751285,256.05762417897813,111.7382221788228,279.17666444109784,144.92794279620287,0.8657,False,0.0272216421662719,0.010868676409979697,0.0012721912309226202,0.13636363636363638,0.48717948717948717,271,0.08209405945660027,0.2214765100671141,True,1.0,train,sort
MVI_20032,213,11001,267.16702552594086,129.5944927314788,255.51117725450928,113.25956310701336,278.8228737973725,145.9294223559442,0.861,False,0.0303987905563132,0.01213952629075374,0.0017067443246330388,0.13636363636363638,0.48717948717948717,271,0.08272734510809467,0.22259507829977632,True,1.0,train,sort
MVI_20032,214,11001,266.9249269089189,130.22115194611538,255.20340239937923,113.9451255056543,278.6464514184585,146.49717838657645,0.8864,False,0.015248003246961,0.006079256551362427,0.00182709094705237,0.13636363636363638,0.48717948717948717,271,0.08291850168494354,0.2237136465324385,True,1.0,train,sort
MVI_20032,215,11001,266.6758951307036,130.43235717678624,254.83638456364577,113.93867406076386,278.51540569776137,146.9260402928086,0.8982,False,0.0074114342957944,0.0029446523419763837,0.0017177398496702068,0.13636363636363638,0.48717948717948717,271,0.08290805166234369,0.22483221476510068,True,1.0,train,sort
MVI_20032,216,11001,266.3623899142899,131.10315950214812,254.420745994716,114.47264161295584,278.3040338338639,147.7336773913404,0.8887,False,0.0168061252499968,0.006702500705773399,0.001799678584333389,0.13636363636363638,0.48717948717948717,271,0.08331677529003115,0.2259507829977629,True,1.0,train,sort
MVI_20032,217,11001,266.06960186791787,131.4791407221067,254.07168648532783,114.72897441534631,278.06751725050793,148.22930702886703,0.8908,False,0.0108160746136558,0.004306498315426921,0.0014882636022857027,0.13636363636363638,0.48717948717948717,271,0.08377992638856334,0.22706935123042504,True,1.0,train,sort
MVI_20032,218,11001,265.8454117530795,131.67397064685932,253.9178060480103,114.7230376429731,277.7730174581487,148.62490365074555,0.8817,False,0.0067415088049527,0.002676684143565424,0.0010391945927394793,0.13636363636363638,0.48717948717948717,271,0.08385726931883013,0.22818791946308728,True,1.0,train,sort
MVI_20032,219,11001,265.59213306508366,132.15773834037222,253.6745332956196,115.00997437419686,277.5097328345477,149.3055023065476,0.8642,False,0.0123940713403244,0.004937692300018415,0.0009850204746774177,0.13636363636363638,0.48717948717948717,271,0.08394477144431134,0.22930648769574943,True,1.0,train,sort
MVI_20032,220,11001,265.2189352511171,132.62541364397876,253.1487669033185,115.35650243835056,277.28910359891563,149.89432484960696,0.8586,False,0.0135804255478899,0.005412230444968203,0.0011021219582964528,0.13636363636363638,0.48717948717948717,271,0.08453922830850585,0.23042505592841167,True,1.0,train,sort
MVI_20032,221,11001,264.77299025890966,132.9731346970754,252.48976346687223,115.5689679391114,277.0562170509471,150.3773014550394,0.8327,False,0.0128350430405044,0.005114079664975952,0.0010267417868386377,0.13636363636363638,0.48717948717948717,271,0.08520757595247805,0.23154362416107382,True,1.0,train,sort
MVI_20032,222,11001,264.37438252418417,133.32939456236082,251.9376442569284,115.7175820362886,276.8111207914399,150.94120708843303,0.8136,False,0.0121342216445089,0.004833753196644651,0.0010517632152429158,0.13636363636363638,0.48717948717948717,271,0.08566593141980312,0.23266219239373603,True,1.0,train,sort
MVI_20032,223,11001,263.90467663830793,133.59926629008078,251.36156747689915,115.75093596789824,276.4477857997168,151.44759661226334,0.7892,False,0.0122954406402916,0.004898240314152643,0.0011571894723503885,0.13636363636363638,0.48717948717948717,271,0.08632313845372191,0.23378076062639822,True,1.0,train,sort
MVI_20032,224,11001,263.38392010023733,134.1970545943663,250.6789994429388,116.40718336698164,276.08884075753593,151.986925821751,0.8291,False,0.0179944947283061,0.007177844953010562,0.0012634982448591252,0.13636363636363638,0.48717948717948717,271,0.0871890781820387,0.23489932885906042,True,1.0,train,sort
MVI_20032,225,11001,262.9619824977301,134.5294415963805,250.0676879055014,116.70563298705494,275.85627708995884,152.35325020570608,0.8321,False,0.01219147056344,0.004856652593483049,0.0012371327204625897,0.13636363636363638,0.48717948717948717,271,0.08721000221596495,0.2360178970917226,True,1.0,train,sort
MVI_20032,226,11001,262.6510446438549,135.1353178589889,249.699608638436,117.45531597122812,275.6024806492738,152.8153197467497,0.8502,False,0.0154569706436798,0.006162842886844345,0.0012869028692157193,0.13636363636363638,0.48717948717948717,271,0.08785383751902574,0.23713646532438482,True,1.0,train,sort
MVI_20032,227,11001,262.3197116058345,135.96311014275392,249.33265458787224,118.45410196286996,275.3067686237968,153.47211832263787,0.8481,False,0.0202377993078657,0.008075160094603942,0.0014407272025990442,0.13636363636363638,0.48717948717948717,271,0.08857294348385349,0.238255033557047,True,1.0,train,sort
MVI_20032,228,11001,261.985198636118,136.57395614655053,248.93979257709088,118.97126626870744,275.0306046951452,154.17664602439362,0.8414,False,0.015807343825234,0.0063029911145444685,0.001507391111895963,0.13636363636363638,0.48717948717948717,271,0.08845307342470207,0.2393736017897092,True,1.0,train,sort
MVI_20032,229,11001,261.5804233731766,137.08226905614225,248.4651030171176,119.376206624194,274.6957437292356,154.7883314880905,0.8354,False,0.0147484301001631,0.005879428782525455,0.001445773422982934,0.13636363636363638,0.48717948717948717,271,0.0888910905408993,0.2404921700223714,True,1.0,train,sort
MVI_20032,230,11001,261.23405163731155,137.21894909202018,248.10300260559345,119.18334806057196,274.3651006690297,155.2545501234684,0.82,False,0.0084516456538741,0.003360733782975156,0.0013747830410081121,0.13636363636363638,0.48717948717948717,271,0.08936949607922631,0.2416107382550336,True,1.0,train,sort
MVI_20032,231,11001,260.7047260486388,137.1921799756334,247.4114358688571,118.85577249337858,273.99801622842045,155.52858745788822,0.834,False,0.012029604540214,0.004791906666927354,0.0013097238377736914,0.13636363636363638,0.48717948717948717,271,0.09035377805222604,0.24272930648769575,True,1.0,train,sort
MVI_20032,232,11001,260.100037969525,137.4948439428223,246.5884950784989,119.15804173328212,273.611580860551,155.8316461523625,0.8308,False,0.0153480130882784,0.006119260189629034,0.0012169045748676084,0.13636363636363638,0.48717948717948717,271,0.09169537141801043,0.243847874720358,True,1.0,train,sort
MVI_20032,233,11001,259.44073546746745,137.58189741970682,245.73619218702413,119.06062974808052,273.1452787479108,156.10316509133312,0.8346,False,0.0150942557537461,0.006017758012599218,0.0012033685415503447,0.13636363636363638,0.48717948717948717,271,0.09274963596679257,0.24496644295302014,True,1.0,train,sort
MVI_20032,234,11001,258.85253913138723,138.13562315417118,245.05666861210744,119.73921980714888,272.648409650667,156.5320265011935,0.8305,False,0.0183355126220569,0.007314251093489686,0.0012714595256370846,0.13636363636363638,0.48717948717948717,271,0.09334430159484179,0.24608501118568238,True,1.0,train,sort
MVI_20032,235,11001,258.2508883850194,138.75477179354715,244.38478790056635,120.35337940742257,272.1169888694724,157.15616417967178,0.8256,False,0.0195951105526329,0.007818086509208174,0.0014829878321260994,0.13636363636363638,0.48717948717948717,271,0.09404018265070285,0.24720357941834453,True,1.0,train,sort
MVI_20032,236,11001,257.5055726806366,138.91379189564896,243.3767122656886,120.24330617269892,271.6344330955846,157.584277618599,0.8326,False,0.0172973954924386,0.006899007337629801,0.0015829824845242358,0.13636363636363638,0.48717948717948717,271,0.09525250577530602,0.24832214765100674,True,1.0,train,sort
MVI_20032,237,11001,256.8305397877109,138.70552331709175,242.71851261125823,119.81916840964638,270.9425669641635,157.59187822453714,0.8307,False,0.0160340691564897,0.006393680570881443,0.001596005388942538,0.13636363636363638,0.48717948717948717,271,0.09622331611078856,0.24944071588366892,True,1.0,train,sort
MVI_20032,238,11001,256.1267220669717,138.94889062268567,242.06339839484136,119.98919275919866,270.1900457391021,157.90858848617265,0.8507,False,0.0169028003572545,0.006741170460361335,0.001630335678548655,0.13636363636363638,0.48717948717948717,271,0.09709311478983984,0.25055928411633116,True,1.0,train,sort
MVI_20032,239,11001,255.5225649197281,139.17434705759302,241.5271916973425,120.18360050323923,269.5179381421137,158.1650936119468,0.8455,False,0.0146364276982998,0.0058346281558060535,0.001560118634156248,0.13636363636363638,0.48717948717948717,271,0.09784442582851177,0.2516778523489933,True,1.0,train,sort
MVI_20032,240,11001,254.778465864961,139.61897443870933,240.60518544142408,120.74652473251447,268.951746288498,158.49142414490416,0.8571,False,0.0196744558999798,0.00784982441151446,0.001561624789297808,0.13636363636363638,0.48717948717948717,271,0.09904071217413658,0.25279642058165547,True,1.0,train,sort
MVI_20032,241,11001,254.0671167217461,139.79505114220453,239.64805024852967,120.8351462302981,268.4861831949626,158.75495605411098,0.8471,False,0.0166329500863299,0.006633231156768744,0.0015490121043936521,0.13636363636363638,0.48717948717948717,271,0.10044209117184248,0.2539149888143177,True,1.0,train,sort
MVI_20032,242,11001,253.5397872309384,139.9273823152737,238.95933498264847,120.85435447939582,268.1202394792283,159.00041015115158,0.8391,False,0.0123400567468675,0.004916086623723939,0.0014788913478555464,0.13636363636363638,0.48717948717948717,271,0.10136329394005836,0.2550335570469799,True,1.0,train,sort
MVI_20032,243,11001,252.990005263948,140.78204199900958,238.19028480122552,122.06228771622855,267.7897257266705,159.5017962817906,0.867,False,0.0230654328139671,0.009206205064163872,0.001595872127076902,0.13636363636363638,0.48717948717948717,271,0.10233966278716325,0.2561521252796421,True,1.0,train,sort
MVI_20032,244,11001,252.4236662274149,141.6316882345622,237.4888903694632,122.9957590950471,267.3584420853667,160.26761737407733,0.8727,False,0.0231761190801201,0.009250479240524278,0.0017579748906559804,0.13636363636363638,0.48717948717948717,271,0.10326793281498695,0.25727069351230425,True,1.0,train,sort
MVI_20032,245,11001,251.77951052275424,142.12432105519272,236.5456928608903,123.24144034974394,267.0133281846182,161.00720176064152,0.8739,False,0.0184061317080746,0.007342498517288736,0.0017338992130431193,0.13636363636363638,0.48717948717948717,271,0.10486929389843752,0.25838926174496646,True,1.0,train,sort
MVI_20032,246,11001,251.0469316035632,142.79045870839985,235.40663786514224,123.89769658896802,266.6872253419841,161.68322082783172,0.8806,False,0.0224738744294347,0.008969583474561635,0.0018447732406326018,0.13636363636363638,0.48717948717948717,271,0.10656025408957565,0.2595078299776286,True,1.0,train,sort
MVI_20032,247,11001,250.3475072930089,143.40427531465184,234.3901505249295,124.35700647238976,266.3048640610883,162.4515441569139,0.8887,False,0.0211214644097404,0.008428623499990254,0.00201146432894249,0.13636363636363638,0.48717948717948717,271,0.1080403429079016,0.2606263982102909,True,1.0,train,sort
MVI_20032,248,11001,249.5974477313721,143.56194343263684,233.3298755591151,124.2250923176566,265.8650199036292,162.89879454761711,0.8854,False,0.0173963740673562,0.006938598472412014,0.0019038527012349453,0.13636363636363638,0.48717948717948717,271,0.10960775805372182,0.26174496644295303,True,1.0,train,sort
MVI_20032,249,11001,248.90015723426487,143.7337099172128,232.44319509443704,124.18922846679337,265.3571193740929,163.27819136763222,0.8883,False,0.0162997090670706,0.006499935742893145,0.0017733228007058503,0.13636363636363638,0.48717948717948717,271,0.11071268038390306,0.26286353467561524,True,1.0,train,sort
MVI_20032,250,11001,247.9926076769256,144.90060842154904,231.0157737920717,125.56894302679416,264.9694415617795,164.23227381630392,0.8641,False,0.0335528313281315,0.013401133193152656,0.002060841606448692,0.13636363636363638,0.48717948717948717,271,0.11256156099361099,0.2639821029082774,True,1.0,train,sort
MVI_20032,251,11001,247.39483570304927,145.78643319398515,230.1872149974004,126.66905620218044,264.6024564086982,164.9038101857899,0.8671,False,0.0242554907369053,0.009682224684217125,0.002094660735755092,0.13636363636363638,0.48717948717948717,271,0.11392731595252728,0.26510067114093966,True,1.0,train,sort
MVI_20032,252,11001,246.787371734237,145.76443633355265,229.41070629098505,126.40664006936446,264.16403717748904,165.12223259774083,0.8525,False,0.0137968160992304,0.0054987860201606235,0.0019556222529468984,0.13636363636363638,0.48717948717948717,271,0.11540864238421338,0.2662192393736018,True,1.0,train,sort
MVI_20032,253,11001,246.12040213631897,145.51167332941418,228.490578074824,126.05772758940071,263.750226197814,164.96561906942765,0.8387,False,0.0161890259078763,0.006455662809306957,0.0019327040391024907,0.13636363636363638,0.48717948717948717,271,0.11698726184639104,0.267337807606264,True,1.0,train,sort
MVI_20032,254,11001,245.2619385990941,144.89840235760096,227.18288784969573,124.97293243635684,263.3409893484926,164.8238722788451,0.8414,False,0.0239460164832072,0.009558435905686145,0.002077848343259621,0.13636363636363638,0.48717948717948717,271,0.119279551974367,0.2684563758389262,True,1.0,train,sort
MVI_20032,255,11001,244.0805893872192,145.16586407224696,225.4284175797206,125.30304857150892,262.7327611947177,165.028679572985,0.8177,False,0.0274920346458007,0.010976832595396929,0.0019628006386331674,0.13636363636363638,0.48717948717948717,271,0.12172740467009173,0.2695749440715884,True,1.0,train,sort
MVI_20032,256,11001,243.079495815734,145.65739722812805,224.23753906117813,125.9504609633975,261.92145257028983,165.3643334928586,0.8211,False,0.025313249152429,0.010105324895862772,0.001982879298937034,0.13636363636363638,0.48717948717948717,271,0.12004159927539586,0.2706935123042506,True,1.0,train,sort
MVI_20032,257,11001,241.95715033514296,146.28033156461004,222.687703538106,126.66532288226011,261.2265971321799,165.89534024695993,0.8108,False,0.0291349142318511,0.011633979530240342,0.0022740312837310045,0.13636363636363638,0.48717948717948717,271,0.11778740315582613,0.2718120805369128,True,1.0,train,sort
MVI_20032,258,11001,241.04480954356924,146.879459017826,221.4989488256816,127.30653696220148,260.59067026145686,166.4523810734505,0.7831,False,0.0247735314560784,0.009889439426928184,0.002436984722105364,0.13636363636363638,0.48717948717948717,271,0.11571663216065146,0.27293064876957496,True,1.0,train,sort
MVI_20032,259,11001,240.18946313497528,147.03862780754446,220.10883765160744,127.11542795570428,260.2700886183431,166.96182765938462,0.8136,False,0.0197473139389452,0.007878967409815358,0.0023572837990345013,0.13636363636363638,0.48717948717948717,271,0.11442968320540373,0.27404921700223717,True,1.0,train,sort
MVI_20032,260,11001,239.46620947077355,147.68463878650152,219.10657878399087,127.685858368134,259.82584015755623,167.683419204869,0.8166,False,0.022010815460022,0.008784361267782072,0.0022532377933803705,0.13636363636363638,0.48717948717948717,271,0.11301676006912993,0.2751677852348994,True,1.0,train,sort
MVI_20032,261,11001,238.7696841872002,148.10185628796285,218.32383458490813,127.97124922630424,259.21553378949227,168.23246334962144,0.8336,False,0.0184284287659623,0.007351417273947075,0.002122548244836762,0.13636363636363638,0.48717948717948717,271,0.11168291344793271,0.2762863534675616,True,1.0,train,sort
MVI_20032,262,11001,237.77451859975483,148.50356662666255,216.98399343953184,128.37652258356928,258.5650437599778,168.6306106697558,0.827,False,0.0243583768320333,0.00972337881543007,0.0020318787020828346,0.13636363636363638,0.48717948717948717,271,0.10962689834056522,0.27740492170022374,True,1.0,train,sort
MVI_20032,263,11001,236.65510002583568,149.03527203728382,215.341138187814,129.1602284343316,257.96906186385735,168.91031564023604,0.8547,False,0.028128226701734,0.011231307520448128,0.002095558447166369,0.13636363636363638,0.48717948717948717,271,0.107449079082325,0.27852348993288595,True,1.0,train,sort
MVI_20032,264,11001,235.6294070449632,149.66530498113335,214.0480737207596,130.1521207421149,257.21074036916684,169.17848922015182,0.8602,False,0.0273216008637272,0.010908659590853948,0.0022393356386070182,0.13636363636363638,0.48717948717948717,271,0.10572776085087368,0.2796420581655481,True,1.0,train,sort
MVI_20032,265,11001,234.53724189915107,150.1111906710517,212.5363401640635,130.80354516791385,256.5381436342386,169.41883617418952,0.8334,False,0.0267754676670555,0.010690207940923967,0.0023297795733723354,0.13636363636363638,0.48717948717948717,271,0.1042413809539451,0.2807606263982103,True,1.0,train,sort
MVI_20032,266,11001,233.32278133477752,150.67844986455344,210.70727410056787,131.50719704252026,255.9382885689872,169.84970268658662,0.847,False,0.0304236477550805,0.012149469096128785,0.0025574761095740733,0.13636363636363638,0.48717948717948717,271,0.10245502046679034,0.2818791946308725,True,1.0,train,sort
MVI_20032,267,11001,232.02340519360007,151.20057817948285,208.82449193696115,132.16463867704576,255.22231845023904,170.2365176819199,0.8391,False,0.0317842668816564,0.012693712688970658,0.002698436390836802,0.13636363636363638,0.48717948717948717,271,0.10063560405710398,0.2829977628635347,True,1.0,train,sort
MVI_20032,268,11001,230.8101797039498,150.99531900433865,207.4129641892233,131.76560811556064,254.2073952186763,170.22502989311667,0.876,False,0.0279282386083576,0.011151312879524129,0.0026946401620072404,0.13636363636363638,0.48717948717948717,271,0.09930651516938065,0.2841163310961969,True,1.0,train,sort
MVI_20032,269,11001,229.6856378862799,150.22832119250592,206.20114716601435,130.56147571115477,253.1701286065454,169.8951666738571,0.8485,False,0.0308956579237028,0.012338271755896895,0.002762483893203985,0.13636363636363638,0.48717948717948717,271,0.09893929921383784,0.2852348993288591,True,1.0,train,sort
MVI_20032,270,11001,228.0358048482452,150.2232014901104,203.883336761648,130.73336801249692,252.18827293484247,169.7130349677239,0.8435,False,0.037446902076946,0.014958749879351045,0.00296505198751226,0.13636363636363638,0.48717948717948717,271,0.09728217405570137,0.2863534675615213,True,1.0,train,sort
MVI_20032,271,11001,226.46355590171325,150.6191401524365,201.68227355891847,131.31937401067194,251.24483824450803,169.91890629420104,0.866,False,0.0367999427814444,0.014699968090583784,0.003086088568221668,0.13636363636363638,0.48717948717948717,271,0.09536731224601679,0.28747203579418346,True,1.0,train,sort
MVI_20032,272,11001,225.0571920762115,150.99748845990223,199.7241596788898,131.85333094343474,250.3902244735332,170.14164597636972,0.8767,False,0.0330555831433414,0.013202235402185033,0.00311022104212358,0.13636363636363638,0.48717948717948717,271,0.09362625931853114,0.28859060402684567,True,1.0,train,sort
MVI_20032,273,11001,224.0406492999149,150.68444690522364,198.696066808411,131.47206018184676,249.3852317914188,169.89683362860052,0.8403,False,0.024141992492216,0.009636825724828399,0.003038349480075832,0.13636363636363638,0.48717948717948717,271,0.0917855518609709,0.2897091722595078,True,1.0,train,sort
MVI_20032,274,11001,222.8929847826657,150.5616835966258,197.42049748320403,131.3575997145122,248.36547208212733,169.7657674787394,0.8441,False,0.0261974659394893,0.010459008973678028,0.0029491671114849263,0.13636363636363638,0.48717948717948717,271,0.09021906183179856,0.2908277404921701,True,1.0,train,sort
MVI_20032,275,11001,221.760261318286,151.4190879050843,196.16095611565785,132.7237838321806,247.3595665209142,170.114391977988,0.8818,False,0.0322445561468658,0.012877827022328994,0.002850414754443585,0.13636363636363638,0.48717948717948717,271,0.08930051624242842,0.29194630872483224,True,1.0,train,sort
MVI_20032,276,11001,220.55709770647684,152.10920587898534,194.80900356164727,133.56067183172684,246.3051918513064,170.65773992624383,0.886,False,0.0314819163466156,0.012572773376657471,0.002749466518338993,0.13636363636363638,0.48717948717948717,271,0.08835414009002815,0.29306487695749445,True,1.0,train,sort
MVI_20032,277,11001,219.20018188967416,152.4394845671799,193.1734319729384,133.7826609095974,245.22693180641,171.0963082247624,0.8606,False,0.0316975010105277,0.012659006599281925,0.0027236870308782243,0.13636363636363638,0.48717948717948717,271,0.08721835473146064,0.2941834451901566,True,1.0,train,sort
MVI_20032,278,11001,217.6615893177432,152.59256489621873,191.28668580170933,133.94030303948685,244.0364928337769,171.24482675295062,0.8627,False,0.0350942860179993,0.014017710472003536,0.0029315864699420626,0.13636363636363638,0.48717948717948717,271,0.08632022626607574,0.2953020134228188,True,1.0,train,sort
MVI_20032,279,11001,215.91308908196663,152.70070756776892,188.90720023838605,134.13928432534203,242.91897792554727,171.26213081019583,0.8644,False,0.0397620316386314,0.01588479479959038,0.0031890727757425204,0.13636363636363638,0.48717948717948717,271,0.08549901023312906,0.296420581655481,True,1.0,train,sort
MVI_20032,280,11001,214.51817774158127,152.43348217470552,187.44608139232287,133.5251601918789,241.5902740908396,171.34180415753212,0.8478,False,0.032236426605526,0.012874575230037889,0.003188918458559511,0.13636363636363638,0.48717948717948717,271,0.08470235938977844,0.29753914988814323,True,1.0,train,sort
MVI_20032,281,11001,213.2103434174957,152.78420723269784,186.0149884113629,133.83790339824637,240.40569842362865,171.7305110671493,0.7909,False,0.0307331448753493,0.012273267021219834,0.0031747050731624885,0.13636363636363638,0.48717948717948717,271,0.08369158990060208,0.2986577181208054,True,1.0,train,sort
MVI_20032,282,11001,211.95752202424933,153.18678133398342,184.81698016978976,134.20357323021162,239.09806387870893,172.16998943775522,0.7865,False,0.0298676481255373,0.011927070902474935,0.0031399703039140863,0.13636363636363638,0.48717948717948717,271,0.08279993653040532,0.2997762863534676,True,1.0,train,sort
MVI_20032,283,11001,211.0422544455855,152.52265854261506,184.4512015004071,133.02843262720128,237.63330739076395,172.01688445802884,0.7947,False,0.0256667379458882,0.010246719359033147,0.0029610140011702654,0.09090909090909091,0.358974358974359,271,0.08193109086646538,0.3008948545861298,True,1.0,train,sort
MVI_20032,284,11001,209.4241577752937,151.91542133700983,183.1064185607881,132.06663064041717,235.74189698979944,171.76421203360255,0.8198,False,0.0392273995260767,0.015670943549007357,0.0029508654678019816,0.09090909090909091,0.358974358974359,271,0.08134484208476626,0.302013422818792,True,1.0,train,sort
MVI_20032,285,11001,207.0663228593408,152.2573015290788,179.99717441224698,132.75671250319002,234.13547130643448,171.7578905549676,0.7724,False,0.0540760843672946,0.02161037320210827,0.003365431840345687,0.09090909090909091,0.358974358974359,271,0.08097591797550158,0.30313199105145416,True,1.0,train,sort
MVI_20032,286,11001,204.92531699817803,152.570482628276,177.04294818037013,133.15412459951114,232.807685815986,171.98684065704086,0.82,False,0.0491121536512641,0.01962481571967795,0.003714307224854594,0.09090909090909091,0.358974358974359,271,0.08000490014986436,0.3042505592841164,True,1.0,train,sort
MVI_20032,287,11001,203.2872361835753,152.54737381482008,175.42549289086753,132.98185019375495,231.1489794762831,172.1128974358852,0.786,False,0.0371836777698132,0.014853460941514495,0.0038531821057769073,0.09090909090909091,0.358974358974359,271,0.07944809135901897,0.3053691275167785,True,1.0,train,sort
MVI_20032,288,11001,202.0575717532194,152.83589130177427,174.05653928969804,133.3636742117423,230.0586042167408,172.30810839180623,0.7292,False,0.0286679935331933,0.01144721264327965,0.003910152762344782,0.13636363636363638,0.48717948717948717,271,0.07908462959064909,0.3064876957494408,True,1.0,train,sort
MVI_20032,289,11001,200.68568994531927,153.0451614358901,173.0360787589101,133.47273685430142,228.33530113172844,172.61758601747874,0.4982,False,0.0314981793970537,0.012579278548331253,0.0037634345863351722,0.13636363636363638,0.48717948717948717,271,0.07936647386239128,0.30760626398210295,True,1.0,train,sort
MVI_20032,290,11001,201.4772793524405,153.1041993373311,175.966500109178,134.03280318028007,226.9880585957032,172.17559549438212,0.2572,False,0.0180168263924493,0.007186777552067868,0.0030789478632227687,0.09090909090909091,0.358974358974359,271,0.07981907684455608,0.3087248322147651,True,1.0,train,sort
MVI_20032,381,42000,314.25533458144025,40.63059281317727,308.6152824297128,34.94244231078625,319.89538673316764,46.31874331556829,0.3457,False,,,,,,1,,,False,,train,sort
MVI_20032,401,42001,313.5739793602036,39.965527231064186,307.6566330772531,33.854124160500994,319.491325643154,46.07693030162737,0.4154,False,0.0216108279321107,0.00862436744950452,0.002007878904201893,0.09090909090909091,0.358974358974359,33,0.2803972719620698,0.0,False,0.0,train,sort
MVI_20032,402,42001,313.49555659539544,40.22547910522277,307.5488879182905,34.27431338919244,319.4422252725003,46.17664482125309,0.4219,False,0.0061628488077454,0.0024452218704261695,0.0012747844644243225,0.09090909090909091,0.358974358974359,33,0.2773520094125951,0.0011185682326621926,False,0.0,train,sort
MVI_20032,403,42001,313.4337642853328,40.35747755226447,307.41775206480185,34.42610437596882,319.44977650586384,46.28885072856013,0.4564,False,0.0033080363975758,0.0013033054202949102,0.0009401015977958372,0.09090909090909091,0.358974358974359,33,0.2750809163886983,0.002237136465324385,False,0.0,train,sort
MVI_20032,404,42001,313.3686639906397,40.45865352296582,307.3383752204934,34.49057713294551,319.3989527607861,46.42672991298614,-1.0,True,0.1203105374291609,0.048103956895160914,0.003548977113501074,0.09090909090909091,0.358974358974359,33,0.2730536105224308,0.0033557046979865775,False,0.0,train,sort
MVI_20032,405,42001,313.3035636959466,40.55982949366717,307.258998376185,34.5550498899222,319.34812901570825,46.56460909741215,-1.0,True,0.1203105374291362,0.048103956895151005,0.005114302422923747,0.09090909090909091,0.358974358974359,33,0.27006275967341287,0.00447427293064877,True,0.02,train,sort
MVI_20032,406,42001,313.2384634012535,40.66100546436853,307.1796215318766,34.61952264689889,319.29730527063043,46.70248828183816,-1.0,True,0.1203105374291362,0.048103956895151005,0.006987847374206254,0.09090909090909091,0.358974358974359,33,0.2680687048393951,0.005592841163310963,True,0.04,train,sort
MVI_20032,407,42001,313.1733631065604,40.76218143506988,307.10024468756814,34.683995403875585,319.24648152555267,46.840367466264176,0.2639,False,0.0109228876334951,0.004349223204813072,0.007078203736502952,0.09090909090909091,0.358974358974359,33,0.26578512186761727,0.006711409395973155,True,0.06,train,sort
MVI_20032,408,42001,313.1876041043976,40.57752539436285,307.1777415594036,34.15871260805146,319.1974666493915,46.99633818067425,0.3868,False,0.004203635415604,0.0016615423565519507,0.007095204242655919,0.09090909090909091,0.358974358974359,33,0.26351523617231254,0.007829977628635349,True,0.08,train,sort
MVI_20032,409,42001,313.180607534675,40.56304686855072,307.15659913426094,34.101557246545696,319.2046159350891,47.024536490555725,0.4935,False,0.0003649816409627,0.000126092294752271,0.004818364811000592,0.09090909090909091,0.358974358974359,33,0.2611211712662097,0.00894854586129754,True,0.1,train,sort
MVI_20032,410,42001,313.1324134762618,40.57329989509691,307.12393223820897,34.03355462258834,319.1408947143146,47.11304516760548,0.358,False,0.001118354603372,0.0004274392329239984,0.002555826111509462,0.09090909090909091,0.358974358974359,33,0.2590707151905819,0.010067114093959733,True,0.12,train,sort
MVI_20032,411,42001,313.1018769840166,40.74292590292319,307.0737720532111,34.262112737015265,319.12998191482217,47.22373906883112,0.3338,False,0.0039119378645558,0.0015448642060652937,0.00034631597554349606,0.09090909090909091,0.358974358974359,33,0.2568785621203559,0.011185682326621926,True,0.14,train,sort
MVI_20032,412,42001,313.06344302976186,40.846338895913306,307.04308680131555,34.43980000688622,319.0837992582082,47.25287778494038,0.4492,False,0.0025040578630745,0.000981716404207884,0.00018650744021489265,0.09090909090909091,0.358974358974359,33,0.2546993962728679,0.012304250559284118,True,0.16,train,sort
MVI_20032,413,42001,312.9906309128031,40.52404909995957,306.8826403142121,33.92493317540785,319.0986215113942,47.12316502451129,0.2816,False,0.0074994613552561,0.002979862903237037,0.00024906971198862315,0.09090909090909091,0.358974358974359,33,0.25313470937564314,0.01342281879194631,True,0.18,train,sort
MVI_20032,414,42001,313.0067960395676,40.83486568464831,307.03225912028387,34.303595207013345,318.9813329588513,47.36613616228327,0.3233,False,0.0070642255747612,0.0028057698890472417,0.00037623659741857854,0.09090909090909091,0.358974358974359,33,0.2513046126679753,0.014541387024608502,True,0.2,train,sort
MVI_20032,415,42001,312.93065467727934,41.35751913983525,306.97297837506403,35.12632371246471,318.8883309794947,47.58871456720579,0.3794,False,0.0119880349010761,0.0047752789352457515,0.0005825678495326714,0.09090909090909091,0.358974358974359,33,0.2488837879573459,0.015659955257270698,True,0.22,train,sort
MVI_20032,416,42001,312.882466175621,40.9831209445837,306.94511411334145,34.39191668816185,318.81981823790056,47.57432520100556,0.4229,False,0.0085679191242739,0.0034072428243715307,0.0006709489625761078,0.09090909090909091,0.358974358974359,33,0.24709418866652927,0.016778523489932886,True,0.24,train,sort
MVI_20032,417,42001,312.83104184166336,41.30670260050986,306.91614331438905,34.82283020082453,318.7459403689377,47.79057500019519,0.3131,False,0.0074365914392847,0.002954715124346093,0.000764579667527864,0.09090909090909091,0.358974358974359,33,0.24493369757707084,0.01789709172259508,True,0.26,train,sort
MVI_20032,418,42001,312.7194036987654,41.54694475390643,306.6908230738046,34.893733381171415,318.74798432372614,48.20015612664144,0.3203,False,0.0060128245533478,0.0023852126160860206,0.0007363599200858513,0.09090909090909091,0.358974358974359,33,0.24314707464940294,0.019015659955257273,True,0.28,train,sort
MVI_20032,419,42001,312.4995295861994,42.08528026899555,306.2606004332594,35.38887171937875,318.73845873913933,48.781688818612345,0.4198,False,0.013198614507635,0.005259507167545261,0.0008528045729927117,0.09090909090909091,0.358974358974359,33,0.24020455432237675,0.020134228187919465,True,0.3,train,sort
MVI_20032,420,42001,312.32350931048416,42.53863688863824,305.9166489630839,35.71143810549525,318.73036965788435,49.36583567178124,0.4023,False,0.0110383328308937,0.0043954009394790924,0.0008347770678675177,0.13636363636363638,0.48717948717948717,33,0.2390261386997602,0.021252796420581657,True,0.32,train,sort
MVI_20032,421,42001,312.3285248497435,42.83853693931468,305.8741326100053,35.902187125422685,318.78291708948166,49.77488675320667,0.4477,False,0.0068078671640699,0.0027032272893110837,0.000801367278914345,0.13636363636363638,0.48717948717948717,33,0.2374802812962729,0.022371364653243853,True,0.34,train,sort
MVI_20032,422,42001,312.3018159486596,42.43777452319014,305.9137324180992,35.15436504219866,318.68989947922,49.72118400418163,0.3049,False,0.009116395049561,0.003626631558760928,0.0008332537716833441,0.13636363636363638,0.48717948717948717,33,0.23618468053763264,0.02348993288590604,True,0.36,train,sort
MVI_20032,423,42001,312.0840938212125,42.58210917611586,305.5205845975412,35.35071135108868,318.64760304488385,49.81350700114304,0.3711,False,0.0059289628924879,0.002351668201843568,0.0008316618866402083,0.13636363636363638,0.48717948717948717,33,0.23484858181365487,0.024608501118568236,True,0.38,train,sort
MVI_20032,424,42001,311.99715543720043,42.74257651840383,305.3289856953996,35.5279960972887,318.6653251790013,49.95715693951896,0.3651,False,0.0041423654941287,0.0016370345706877621,0.0006597536844451116,0.13636363636363638,0.48717948717948717,33,0.2330205738853126,0.02572706935123043,True,0.4,train,sort
MVI_20032,425,42001,311.94992678524216,43.0261677721641,305.2863202968784,35.87395355903861,318.6135332736059,50.17838198528958,0.4543,False,0.0065254005770355,0.0025902414969003243,0.0005740879668580623,0.13636363636363638,0.48717948717948717,33,0.23120844728742312,0.02684563758389262,True,0.42,train,sort
MVI_20032,426,42001,311.8672250692372,43.3411700618292,305.1500214701316,36.26380494006641,318.5844286683428,50.418535183592006,0.4591,False,0.0073919996341406,0.002936878535275043,0.0005851761295867889,0.13636363636363638,0.48717948717948717,33,0.2295083535155123,0.027964205816554812,True,0.44,train,sort
MVI_20032,427,42001,311.7823201615629,43.57128342209551,305.0890732171424,36.49318078235634,318.47556710598343,50.64938606183466,0.428,False,0.0055671296827747,0.002206935997057215,0.0005178030011085875,0.13636363636363638,0.48717948717948717,33,0.22754189477910036,0.029082774049217004,True,0.46,train,sort
MVI_20032,428,42001,311.7095471191432,43.91134496494766,305.05015566256805,36.71978195665856,318.36893857571823,51.10290797323675,0.5128,False,0.0078932304668139,0.003137369373518461,0.0005550892668493924,0.13636363636363638,0.48717948717948717,33,0.22614554298882472,0.0302013422818792,True,0.48,train,sort
MVI_20032,429,42001,311.75360602960484,44.71755866874899,305.3524281071512,38.05509659978748,318.1547839520585,51.38002073771051,0.3872,False,0.0183261625524845,0.007310511093545511,0.0008243299921171705,0.09090909090909091,0.358974358974359,33,0.22423219971254077,0.031319910514541395,True,0.5,train,sort
MVI_20032,430,42001,311.5690471844005,44.40806123664045,305.0391750482865,37.32175378336621,318.09891932051454,51.49436868991468,0.5042,False,0.0081789176359004,0.003251643389145282,0.000855717506358935,0.09090909090909091,0.358974358974359,33,0.2231839508220846,0.03243847874720358,True,0.52,train,sort
MVI_20032,431,42001,311.4572569014944,44.57670678088991,304.9424486504874,37.54585268796093,317.9720651525013,51.60756087381889,0.421,False,0.004592394320351,0.0018170447590510625,0.0008025746305798296,0.09090909090909091,0.358974358974359,33,0.22144456344403524,0.03355704697986577,True,0.54,train,sort
MVI_20032,432,42001,311.3303600022047,44.74317772729029,304.84344040862595,37.67786993110566,317.8172795957835,51.80848552347492,0.4134,False,0.0047510236635328,0.0018804960232418656,0.0007870830823285349,0.09090909090909091,0.358974358974359,33,0.2200824025674865,0.03467561521252797,True,0.56,train,sort
MVI_20032,433,42001,311.2614657050982,44.59440226341962,304.6978734927784,37.4353202534775,317.825057917418,51.75348427336174,0.4412,False,0.0037212854656256,0.0014686038150778364,0.0007078900782777965,0.09090909090909091,0.358974358974359,33,0.21858388632339115,0.03579418344519016,True,0.58,train,sort
MVI_20032,434,42001,311.0821429803266,44.385947769912775,304.4759423756327,36.94014931350201,317.6883435850205,51.83174622632354,0.4616,False,0.0062411293578675,0.0024765338570181413,0.0004784886641982709,0.09090909090909091,0.358974358974359,33,0.21778323493058177,0.03691275167785235,True,0.6,train,sort
MVI_20032,435,42001,311.1260838176136,44.91558093468001,304.68888175637136,37.78709661533169,317.56328587885577,52.044065254028325,0.5575,False,0.0120625329685362,0.004805077940053441,0.0005522085154142702,0.09090909090909091,0.358974358974359,33,0.21628019156422734,0.03803131991051455,True,0.62,train,sort
MVI_20032,436,42001,310.88803372918653,44.46518143407052,304.30924429623326,36.7928495294054,317.46682316213975,52.13751333873565,0.4854,False,0.0115628673997597,0.004605213202700625,0.0006845239468631371,0.09090909090909091,0.358974358974359,33,0.21500622302125422,0.039149888143176735,True,0.64,train,sort
